Date,Date_ISO,Weekday,Year,Month,Month_Name,Day,URL,Notes,Display
02/01/2011,2011-01-02,יום ראשון,2011,1,ינואר,2,https://a99.mediacast.co.il/99fm/mediafiles/full_02_01_11.mp3,,יום ראשון | 02/01/2011
03/01/2011,2011-01-03,יום שני,2011,1,ינואר,3,https://a99.mediacast.co.il/99fm/mediafiles/full_03_01_11.mp3,,יום שני | 03/01/2011
04/01/2011,2011-01-04,יום שלישי,2011,1,ינואר,4,https://a99.mediacast.co.il/99fm/mediafiles/full_04_01_11.mp3,,יום שלישי | 04/01/2011
05/01/2011,2011-01-05,יום רביעי,2011,1,ינואר,5,https://a99.mediacast.co.il/99fm/mediafiles/full_05_01_11.mp3,,יום רביעי | 05/01/2011
06/01/2011,2011-01-06,יום חמישי,2011,1,ינואר,6,https://a99.mediacast.co.il/99fm/mediafiles/full_06_01_11.mp3,,יום חמישי | 06/01/2011
09/01/2011,2011-01-09,יום ראשון,2011,1,ינואר,9,https://a99.mediacast.co.il/99fm/mediafiles/full_09_01_11.mp3,,יום ראשון | 09/01/2011
10/01/2011,2011-01-10,יום שני,2011,1,ינואר,10,https://a99.mediacast.co.il/99fm/mediafiles/full_10_01_11.mp3,,יום שני | 10/01/2011
11/01/2011,2011-01-11,יום שלישי,2011,1,ינואר,11,https://a99.mediacast.co.il/99fm/mediafiles/full_11_01_11.mp3,,יום שלישי | 11/01/2011
12/01/2011,2011-01-12,יום רביעי,2011,1,ינואר,12,https://a99.mediacast.co.il/99fm/mediafiles/full_12_01_11.mp3,,יום רביעי | 12/01/2011
13/01/2011,2011-01-13,יום חמישי,2011,1,ינואר,13,https://a99.mediacast.co.il/99fm/mediafiles/full_13_01_11.mp3,,יום חמישי | 13/01/2011
16/01/2011,2011-01-16,יום ראשון,2011,1,ינואר,16,https://a99.mediacast.co.il/99fm/mediafiles/full_16_01_11.mp3,,יום ראשון | 16/01/2011
17/01/2011,2011-01-17,יום שני,2011,1,ינואר,17,https://a99.mediacast.co.il/99fm/mediafiles/full_17_01_11.mp3,,יום שני | 17/01/2011
18/01/2011,2011-01-18,יום שלישי,2011,1,ינואר,18,https://a99.mediacast.co.il/99fm/mediafiles/full_18_01_11.mp3,,יום שלישי | 18/01/2011
19/01/2011,2011-01-19,יום רביעי,2011,1,ינואר,19,https://a99.mediacast.co.il/99fm/mediafiles/full_19_01_11.mp3,,יום רביעי | 19/01/2011
20/01/2011,2011-01-20,יום חמישי,2011,1,ינואר,20,https://a99.mediacast.co.il/99fm/mediafiles/full_20_01_11.mp3,,יום חמישי | 20/01/2011
23/01/2011,2011-01-23,יום ראשון,2011,1,ינואר,23,https://a99.mediacast.co.il/99fm/mediafiles/full_23_01_11.mp3,,יום ראשון | 23/01/2011
24/01/2011,2011-01-24,יום שני,2011,1,ינואר,24,https://a99.mediacast.co.il/99fm/mediafiles/full_24_01_11.mp3,,יום שני | 24/01/2011
25/01/2011,2011-01-25,יום שלישי,2011,1,ינואר,25,https://a99.mediacast.co.il/99fm/mediafiles/full_25_01_11.mp3,,יום שלישי | 25/01/2011
26/01/2011,2011-01-26,יום רביעי,2011,1,ינואר,26,https://a99.mediacast.co.il/99fm/mediafiles/full_26_01_11.mp3,,יום רביעי | 26/01/2011
27/01/2011,2011-01-27,יום חמישי,2011,1,ינואר,27,https://a99.mediacast.co.il/99fm/mediafiles/full_27_01_11.mp3,,יום חמישי | 27/01/2011
30/01/2011,2011-01-30,יום ראשון,2011,1,ינואר,30,https://a99.mediacast.co.il/99fm/mediafiles/full_30_01_11.mp3,,יום ראשון | 30/01/2011
31/01/2011,2011-01-31,יום שני,2011,1,ינואר,31,https://a99.mediacast.co.il/99fm/mediafiles/full_31_01_11.mp3,,יום שני | 31/01/2011
01/02/2011,2011-02-01,יום שלישי,2011,2,פברואר,1,https://a99.mediacast.co.il/99fm/mediafiles/full_01_02_11.mp3,,יום שלישי | 01/02/2011
02/02/2011,2011-02-02,יום רביעי,2011,2,פברואר,2,https://a99.mediacast.co.il/99fm/mediafiles/full_02_02_11.mp3,,יום רביעי | 02/02/2011
03/02/2011,2011-02-03,יום חמישי,2011,2,פברואר,3,https://a99.mediacast.co.il/99fm/mediafiles/full_03_02_11.mp3,,יום חמישי | 03/02/2011
06/02/2011,2011-02-06,יום ראשון,2011,2,פברואר,6,https://a99.mediacast.co.il/99fm/mediafiles/full_06_02_11.mp3,,יום ראשון | 06/02/2011
07/02/2011,2011-02-07,יום שני,2011,2,פברואר,7,https://a99.mediacast.co.il/99fm/mediafiles/full_07_02_11.mp3,,יום שני | 07/02/2011
08/02/2011,2011-02-08,יום שלישי,2011,2,פברואר,8,https://a99.mediacast.co.il/99fm/mediafiles/full_08_02_11.mp3,,יום שלישי | 08/02/2011
09/02/2011,2011-02-09,יום רביעי,2011,2,פברואר,9,https://a99.mediacast.co.il/99fm/mediafiles/full_09_02_11.mp3,,יום רביעי | 09/02/2011
10/02/2011,2011-02-10,יום חמישי,2011,2,פברואר,10,https://a99.mediacast.co.il/99fm/mediafiles/full_10_02_11.mp3,,יום חמישי | 10/02/2011
13/02/2011,2011-02-13,יום ראשון,2011,2,פברואר,13,https://a99.mediacast.co.il/99fm/mediafiles/full_13_02_11.mp3,,יום ראשון | 13/02/2011
14/02/2011,2011-02-14,יום שני,2011,2,פברואר,14,https://a99.mediacast.co.il/99fm/mediafiles/full_14_02_11.mp3,,יום שני | 14/02/2011
15/02/2011,2011-02-15,יום שלישי,2011,2,פברואר,15,https://a99.mediacast.co.il/99fm/mediafiles/full_15_02_11.mp3,,יום שלישי | 15/02/2011
16/02/2011,2011-02-16,יום רביעי,2011,2,פברואר,16,https://a99.mediacast.co.il/99fm/mediafiles/full_16_02_11.mp3,,יום רביעי | 16/02/2011
17/02/2011,2011-02-17,יום חמישי,2011,2,פברואר,17,https://a99.mediacast.co.il/99fm/mediafiles/full_17_02_11.mp3,,יום חמישי | 17/02/2011
20/02/2011,2011-02-20,יום ראשון,2011,2,פברואר,20,https://a99.mediacast.co.il/99fm/mediafiles/full_20_02_11.mp3,,יום ראשון | 20/02/2011
21/02/2011,2011-02-21,יום שני,2011,2,פברואר,21,https://a99.mediacast.co.il/99fm/mediafiles/full_21_02_11.mp3,,יום שני | 21/02/2011
22/02/2011,2011-02-22,יום שלישי,2011,2,פברואר,22,https://a99.mediacast.co.il/99fm/mediafiles/full_22_02_11.mp3,,יום שלישי | 22/02/2011
23/02/2011,2011-02-23,יום רביעי,2011,2,פברואר,23,https://a99.mediacast.co.il/99fm/mediafiles/full_23_02_11.mp3,,יום רביעי | 23/02/2011
24/02/2011,2011-02-24,יום חמישי,2011,2,פברואר,24,https://a99.mediacast.co.il/99fm/mediafiles/full_24_02_11.mp3,,יום חמישי | 24/02/2011
27/02/2011,2011-02-27,יום ראשון,2011,2,פברואר,27,https://a99.mediacast.co.il/99fm/mediafiles/full_27_02_11.mp3,,יום ראשון | 27/02/2011
28/02/2011,2011-02-28,יום שני,2011,2,פברואר,28,https://a99.mediacast.co.il/99fm/mediafiles/full_28_02_11.mp3,,יום שני | 28/02/2011
01/03/2011,2011-03-01,יום שלישי,2011,3,מרץ,1,https://a99.mediacast.co.il/99fm/mediafiles/full_01_03_11.mp3,,יום שלישי | 01/03/2011
02/03/2011,2011-03-02,יום רביעי,2011,3,מרץ,2,https://a99.mediacast.co.il/99fm/mediafiles/full_02_03_11.mp3,,יום רביעי | 02/03/2011
03/03/2011,2011-03-03,יום חמישי,2011,3,מרץ,3,https://a99.mediacast.co.il/99fm/mediafiles/full_03_03_11.mp3,,יום חמישי | 03/03/2011
06/03/2011,2011-03-06,יום ראשון,2011,3,מרץ,6,https://a99.mediacast.co.il/99fm/mediafiles/full_06_03_11.mp3,,יום ראשון | 06/03/2011
07/03/2011,2011-03-07,יום שני,2011,3,מרץ,7,https://a99.mediacast.co.il/99fm/mediafiles/full_07_03_11.mp3,,יום שני | 07/03/2011
08/03/2011,2011-03-08,יום שלישי,2011,3,מרץ,8,https://a99.mediacast.co.il/99fm/mediafiles/full_08_03_11.mp3,,יום שלישי | 08/03/2011
09/03/2011,2011-03-09,יום רביעי,2011,3,מרץ,9,https://a99.mediacast.co.il/99fm/mediafiles/full_09_03_11.mp3,,יום רביעי | 09/03/2011
10/03/2011,2011-03-10,יום חמישי,2011,3,מרץ,10,https://a99.mediacast.co.il/99fm/mediafiles/full_10_03_11.mp3,,יום חמישי | 10/03/2011
13/03/2011,2011-03-13,יום ראשון,2011,3,מרץ,13,https://a99.mediacast.co.il/99fm/mediafiles/full_13_03_11.mp3,,יום ראשון | 13/03/2011
14/03/2011,2011-03-14,יום שני,2011,3,מרץ,14,https://a99.mediacast.co.il/99fm/mediafiles/full_14_03_11.mp3,,יום שני | 14/03/2011
15/03/2011,2011-03-15,יום שלישי,2011,3,מרץ,15,https://a99.mediacast.co.il/99fm/mediafiles/full_15_03_11.mp3,,יום שלישי | 15/03/2011
16/03/2011,2011-03-16,יום רביעי,2011,3,מרץ,16,https://a99.mediacast.co.il/99fm/mediafiles/full_16_03_11.mp3,,יום רביעי | 16/03/2011
17/03/2011,2011-03-17,יום חמישי,2011,3,מרץ,17,https://a99.mediacast.co.il/99fm/mediafiles/full_17_03_11.mp3,,יום חמישי | 17/03/2011
20/03/2011,2011-03-20,יום ראשון,2011,3,מרץ,20,https://a99.mediacast.co.il/99fm/mediafiles/full_20_03_11.mp3,,יום ראשון | 20/03/2011
21/03/2011,2011-03-21,יום שני,2011,3,מרץ,21,https://a99.mediacast.co.il/99fm/mediafiles/full_21_03_11.mp3,,יום שני | 21/03/2011
22/03/2011,2011-03-22,יום שלישי,2011,3,מרץ,22,https://a99.mediacast.co.il/99fm/mediafiles/full_22_03_11.mp3,,יום שלישי | 22/03/2011
23/03/2011,2011-03-23,יום רביעי,2011,3,מרץ,23,https://a99.mediacast.co.il/99fm/mediafiles/full_23_03_11.mp3,,יום רביעי | 23/03/2011
24/03/2011,2011-03-24,יום חמישי,2011,3,מרץ,24,https://a99.mediacast.co.il/99fm/mediafiles/full_24_03_11.mp3,,יום חמישי | 24/03/2011
27/03/2011,2011-03-27,יום ראשון,2011,3,מרץ,27,https://a99.mediacast.co.il/99fm/mediafiles/full_27_03_11.mp3,,יום ראשון | 27/03/2011
28/03/2011,2011-03-28,יום שני,2011,3,מרץ,28,https://a99.mediacast.co.il/99fm/mediafiles/full_28_03_11.mp3,,יום שני | 28/03/2011
29/03/2011,2011-03-29,יום שלישי,2011,3,מרץ,29,https://a99.mediacast.co.il/99fm/mediafiles/full_29_03_11.mp3,,יום שלישי | 29/03/2011
30/03/2011,2011-03-30,יום רביעי,2011,3,מרץ,30,https://a99.mediacast.co.il/99fm/mediafiles/full_30_03_11.mp3,,יום רביעי | 30/03/2011
31/03/2011,2011-03-31,יום חמישי,2011,3,מרץ,31,https://a99.mediacast.co.il/99fm/mediafiles/full_31_03_11.mp3,,יום חמישי | 31/03/2011
03/04/2011,2011-04-03,יום ראשון,2011,4,אפריל,3,https://a99.mediacast.co.il/99fm/mediafiles/full_03_04_11.mp3,,יום ראשון | 03/04/2011
04/04/2011,2011-04-04,יום שני,2011,4,אפריל,4,https://a99.mediacast.co.il/99fm/mediafiles/full_04_04_11.mp3,,יום שני | 04/04/2011
05/04/2011,2011-04-05,יום שלישי,2011,4,אפריל,5,https://a99.mediacast.co.il/99fm/mediafiles/full_05_04_11.mp3,,יום שלישי | 05/04/2011
06/04/2011,2011-04-06,יום רביעי,2011,4,אפריל,6,https://a99.mediacast.co.il/99fm/mediafiles/full_06_04_11.mp3,,יום רביעי | 06/04/2011
07/04/2011,2011-04-07,יום חמישי,2011,4,אפריל,7,https://a99.mediacast.co.il/99fm/mediafiles/full_07_04_11.mp3,,יום חמישי | 07/04/2011
10/04/2011,2011-04-10,יום ראשון,2011,4,אפריל,10,https://a99.mediacast.co.il/99fm/mediafiles/full_10_04_11.mp3,,יום ראשון | 10/04/2011
11/04/2011,2011-04-11,יום שני,2011,4,אפריל,11,https://a99.mediacast.co.il/99fm/mediafiles/full_11_04_11.mp3,,יום שני | 11/04/2011
12/04/2011,2011-04-12,יום שלישי,2011,4,אפריל,12,https://a99.mediacast.co.il/99fm/mediafiles/full_12_04_11.mp3,,יום שלישי | 12/04/2011
13/04/2011,2011-04-13,יום רביעי,2011,4,אפריל,13,https://a99.mediacast.co.il/99fm/mediafiles/full_13_04_11.mp3,,יום רביעי | 13/04/2011
14/04/2011,2011-04-14,יום חמישי,2011,4,אפריל,14,https://a99.mediacast.co.il/99fm/mediafiles/full_14_04_11.mp3,,יום חמישי | 14/04/2011
26/04/2011,2011-04-26,יום שלישי,2011,4,אפריל,26,https://a99.mediacast.co.il/99fm/mediafiles/full_26_04_11.mp3,,יום שלישי | 26/04/2011
27/04/2011,2011-04-27,יום רביעי,2011,4,אפריל,27,https://a99.mediacast.co.il/99fm/mediafiles/full_27_04_11.mp3,,יום רביעי | 27/04/2011
28/04/2011,2011-04-28,יום חמישי,2011,4,אפריל,28,https://a99.mediacast.co.il/99fm/mediafiles/full_28_04_11.mp3,,יום חמישי | 28/04/2011
01/05/2011,2011-05-01,יום ראשון,2011,5,מאי,1,https://a99.mediacast.co.il/99fm/mediafiles/full_01_05_11.mp3,,יום ראשון | 01/05/2011
03/05/2011,2011-05-03,יום שלישי,2011,5,מאי,3,https://a99.mediacast.co.il/99fm/mediafiles/full_03_05_11.mp3,,יום שלישי | 03/05/2011
04/05/2011,2011-05-04,יום רביעי,2011,5,מאי,4,https://a99.mediacast.co.il/99fm/mediafiles/full_04_05_11.mp3,,יום רביעי | 04/05/2011
05/05/2011,2011-05-05,יום חמישי,2011,5,מאי,5,https://a99.mediacast.co.il/99fm/mediafiles/full_05_05_11.mp3,,יום חמישי | 05/05/2011
08/05/2011,2011-05-08,יום ראשון,2011,5,מאי,8,https://a99.mediacast.co.il/99fm/mediafiles/full_08_05_11.mp3,,יום ראשון | 08/05/2011
11/05/2011,2011-05-11,יום רביעי,2011,5,מאי,11,https://a99.mediacast.co.il/99fm/mediafiles/full_11_05_11.mp3,,יום רביעי | 11/05/2011
12/05/2011,2011-05-12,יום חמישי,2011,5,מאי,12,https://a99.mediacast.co.il/99fm/mediafiles/full_12_05_11.mp3,,יום חמישי | 12/05/2011
15/05/2011,2011-05-15,יום ראשון,2011,5,מאי,15,https://a99.mediacast.co.il/99fm/mediafiles/full_15_05_11.mp3,,יום ראשון | 15/05/2011
16/05/2011,2011-05-16,יום שני,2011,5,מאי,16,https://a99.mediacast.co.il/99fm/mediafiles/full_16_05_11.mp3,,יום שני | 16/05/2011
17/05/2011,2011-05-17,יום שלישי,2011,5,מאי,17,https://a99.mediacast.co.il/99fm/mediafiles/full_17_05_11.mp3,,יום שלישי | 17/05/2011
18/05/2011,2011-05-18,יום רביעי,2011,5,מאי,18,https://a99.mediacast.co.il/99fm/mediafiles/full_18_05_11.mp3,,יום רביעי | 18/05/2011
19/05/2011,2011-05-19,יום חמישי,2011,5,מאי,19,https://a99.mediacast.co.il/99fm/mediafiles/full_19_05_11.mp3,,יום חמישי | 19/05/2011
22/05/2011,2011-05-22,יום ראשון,2011,5,מאי,22,https://a99.mediacast.co.il/99fm/mediafiles/full_22_05_11.mp3,,יום ראשון | 22/05/2011
23/05/2011,2011-05-23,יום שני,2011,5,מאי,23,https://a99.mediacast.co.il/99fm/mediafiles/full_23_05_11.mp3,,יום שני | 23/05/2011
24/05/2011,2011-05-24,יום שלישי,2011,5,מאי,24,https://a99.mediacast.co.il/99fm/mediafiles/full_24_05_11.mp3,,יום שלישי | 24/05/2011
25/05/2011,2011-05-25,יום רביעי,2011,5,מאי,25,https://a99.mediacast.co.il/99fm/mediafiles/full_25_05_11.mp3,,יום רביעי | 25/05/2011
26/05/2011,2011-05-26,יום חמישי,2011,5,מאי,26,https://a99.mediacast.co.il/99fm/mediafiles/full_26_05_11.mp3,,יום חמישי | 26/05/2011
29/05/2011,2011-05-29,יום ראשון,2011,5,מאי,29,https://a99.mediacast.co.il/99fm/mediafiles/full_29_05_11.mp3,,יום ראשון | 29/05/2011
30/05/2011,2011-05-30,יום שני,2011,5,מאי,30,https://a99.mediacast.co.il/99fm/mediafiles/full_30_05_11.mp3,,יום שני | 30/05/2011
31/05/2011,2011-05-31,יום שלישי,2011,5,מאי,31,https://a99.mediacast.co.il/99fm/mediafiles/full_31_05_11.mp3,,יום שלישי | 31/05/2011
01/06/2011,2011-06-01,יום רביעי,2011,6,יוני,1,https://a99.mediacast.co.il/99fm/mediafiles/full_01_06_11.mp3,,יום רביעי | 01/06/2011
02/06/2011,2011-06-02,יום חמישי,2011,6,יוני,2,https://a99.mediacast.co.il/99fm/mediafiles/full_02_06_11.mp3,,יום חמישי | 02/06/2011
05/06/2011,2011-06-05,יום ראשון,2011,6,יוני,5,https://a99.mediacast.co.il/99fm/mediafiles/full_05_06_11.mp3,,יום ראשון | 05/06/2011
06/06/2011,2011-06-06,יום שני,2011,6,יוני,6,https://a99.mediacast.co.il/99fm/mediafiles/full_06_06_11.mp3,,יום שני | 06/06/2011
09/06/2011,2011-06-09,יום חמישי,2011,6,יוני,9,https://a99.mediacast.co.il/99fm/mediafiles/full_09_06_11.mp3,,יום חמישי | 09/06/2011
12/06/2011,2011-06-12,יום ראשון,2011,6,יוני,12,https://a99.mediacast.co.il/99fm/mediafiles/full_12_06_11.mp3,,יום ראשון | 12/06/2011
13/06/2011,2011-06-13,יום שני,2011,6,יוני,13,https://a99.mediacast.co.il/99fm/mediafiles/full_13_06_11.mp3,,יום שני | 13/06/2011
14/06/2011,2011-06-14,יום שלישי,2011,6,יוני,14,https://a99.mediacast.co.il/99fm/mediafiles/full_14_06_11.mp3,,יום שלישי | 14/06/2011
15/06/2011,2011-06-15,יום רביעי,2011,6,יוני,15,https://a99.mediacast.co.il/99fm/mediafiles/full_15_06_11.mp3,,יום רביעי | 15/06/2011
16/06/2011,2011-06-16,יום חמישי,2011,6,יוני,16,https://a99.mediacast.co.il/99fm/mediafiles/full_16_06_11.mp3,,יום חמישי | 16/06/2011
19/06/2011,2011-06-19,יום ראשון,2011,6,יוני,19,https://a99.mediacast.co.il/99fm/mediafiles/full_19_06_11.mp3,,יום ראשון | 19/06/2011
20/06/2011,2011-06-20,יום שני,2011,6,יוני,20,https://a99.mediacast.co.il/99fm/mediafiles/full_20_06_11.mp3,,יום שני | 20/06/2011
21/06/2011,2011-06-21,יום שלישי,2011,6,יוני,21,https://a99.mediacast.co.il/99fm/mediafiles/full_21_06_11.mp3,,יום שלישי | 21/06/2011
22/06/2011,2011-06-22,יום רביעי,2011,6,יוני,22,https://a99.mediacast.co.il/99fm/mediafiles/full_22_06_11.mp3,,יום רביעי | 22/06/2011
23/06/2011,2011-06-23,יום חמישי,2011,6,יוני,23,https://a99.mediacast.co.il/99fm/mediafiles/full_23_06_11.mp3,,יום חמישי | 23/06/2011
26/06/2011,2011-06-26,יום ראשון,2011,6,יוני,26,https://a99.mediacast.co.il/99fm/mediafiles/full_26_06_11.mp3,,יום ראשון | 26/06/2011
27/06/2011,2011-06-27,יום שני,2011,6,יוני,27,https://a99.mediacast.co.il/99fm/mediafiles/full_27_06_11.mp3,,יום שני | 27/06/2011
28/06/2011,2011-06-28,יום שלישי,2011,6,יוני,28,https://a99.mediacast.co.il/99fm/mediafiles/full_28_06_11.mp3,,יום שלישי | 28/06/2011
29/06/2011,2011-06-29,יום רביעי,2011,6,יוני,29,https://a99.mediacast.co.il/99fm/mediafiles/full_29_06_11.mp3,,יום רביעי | 29/06/2011
30/06/2011,2011-06-30,יום חמישי,2011,6,יוני,30,https://a99.mediacast.co.il/99fm/mediafiles/full_30_06_11.mp3,,יום חמישי | 30/06/2011
03/07/2011,2011-07-03,יום ראשון,2011,7,יולי,3,https://a99.mediacast.co.il/99fm/mediafiles/full_03_07_11.mp3,,יום ראשון | 03/07/2011
04/07/2011,2011-07-04,יום שני,2011,7,יולי,4,https://a99.mediacast.co.il/99fm/mediafiles/full_04_07_11.mp3,,יום שני | 04/07/2011
05/07/2011,2011-07-05,יום שלישי,2011,7,יולי,5,https://a99.mediacast.co.il/99fm/mediafiles/full_05_07_11.mp3,,יום שלישי | 05/07/2011
06/07/2011,2011-07-06,יום רביעי,2011,7,יולי,6,https://a99.mediacast.co.il/99fm/mediafiles/full_06_07_11.mp3,,יום רביעי | 06/07/2011
07/07/2011,2011-07-07,יום חמישי,2011,7,יולי,7,https://a99.mediacast.co.il/99fm/mediafiles/full_07_07_11.mp3,,יום חמישי | 07/07/2011
10/07/2011,2011-07-10,יום ראשון,2011,7,יולי,10,https://a99.mediacast.co.il/99fm/mediafiles/full_10_07_11.mp3,,יום ראשון | 10/07/2011
11/07/2011,2011-07-11,יום שני,2011,7,יולי,11,https://a99.mediacast.co.il/99fm/mediafiles/full_11_07_11.mp3,,יום שני | 11/07/2011
12/07/2011,2011-07-12,יום שלישי,2011,7,יולי,12,https://a99.mediacast.co.il/99fm/mediafiles/full_12_07_11.mp3,,יום שלישי | 12/07/2011
13/07/2011,2011-07-13,יום רביעי,2011,7,יולי,13,https://a99.mediacast.co.il/99fm/mediafiles/full_13_07_11.mp3,,יום רביעי | 13/07/2011
14/07/2011,2011-07-14,יום חמישי,2011,7,יולי,14,https://a99.mediacast.co.il/99fm/mediafiles/full_14_07_11.mp3,,יום חמישי | 14/07/2011
17/07/2011,2011-07-17,יום ראשון,2011,7,יולי,17,https://a99.mediacast.co.il/99fm/mediafiles/full_17_07_11.mp3,,יום ראשון | 17/07/2011
18/07/2011,2011-07-18,יום שני,2011,7,יולי,18,https://a99.mediacast.co.il/99fm/mediafiles/full_18_07_11.mp3,,יום שני | 18/07/2011
19/07/2011,2011-07-19,יום שלישי,2011,7,יולי,19,https://a99.mediacast.co.il/99fm/mediafiles/full_19_07_11.mp3,,יום שלישי | 19/07/2011
20/07/2011,2011-07-20,יום רביעי,2011,7,יולי,20,https://a99.mediacast.co.il/99fm/mediafiles/full_20_07_11.mp3,,יום רביעי | 20/07/2011
21/07/2011,2011-07-21,יום חמישי,2011,7,יולי,21,https://a99.mediacast.co.il/99fm/mediafiles/full_21_07_11.mp3,,יום חמישי | 21/07/2011
24/07/2011,2011-07-24,יום ראשון,2011,7,יולי,24,https://a99.mediacast.co.il/99fm/mediafiles/full_24_07_11.mp3,,יום ראשון | 24/07/2011
25/07/2011,2011-07-25,יום שני,2011,7,יולי,25,https://a99.mediacast.co.il/99fm/mediafiles/full_25_07_11.mp3,,יום שני | 25/07/2011
26/07/2011,2011-07-26,יום שלישי,2011,7,יולי,26,https://a99.mediacast.co.il/99fm/mediafiles/full_26_07_11.mp3,,יום שלישי | 26/07/2011
27/07/2011,2011-07-27,יום רביעי,2011,7,יולי,27,https://a99.mediacast.co.il/99fm/mediafiles/full_27_07_11.mp3,,יום רביעי | 27/07/2011
28/07/2011,2011-07-28,יום חמישי,2011,7,יולי,28,https://a99.mediacast.co.il/99fm/mediafiles/full_28_07_11.mp3,,יום חמישי | 28/07/2011
31/07/2011,2011-07-31,יום ראשון,2011,7,יולי,31,https://a99.mediacast.co.il/99fm/mediafiles/full_31_07_11.mp3,,יום ראשון | 31/07/2011
01/08/2011,2011-08-01,יום שני,2011,8,אוגוסט,1,https://a99.mediacast.co.il/99fm/mediafiles/full_01_08_11.mp3,,יום שני | 01/08/2011
02/08/2011,2011-08-02,יום שלישי,2011,8,אוגוסט,2,https://a99.mediacast.co.il/99fm/mediafiles/full_02_08_11.mp3,,יום שלישי | 02/08/2011
03/08/2011,2011-08-03,יום רביעי,2011,8,אוגוסט,3,https://a99.mediacast.co.il/99fm/mediafiles/full_03_08_11.mp3,,יום רביעי | 03/08/2011
04/08/2011,2011-08-04,יום חמישי,2011,8,אוגוסט,4,https://a99.mediacast.co.il/99fm/mediafiles/full_04_08_11.mp3,,יום חמישי | 04/08/2011
07/08/2011,2011-08-07,יום ראשון,2011,8,אוגוסט,7,https://a99.mediacast.co.il/99fm/mediafiles/full_07_08_11.mp3,,יום ראשון | 07/08/2011
08/08/2011,2011-08-08,יום שני,2011,8,אוגוסט,8,https://a99.mediacast.co.il/99fm/mediafiles/full_08_08_11.mp3,,יום שני | 08/08/2011
10/08/2011,2011-08-10,יום רביעי,2011,8,אוגוסט,10,https://a99.mediacast.co.il/99fm/mediafiles/full_10_08_11.mp3,,יום רביעי | 10/08/2011
11/08/2011,2011-08-11,יום חמישי,2011,8,אוגוסט,11,https://a99.mediacast.co.il/99fm/mediafiles/full_11_08_11.mp3,,יום חמישי | 11/08/2011
14/08/2011,2011-08-14,יום ראשון,2011,8,אוגוסט,14,https://a99.mediacast.co.il/99fm/mediafiles/full_14_08_11.mp3,,יום ראשון | 14/08/2011
15/08/2011,2011-08-15,יום שני,2011,8,אוגוסט,15,https://a99.mediacast.co.il/99fm/mediafiles/full_15_08_11.mp3,,יום שני | 15/08/2011
16/08/2011,2011-08-16,יום שלישי,2011,8,אוגוסט,16,https://a99.mediacast.co.il/99fm/mediafiles/full_16_08_11.mp3,,יום שלישי | 16/08/2011
17/08/2011,2011-08-17,יום רביעי,2011,8,אוגוסט,17,https://a99.mediacast.co.il/99fm/mediafiles/full_17_08_11.mp3,,יום רביעי | 17/08/2011
18/08/2011,2011-08-18,יום חמישי,2011,8,אוגוסט,18,https://a99.mediacast.co.il/99fm/mediafiles/full_18_08_11.mp3,,יום חמישי | 18/08/2011
21/08/2011,2011-08-21,יום ראשון,2011,8,אוגוסט,21,https://a99.mediacast.co.il/99fm/mediafiles/full_21_08_11.mp3,,יום ראשון | 21/08/2011
22/08/2011,2011-08-22,יום שני,2011,8,אוגוסט,22,https://a99.mediacast.co.il/99fm/mediafiles/full_22_08_11.mp3,,יום שני | 22/08/2011
23/08/2011,2011-08-23,יום שלישי,2011,8,אוגוסט,23,https://a99.mediacast.co.il/99fm/mediafiles/full_23_08_11.mp3,,יום שלישי | 23/08/2011
24/08/2011,2011-08-24,יום רביעי,2011,8,אוגוסט,24,https://a99.mediacast.co.il/99fm/mediafiles/full_24_08_11.mp3,,יום רביעי | 24/08/2011
25/08/2011,2011-08-25,יום חמישי,2011,8,אוגוסט,25,https://a99.mediacast.co.il/99fm/mediafiles/full_25_08_11.mp3,,יום חמישי | 25/08/2011
28/08/2011,2011-08-28,יום ראשון,2011,8,אוגוסט,28,https://a99.mediacast.co.il/99fm/mediafiles/full_28_08_11.mp3,,יום ראשון | 28/08/2011
29/08/2011,2011-08-29,יום שני,2011,8,אוגוסט,29,https://a99.mediacast.co.il/99fm/mediafiles/full_29_08_11.mp3,,יום שני | 29/08/2011
30/08/2011,2011-08-30,יום שלישי,2011,8,אוגוסט,30,https://a99.mediacast.co.il/99fm/mediafiles/full_30_08_11.mp3,,יום שלישי | 30/08/2011
31/08/2011,2011-08-31,יום רביעי,2011,8,אוגוסט,31,https://a99.mediacast.co.il/99fm/mediafiles/full_31_08_11.mp3,,יום רביעי | 31/08/2011
01/09/2011,2011-09-01,יום חמישי,2011,9,ספטמבר,1,https://a99.mediacast.co.il/99fm/mediafiles/full_01_09_11.mp3,,יום חמישי | 01/09/2011
04/09/2011,2011-09-04,יום ראשון,2011,9,ספטמבר,4,https://a99.mediacast.co.il/99fm/mediafiles/full_04_09_11.mp3,,יום ראשון | 04/09/2011
05/09/2011,2011-09-05,יום שני,2011,9,ספטמבר,5,https://a99.mediacast.co.il/99fm/mediafiles/full_05_09_11.mp3,,יום שני | 05/09/2011
06/09/2011,2011-09-06,יום שלישי,2011,9,ספטמבר,6,https://a99.mediacast.co.il/99fm/mediafiles/full_06_09_11.mp3,,יום שלישי | 06/09/2011
07/09/2011,2011-09-07,יום רביעי,2011,9,ספטמבר,7,https://a99.mediacast.co.il/99fm/mediafiles/full_07_09_11.mp3,,יום רביעי | 07/09/2011
08/09/2011,2011-09-08,יום חמישי,2011,9,ספטמבר,8,https://a99.mediacast.co.il/99fm/mediafiles/full_08_09_11.mp3,,יום חמישי | 08/09/2011
11/09/2011,2011-09-11,יום ראשון,2011,9,ספטמבר,11,https://a99.mediacast.co.il/99fm/mediafiles/full_11_09_11.mp3,,יום ראשון | 11/09/2011
12/09/2011,2011-09-12,יום שני,2011,9,ספטמבר,12,https://a99.mediacast.co.il/99fm/mediafiles/full_12_09_11.mp3,,יום שני | 12/09/2011
13/09/2011,2011-09-13,יום שלישי,2011,9,ספטמבר,13,https://a99.mediacast.co.il/99fm/mediafiles/full_13_09_11.mp3,,יום שלישי | 13/09/2011
14/09/2011,2011-09-14,יום רביעי,2011,9,ספטמבר,14,https://a99.mediacast.co.il/99fm/mediafiles/full_14_09_11.mp3,,יום רביעי | 14/09/2011
15/09/2011,2011-09-15,יום חמישי,2011,9,ספטמבר,15,https://a99.mediacast.co.il/99fm/mediafiles/full_15_09_11.mp3,,יום חמישי | 15/09/2011
18/09/2011,2011-09-18,יום ראשון,2011,9,ספטמבר,18,https://a99.mediacast.co.il/99fm/mediafiles/full_18_09_11.mp3,,יום ראשון | 18/09/2011
19/09/2011,2011-09-19,יום שני,2011,9,ספטמבר,19,https://a99.mediacast.co.il/99fm/mediafiles/full_19_09_11.mp3,,יום שני | 19/09/2011
20/09/2011,2011-09-20,יום שלישי,2011,9,ספטמבר,20,https://a99.mediacast.co.il/99fm/mediafiles/full_20_09_11.mp3,,יום שלישי | 20/09/2011
21/09/2011,2011-09-21,יום רביעי,2011,9,ספטמבר,21,https://a99.mediacast.co.il/99fm/mediafiles/full_21_09_11.mp3,,יום רביעי | 21/09/2011
22/09/2011,2011-09-22,יום חמישי,2011,9,ספטמבר,22,https://a99.mediacast.co.il/99fm/mediafiles/full_22_09_11.mp3,,יום חמישי | 22/09/2011
25/09/2011,2011-09-25,יום ראשון,2011,9,ספטמבר,25,https://a99.mediacast.co.il/99fm/mediafiles/full_25_09_11.mp3,,יום ראשון | 25/09/2011
26/09/2011,2011-09-26,יום שני,2011,9,ספטמבר,26,https://a99.mediacast.co.il/99fm/mediafiles/full_26_09_11.mp3,,יום שני | 26/09/2011
27/09/2011,2011-09-27,יום שלישי,2011,9,ספטמבר,27,https://a99.mediacast.co.il/99fm/mediafiles/full_27_09_11.mp3,,יום שלישי | 27/09/2011
16/10/2011,2011-10-16,יום ראשון,2011,10,אוקטובר,16,https://a99.mediacast.co.il/99fm/mediafiles/full_16_10_11.mp3,,יום ראשון | 16/10/2011
17/10/2011,2011-10-17,יום שני,2011,10,אוקטובר,17,https://a99.mediacast.co.il/99fm/mediafiles/full_17_10_11.mp3,,יום שני | 17/10/2011
18/10/2011,2011-10-18,יום שלישי,2011,10,אוקטובר,18,https://a99.mediacast.co.il/99fm/mediafiles/full_18_10_11.mp3,,יום שלישי | 18/10/2011
23/10/2011,2011-10-23,יום ראשון,2011,10,אוקטובר,23,https://a99.mediacast.co.il/99fm/mediafiles/full_23_10_11.mp3,,יום ראשון | 23/10/2011
24/10/2011,2011-10-24,יום שני,2011,10,אוקטובר,24,https://a99.mediacast.co.il/99fm/mediafiles/full_24_10_11.mp3,,יום שני | 24/10/2011
25/10/2011,2011-10-25,יום שלישי,2011,10,אוקטובר,25,https://a99.mediacast.co.il/99fm/mediafiles/full_25_10_11.mp3,,יום שלישי | 25/10/2011
26/10/2011,2011-10-26,יום רביעי,2011,10,אוקטובר,26,https://a99.mediacast.co.il/99fm/mediafiles/full_26_10_11.mp3,,יום רביעי | 26/10/2011
27/10/2011,2011-10-27,יום חמישי,2011,10,אוקטובר,27,https://a99.mediacast.co.il/99fm/mediafiles/full_27_10_11.mp3,,יום חמישי | 27/10/2011
30/10/2011,2011-10-30,יום ראשון,2011,10,אוקטובר,30,https://a99.mediacast.co.il/99fm/mediafiles/full_30_10_11.mp3,,יום ראשון | 30/10/2011
31/10/2011,2011-10-31,יום שני,2011,10,אוקטובר,31,https://a99.mediacast.co.il/99fm/mediafiles/full_31_10_11.mp3,,יום שני | 31/10/2011
01/11/2011,2011-11-01,יום שלישי,2011,11,נובמבר,1,https://a99.mediacast.co.il/99fm/mediafiles/full_01_11_11.mp3,,יום שלישי | 01/11/2011
02/11/2011,2011-11-02,יום רביעי,2011,11,נובמבר,2,https://a99.mediacast.co.il/99fm/mediafiles/full_02_11_11.mp3,,יום רביעי | 02/11/2011
03/11/2011,2011-11-03,יום חמישי,2011,11,נובמבר,3,https://a99.mediacast.co.il/99fm/mediafiles/full_03_11_11.mp3,,יום חמישי | 03/11/2011
06/11/2011,2011-11-06,יום ראשון,2011,11,נובמבר,6,https://a99.mediacast.co.il/99fm/mediafiles/full_06_11_11.mp3,,יום ראשון | 06/11/2011
07/11/2011,2011-11-07,יום שני,2011,11,נובמבר,7,https://a99.mediacast.co.il/99fm/mediafiles/full_07_11_11.mp3,,יום שני | 07/11/2011
08/11/2011,2011-11-08,יום שלישי,2011,11,נובמבר,8,https://a99.mediacast.co.il/99fm/mediafiles/full_08_11_11.mp3,,יום שלישי | 08/11/2011
10/11/2011,2011-11-10,יום חמישי,2011,11,נובמבר,10,https://a99.mediacast.co.il/99fm/mediafiles/full_10_11_11.mp3,,יום חמישי | 10/11/2011
13/11/2011,2011-11-13,יום ראשון,2011,11,נובמבר,13,https://a99.mediacast.co.il/99fm/mediafiles/full_13_11_11.mp3,,יום ראשון | 13/11/2011
14/11/2011,2011-11-14,יום שני,2011,11,נובמבר,14,https://a99.mediacast.co.il/99fm/mediafiles/full_14_11_11.mp3,,יום שני | 14/11/2011
15/11/2011,2011-11-15,יום שלישי,2011,11,נובמבר,15,https://a99.mediacast.co.il/99fm/mediafiles/full_15_11_11.mp3,,יום שלישי | 15/11/2011
16/11/2011,2011-11-16,יום רביעי,2011,11,נובמבר,16,https://a99.mediacast.co.il/99fm/mediafiles/full_16_11_11.mp3,,יום רביעי | 16/11/2011
17/11/2011,2011-11-17,יום חמישי,2011,11,נובמבר,17,https://a99.mediacast.co.il/99fm/mediafiles/full_17_11_11.mp3,,יום חמישי | 17/11/2011
20/11/2011,2011-11-20,יום ראשון,2011,11,נובמבר,20,https://a99.mediacast.co.il/99fm/mediafiles/full_20_11_11.mp3,,יום ראשון | 20/11/2011
21/11/2011,2011-11-21,יום שני,2011,11,נובמבר,21,https://a99.mediacast.co.il/99fm/mediafiles/full_21_11_11.mp3,,יום שני | 21/11/2011
22/11/2011,2011-11-22,יום שלישי,2011,11,נובמבר,22,https://a99.mediacast.co.il/99fm/mediafiles/full_22_11_11.mp3,,יום שלישי | 22/11/2011
23/11/2011,2011-11-23,יום רביעי,2011,11,נובמבר,23,https://a99.mediacast.co.il/99fm/mediafiles/full_23_11_11.mp3,,יום רביעי | 23/11/2011
24/11/2011,2011-11-24,יום חמישי,2011,11,נובמבר,24,https://a99.mediacast.co.il/99fm/mediafiles/full_24_11_11.mp3,,יום חמישי | 24/11/2011
27/11/2011,2011-11-27,יום ראשון,2011,11,נובמבר,27,https://a99.mediacast.co.il/99fm/mediafiles/full_27_11_11.mp3,,יום ראשון | 27/11/2011
28/11/2011,2011-11-28,יום שני,2011,11,נובמבר,28,https://a99.mediacast.co.il/99fm/mediafiles/full_28_11_11.mp3,,יום שני | 28/11/2011
29/11/2011,2011-11-29,יום שלישי,2011,11,נובמבר,29,https://a99.mediacast.co.il/99fm/mediafiles/full_29_11_11.mp3,,יום שלישי | 29/11/2011
30/11/2011,2011-11-30,יום רביעי,2011,11,נובמבר,30,https://a99.mediacast.co.il/99fm/mediafiles/full_30_11_11.mp3,,יום רביעי | 30/11/2011
01/12/2011,2011-12-01,יום חמישי,2011,12,דצמבר,1,https://a99.mediacast.co.il/99fm/mediafiles/full_01_12_11.mp3,,יום חמישי | 01/12/2011
04/12/2011,2011-12-04,יום ראשון,2011,12,דצמבר,4,https://a99.mediacast.co.il/99fm/mediafiles/full_04_12_11.mp3,,יום ראשון | 04/12/2011
05/12/2011,2011-12-05,יום שני,2011,12,דצמבר,5,https://a99.mediacast.co.il/99fm/mediafiles/full_05_12_11.mp3,,יום שני | 05/12/2011
06/12/2011,2011-12-06,יום שלישי,2011,12,דצמבר,6,https://a99.mediacast.co.il/99fm/mediafiles/full_06_12_11.mp3,,יום שלישי | 06/12/2011
07/12/2011,2011-12-07,יום רביעי,2011,12,דצמבר,7,https://a99.mediacast.co.il/99fm/mediafiles/full_07_12_11.mp3,,יום רביעי | 07/12/2011
08/12/2011,2011-12-08,יום חמישי,2011,12,דצמבר,8,https://a99.mediacast.co.il/99fm/mediafiles/full_08_12_11.mp3,,יום חמישי | 08/12/2011
11/12/2011,2011-12-11,יום ראשון,2011,12,דצמבר,11,https://a99.mediacast.co.il/99fm/mediafiles/full_11_12_11.mp3,,יום ראשון | 11/12/2011
12/12/2011,2011-12-12,יום שני,2011,12,דצמבר,12,https://a99.mediacast.co.il/99fm/mediafiles/full_12_12_11.mp3,,יום שני | 12/12/2011
13/12/2011,2011-12-13,יום שלישי,2011,12,דצמבר,13,https://a99.mediacast.co.il/99fm/mediafiles/full_13_12_11.mp3,,יום שלישי | 13/12/2011
14/12/2011,2011-12-14,יום רביעי,2011,12,דצמבר,14,https://a99.mediacast.co.il/99fm/mediafiles/full_14_12_11.mp3,,יום רביעי | 14/12/2011
15/12/2011,2011-12-15,יום חמישי,2011,12,דצמבר,15,https://a99.mediacast.co.il/99fm/mediafiles/full_15_12_11.mp3,,יום חמישי | 15/12/2011
18/12/2011,2011-12-18,יום ראשון,2011,12,דצמבר,18,https://a99.mediacast.co.il/99fm/mediafiles/full_18_12_11.mp3,,יום ראשון | 18/12/2011
19/12/2011,2011-12-19,יום שני,2011,12,דצמבר,19,https://a99.mediacast.co.il/99fm/mediafiles/full_19_12_11.mp3,,יום שני | 19/12/2011
20/12/2011,2011-12-20,יום שלישי,2011,12,דצמבר,20,https://a99.mediacast.co.il/99fm/mediafiles/full_20_12_11.mp3,,יום שלישי | 20/12/2011
21/12/2011,2011-12-21,יום רביעי,2011,12,דצמבר,21,https://a99.mediacast.co.il/99fm/mediafiles/full_21_12_11.mp3,,יום רביעי | 21/12/2011
22/12/2011,2011-12-22,יום חמישי,2011,12,דצמבר,22,https://a99.mediacast.co.il/99fm/mediafiles/full_22_12_11.mp3,,יום חמישי | 22/12/2011
25/12/2011,2011-12-25,יום ראשון,2011,12,דצמבר,25,https://a99.mediacast.co.il/99fm/mediafiles/full_25_12_11.mp3,,יום ראשון | 25/12/2011
26/12/2011,2011-12-26,יום שני,2011,12,דצמבר,26,https://a99.mediacast.co.il/99fm/mediafiles/full_26_12_11.mp3,,יום שני | 26/12/2011
27/12/2011,2011-12-27,יום שלישי,2011,12,דצמבר,27,https://a99.mediacast.co.il/99fm/mediafiles/full_27_12_11.mp3,,יום שלישי | 27/12/2011
28/12/2011,2011-12-28,יום רביעי,2011,12,דצמבר,28,https://a99.mediacast.co.il/99fm/mediafiles/full_28_12_11.mp3,,יום רביעי | 28/12/2011
29/12/2011,2011-12-29,יום חמישי,2011,12,דצמבר,29,https://a99.mediacast.co.il/99fm/mediafiles/full_29_12_11.mp3,,יום חמישי | 29/12/2011
01/01/2012,2012-01-01,יום ראשון,2012,1,ינואר,1,https://a99.mediacast.co.il/99fm/mediafiles/full_01_01_12.mp3,,יום ראשון | 01/01/2012
02/01/2012,2012-01-02,יום שני,2012,1,ינואר,2,https://a99.mediacast.co.il/99fm/mediafiles/full_02_01_12.mp3,,יום שני | 02/01/2012
03/01/2012,2012-01-03,יום שלישי,2012,1,ינואר,3,https://a99.mediacast.co.il/99fm/mediafiles/full_03_01_12.mp3,,יום שלישי | 03/01/2012
04/01/2012,2012-01-04,יום רביעי,2012,1,ינואר,4,https://a99.mediacast.co.il/99fm/mediafiles/full_04_01_12.mp3,,יום רביעי | 04/01/2012
05/01/2012,2012-01-05,יום חמישי,2012,1,ינואר,5,https://a99.mediacast.co.il/99fm/mediafiles/full_05_01_12.mp3,,יום חמישי | 05/01/2012
08/01/2012,2012-01-08,יום ראשון,2012,1,ינואר,8,https://a99.mediacast.co.il/99fm/mediafiles/full_08_01_12.mp3,,יום ראשון | 08/01/2012
09/01/2012,2012-01-09,יום שני,2012,1,ינואר,9,https://a99.mediacast.co.il/99fm/mediafiles/full_09_01_12.mp3,,יום שני | 09/01/2012
10/01/2012,2012-01-10,יום שלישי,2012,1,ינואר,10,https://a99.mediacast.co.il/99fm/mediafiles/full_10_01_12.mp3,,יום שלישי | 10/01/2012
11/01/2012,2012-01-11,יום רביעי,2012,1,ינואר,11,https://a99.mediacast.co.il/99fm/mediafiles/full_11_01_12.mp3,,יום רביעי | 11/01/2012
12/01/2012,2012-01-12,יום חמישי,2012,1,ינואר,12,https://a99.mediacast.co.il/99fm/mediafiles/full_12_01_12.mp3,,יום חמישי | 12/01/2012
15/01/2012,2012-01-15,יום ראשון,2012,1,ינואר,15,https://a99.mediacast.co.il/99fm/mediafiles/full_15_01_12.mp3,,יום ראשון | 15/01/2012
16/01/2012,2012-01-16,יום שני,2012,1,ינואר,16,https://a99.mediacast.co.il/99fm/mediafiles/full_16_01_12.mp3,,יום שני | 16/01/2012
17/01/2012,2012-01-17,יום שלישי,2012,1,ינואר,17,https://a99.mediacast.co.il/99fm/mediafiles/full_17_01_12.mp3,,יום שלישי | 17/01/2012
18/01/2012,2012-01-18,יום רביעי,2012,1,ינואר,18,https://a99.mediacast.co.il/99fm/mediafiles/full_18_01_12.mp3,,יום רביעי | 18/01/2012
19/01/2012,2012-01-19,יום חמישי,2012,1,ינואר,19,https://a99.mediacast.co.il/99fm/mediafiles/full_19_01_12.mp3,,יום חמישי | 19/01/2012
22/01/2012,2012-01-22,יום ראשון,2012,1,ינואר,22,https://a99.mediacast.co.il/99fm/mediafiles/full_22_01_12.mp3,,יום ראשון | 22/01/2012
23/01/2012,2012-01-23,יום שני,2012,1,ינואר,23,https://a99.mediacast.co.il/99fm/mediafiles/full_23_01_12.mp3,,יום שני | 23/01/2012
24/01/2012,2012-01-24,יום שלישי,2012,1,ינואר,24,https://a99.mediacast.co.il/99fm/mediafiles/full_24_01_12.mp3,,יום שלישי | 24/01/2012
25/01/2012,2012-01-25,יום רביעי,2012,1,ינואר,25,https://a99.mediacast.co.il/99fm/mediafiles/full_25_01_12.mp3,,יום רביעי | 25/01/2012
26/01/2012,2012-01-26,יום חמישי,2012,1,ינואר,26,https://a99.mediacast.co.il/99fm/mediafiles/full_26_01_12.mp3,,יום חמישי | 26/01/2012
29/01/2012,2012-01-29,יום ראשון,2012,1,ינואר,29,https://a99.mediacast.co.il/99fm/mediafiles/full_29_01_12.mp3,,יום ראשון | 29/01/2012
30/01/2012,2012-01-30,יום שני,2012,1,ינואר,30,https://a99.mediacast.co.il/99fm/mediafiles/full_30_01_12.mp3,,יום שני | 30/01/2012
31/01/2012,2012-01-31,יום שלישי,2012,1,ינואר,31,https://a99.mediacast.co.il/99fm/mediafiles/full_31_01_12.mp3,,יום שלישי | 31/01/2012
01/02/2012,2012-02-01,יום רביעי,2012,2,פברואר,1,https://a99.mediacast.co.il/99fm/mediafiles/full_01_02_12.mp3,,יום רביעי | 01/02/2012
02/02/2012,2012-02-02,יום חמישי,2012,2,פברואר,2,https://a99.mediacast.co.il/99fm/mediafiles/full_02_02_12.mp3,,יום חמישי | 02/02/2012
05/02/2012,2012-02-05,יום ראשון,2012,2,פברואר,5,https://a99.mediacast.co.il/99fm/mediafiles/full_05_02_12.mp3,,יום ראשון | 05/02/2012
06/02/2012,2012-02-06,יום שני,2012,2,פברואר,6,https://a99.mediacast.co.il/99fm/mediafiles/full_06_02_12.mp3,,יום שני | 06/02/2012
07/02/2012,2012-02-07,יום שלישי,2012,2,פברואר,7,https://a99.mediacast.co.il/99fm/mediafiles/full_07_02_12.mp3,,יום שלישי | 07/02/2012
08/02/2012,2012-02-08,יום רביעי,2012,2,פברואר,8,https://a99.mediacast.co.il/99fm/mediafiles/full_08_02_12.mp3,,יום רביעי | 08/02/2012
09/02/2012,2012-02-09,יום חמישי,2012,2,פברואר,9,https://a99.mediacast.co.il/99fm/mediafiles/full_09_02_12.mp3,,יום חמישי | 09/02/2012
12/02/2012,2012-02-12,יום ראשון,2012,2,פברואר,12,https://a99.mediacast.co.il/99fm/mediafiles/full_12_02_12.mp3,,יום ראשון | 12/02/2012
13/02/2012,2012-02-13,יום שני,2012,2,פברואר,13,https://a99.mediacast.co.il/99fm/mediafiles/full_13_02_12.mp3,,יום שני | 13/02/2012
14/02/2012,2012-02-14,יום שלישי,2012,2,פברואר,14,https://a99.mediacast.co.il/99fm/mediafiles/full_14_02_12.mp3,,יום שלישי | 14/02/2012
15/02/2012,2012-02-15,יום רביעי,2012,2,פברואר,15,https://a99.mediacast.co.il/99fm/mediafiles/full_15_02_12.mp3,,יום רביעי | 15/02/2012
16/02/2012,2012-02-16,יום חמישי,2012,2,פברואר,16,https://a99.mediacast.co.il/99fm/mediafiles/full_16_02_12.mp3,,יום חמישי | 16/02/2012
19/02/2012,2012-02-19,יום ראשון,2012,2,פברואר,19,https://a99.mediacast.co.il/99fm/mediafiles/full_19_02_12.mp3,,יום ראשון | 19/02/2012
20/02/2012,2012-02-20,יום שני,2012,2,פברואר,20,https://a99.mediacast.co.il/99fm/mediafiles/full_20_02_12.mp3,,יום שני | 20/02/2012
21/02/2012,2012-02-21,יום שלישי,2012,2,פברואר,21,https://a99.mediacast.co.il/99fm/mediafiles/full_21_02_12.mp3,,יום שלישי | 21/02/2012
22/02/2012,2012-02-22,יום רביעי,2012,2,פברואר,22,https://a99.mediacast.co.il/99fm/mediafiles/full_22_02_12.mp3,,יום רביעי | 22/02/2012
23/02/2012,2012-02-23,יום חמישי,2012,2,פברואר,23,https://a99.mediacast.co.il/99fm/mediafiles/full_23_02_12.mp3,,יום חמישי | 23/02/2012
26/02/2012,2012-02-26,יום ראשון,2012,2,פברואר,26,https://a99.mediacast.co.il/99fm/mediafiles/full_26_02_12.mp3,,יום ראשון | 26/02/2012
27/02/2012,2012-02-27,יום שני,2012,2,פברואר,27,https://a99.mediacast.co.il/99fm/mediafiles/full_27_02_12.mp3,,יום שני | 27/02/2012
28/02/2012,2012-02-28,יום שלישי,2012,2,פברואר,28,https://a99.mediacast.co.il/99fm/mediafiles/full_28_02_12.mp3,,יום שלישי | 28/02/2012
29/02/2012,2012-02-29,יום רביעי,2012,2,פברואר,29,https://a99.mediacast.co.il/99fm/mediafiles/full_29_02_12.mp3,,יום רביעי | 29/02/2012
01/03/2012,2012-03-01,יום חמישי,2012,3,מרץ,1,https://a99.mediacast.co.il/99fm/mediafiles/full_01_03_12.mp3,,יום חמישי | 01/03/2012
04/03/2012,2012-03-04,יום ראשון,2012,3,מרץ,4,https://a99.mediacast.co.il/99fm/mediafiles/full_04_03_12.mp3,,יום ראשון | 04/03/2012
05/03/2012,2012-03-05,יום שני,2012,3,מרץ,5,https://a99.mediacast.co.il/99fm/mediafiles/full_05_03_12.mp3,,יום שני | 05/03/2012
06/03/2012,2012-03-06,יום שלישי,2012,3,מרץ,6,https://a99.mediacast.co.il/99fm/mediafiles/full_06_03_12.mp3,,יום שלישי | 06/03/2012
07/03/2012,2012-03-07,יום רביעי,2012,3,מרץ,7,https://a99.mediacast.co.il/99fm/mediafiles/full_07_03_12.mp3,,יום רביעי | 07/03/2012
08/03/2012,2012-03-08,יום חמישי,2012,3,מרץ,8,https://a99.mediacast.co.il/99fm/mediafiles/full_08_03_12.mp3,,יום חמישי | 08/03/2012
11/03/2012,2012-03-11,יום ראשון,2012,3,מרץ,11,https://a99.mediacast.co.il/99fm/mediafiles/full_11_03_12.mp3,,יום ראשון | 11/03/2012
12/03/2012,2012-03-12,יום שני,2012,3,מרץ,12,https://a99.mediacast.co.il/99fm/mediafiles/full_12_03_12.mp3,,יום שני | 12/03/2012
13/03/2012,2012-03-13,יום שלישי,2012,3,מרץ,13,https://a99.mediacast.co.il/99fm/mediafiles/full_13_03_12.mp3,,יום שלישי | 13/03/2012
14/03/2012,2012-03-14,יום רביעי,2012,3,מרץ,14,https://a99.mediacast.co.il/99fm/mediafiles/full_14_03_12.mp3,,יום רביעי | 14/03/2012
15/03/2012,2012-03-15,יום חמישי,2012,3,מרץ,15,https://a99.mediacast.co.il/99fm/mediafiles/full_15_03_12.mp3,,יום חמישי | 15/03/2012
18/03/2012,2012-03-18,יום ראשון,2012,3,מרץ,18,https://a99.mediacast.co.il/99fm/mediafiles/full_18_03_12.mp3,,יום ראשון | 18/03/2012
19/03/2012,2012-03-19,יום שני,2012,3,מרץ,19,https://a99.mediacast.co.il/99fm/mediafiles/full_19_03_12.mp3,,יום שני | 19/03/2012
20/03/2012,2012-03-20,יום שלישי,2012,3,מרץ,20,https://a99.mediacast.co.il/99fm/mediafiles/full_20_03_12.mp3,,יום שלישי | 20/03/2012
21/03/2012,2012-03-21,יום רביעי,2012,3,מרץ,21,https://a99.mediacast.co.il/99fm/mediafiles/full_21_03_12.mp3,,יום רביעי | 21/03/2012
22/03/2012,2012-03-22,יום חמישי,2012,3,מרץ,22,https://a99.mediacast.co.il/99fm/mediafiles/full_22_03_12.mp3,,יום חמישי | 22/03/2012
25/03/2012,2012-03-25,יום ראשון,2012,3,מרץ,25,https://a99.mediacast.co.il/99fm/mediafiles/full_25_03_12.mp3,,יום ראשון | 25/03/2012
26/03/2012,2012-03-26,יום שני,2012,3,מרץ,26,https://a99.mediacast.co.il/99fm/mediafiles/full_26_03_12.mp3,,יום שני | 26/03/2012
27/03/2012,2012-03-27,יום שלישי,2012,3,מרץ,27,https://a99.mediacast.co.il/99fm/mediafiles/full_27_03_12.mp3,,יום שלישי | 27/03/2012
28/03/2012,2012-03-28,יום רביעי,2012,3,מרץ,28,https://a99.mediacast.co.il/99fm/mediafiles/full_28_03_12.mp3,,יום רביעי | 28/03/2012
29/03/2012,2012-03-29,יום חמישי,2012,3,מרץ,29,https://a99.mediacast.co.il/99fm/mediafiles/full_29_03_12.mp3,,יום חמישי | 29/03/2012
01/04/2012,2012-04-01,יום ראשון,2012,4,אפריל,1,https://a99.mediacast.co.il/99fm/mediafiles/full_01_04_12.mp3,,יום ראשון | 01/04/2012
02/04/2012,2012-04-02,יום שני,2012,4,אפריל,2,https://a99.mediacast.co.il/99fm/mediafiles/full_02_04_12.mp3,,יום שני | 02/04/2012
03/04/2012,2012-04-03,יום שלישי,2012,4,אפריל,3,https://a99.mediacast.co.il/99fm/mediafiles/full_03_04_12.mp3,,יום שלישי | 03/04/2012
04/04/2012,2012-04-04,יום רביעי,2012,4,אפריל,4,https://a99.mediacast.co.il/99fm/mediafiles/full_04_04_12.mp3,,יום רביעי | 04/04/2012
05/04/2012,2012-04-05,יום חמישי,2012,4,אפריל,5,https://a99.mediacast.co.il/99fm/mediafiles/full_05_04_12.mp3,,יום חמישי | 05/04/2012
15/04/2012,2012-04-15,יום ראשון,2012,4,אפריל,15,https://a99.mediacast.co.il/99fm/mediafiles/full_15_04_12.mp3,,יום ראשון | 15/04/2012
16/04/2012,2012-04-16,יום שני,2012,4,אפריל,16,https://a99.mediacast.co.il/99fm/mediafiles/full_16_04_12.mp3,,יום שני | 16/04/2012
17/04/2012,2012-04-17,יום שלישי,2012,4,אפריל,17,https://a99.mediacast.co.il/99fm/mediafiles/full_17_04_12.mp3,,יום שלישי | 17/04/2012
18/04/2012,2012-04-18,יום רביעי,2012,4,אפריל,18,https://a99.mediacast.co.il/99fm/mediafiles/full_18_04_12.mp3,,יום רביעי | 18/04/2012
22/04/2012,2012-04-22,יום ראשון,2012,4,אפריל,22,https://a99.mediacast.co.il/99fm/mediafiles/full_22_04_12.mp3,,יום ראשון | 22/04/2012
23/04/2012,2012-04-23,יום שני,2012,4,אפריל,23,https://a99.mediacast.co.il/99fm/mediafiles/full_23_04_12.mp3,,יום שני | 23/04/2012
24/04/2012,2012-04-24,יום שלישי,2012,4,אפריל,24,https://a99.mediacast.co.il/99fm/mediafiles/full_24_04_12.mp3,,יום שלישי | 24/04/2012
29/04/2012,2012-04-29,יום ראשון,2012,4,אפריל,29,https://a99.mediacast.co.il/99fm/mediafiles/full_29_04_12.mp3,,יום ראשון | 29/04/2012
30/04/2012,2012-04-30,יום שני,2012,4,אפריל,30,https://a99.mediacast.co.il/99fm/mediafiles/full_30_04_12.mp3,,יום שני | 30/04/2012
01/05/2012,2012-05-01,יום שלישי,2012,5,מאי,1,https://a99.mediacast.co.il/99fm/mediafiles/full_01_05_12.mp3,,יום שלישי | 01/05/2012
02/05/2012,2012-05-02,יום רביעי,2012,5,מאי,2,https://a99.mediacast.co.il/99fm/mediafiles/full_02_05_12.mp3,,יום רביעי | 02/05/2012
03/05/2012,2012-05-03,יום חמישי,2012,5,מאי,3,https://a99.mediacast.co.il/99fm/mediafiles/full_03_05_12.mp3,,יום חמישי | 03/05/2012
06/05/2012,2012-05-06,יום ראשון,2012,5,מאי,6,https://a99.mediacast.co.il/99fm/mediafiles/full_06_05_12.mp3,,יום ראשון | 06/05/2012
07/05/2012,2012-05-07,יום שני,2012,5,מאי,7,https://a99.mediacast.co.il/99fm/mediafiles/full_07_05_12.mp3,,יום שני | 07/05/2012
08/05/2012,2012-05-08,יום שלישי,2012,5,מאי,8,https://a99.mediacast.co.il/99fm/mediafiles/full_08_05_12.mp3,,יום שלישי | 08/05/2012
09/05/2012,2012-05-09,יום רביעי,2012,5,מאי,9,https://a99.mediacast.co.il/99fm/mediafiles/full_09_05_12.mp3,,יום רביעי | 09/05/2012
10/05/2012,2012-05-10,יום חמישי,2012,5,מאי,10,https://a99.mediacast.co.il/99fm/mediafiles/full_10_05_12.mp3,,יום חמישי | 10/05/2012
13/05/2012,2012-05-13,יום ראשון,2012,5,מאי,13,https://a99.mediacast.co.il/99fm/mediafiles/full_13_05_12.mp3,,יום ראשון | 13/05/2012
14/05/2012,2012-05-14,יום שני,2012,5,מאי,14,https://a99.mediacast.co.il/99fm/mediafiles/full_14_05_12.mp3,,יום שני | 14/05/2012
15/05/2012,2012-05-15,יום שלישי,2012,5,מאי,15,https://a99.mediacast.co.il/99fm/mediafiles/full_15_05_12.mp3,,יום שלישי | 15/05/2012
16/05/2012,2012-05-16,יום רביעי,2012,5,מאי,16,https://a99.mediacast.co.il/99fm/mediafiles/full_16_05_12.mp3,,יום רביעי | 16/05/2012
17/05/2012,2012-05-17,יום חמישי,2012,5,מאי,17,https://a99.mediacast.co.il/99fm/mediafiles/full_17_05_12.mp3,,יום חמישי | 17/05/2012
20/05/2012,2012-05-20,יום ראשון,2012,5,מאי,20,https://a99.mediacast.co.il/99fm/mediafiles/full_20_05_12.mp3,,יום ראשון | 20/05/2012
21/05/2012,2012-05-21,יום שני,2012,5,מאי,21,https://a99.mediacast.co.il/99fm/mediafiles/full_21_05_12.mp3,,יום שני | 21/05/2012
22/05/2012,2012-05-22,יום שלישי,2012,5,מאי,22,https://a99.mediacast.co.il/99fm/mediafiles/full_22_05_12.mp3,,יום שלישי | 22/05/2012
23/05/2012,2012-05-23,יום רביעי,2012,5,מאי,23,https://a99.mediacast.co.il/99fm/mediafiles/full_23_05_12.mp3,,יום רביעי | 23/05/2012
24/05/2012,2012-05-24,יום חמישי,2012,5,מאי,24,https://a99.mediacast.co.il/99fm/mediafiles/full_24_05_12.mp3,,יום חמישי | 24/05/2012
28/05/2012,2012-05-28,יום שני,2012,5,מאי,28,https://a99.mediacast.co.il/99fm/mediafiles/full_28_05_12.mp3,,יום שני | 28/05/2012
29/05/2012,2012-05-29,יום שלישי,2012,5,מאי,29,https://a99.mediacast.co.il/99fm/mediafiles/full_29_05_12.mp3,,יום שלישי | 29/05/2012
30/05/2012,2012-05-30,יום רביעי,2012,5,מאי,30,https://a99.mediacast.co.il/99fm/mediafiles/full_30_05_12.mp3,,יום רביעי | 30/05/2012
31/05/2012,2012-05-31,יום חמישי,2012,5,מאי,31,https://a99.mediacast.co.il/99fm/mediafiles/full_31_05_12.mp3,,יום חמישי | 31/05/2012
03/06/2012,2012-06-03,יום ראשון,2012,6,יוני,3,https://a99.mediacast.co.il/99fm/mediafiles/full_03_06_12.mp3,,יום ראשון | 03/06/2012
04/06/2012,2012-06-04,יום שני,2012,6,יוני,4,https://a99.mediacast.co.il/99fm/mediafiles/full_04_06_12.mp3,,יום שני | 04/06/2012
05/06/2012,2012-06-05,יום שלישי,2012,6,יוני,5,https://a99.mediacast.co.il/99fm/mediafiles/full_05_06_12.mp3,,יום שלישי | 05/06/2012
06/06/2012,2012-06-06,יום רביעי,2012,6,יוני,6,https://a99.mediacast.co.il/99fm/mediafiles/full_06_06_12.mp3,,יום רביעי | 06/06/2012
07/06/2012,2012-06-07,יום חמישי,2012,6,יוני,7,https://a99.mediacast.co.il/99fm/mediafiles/full_07_06_12.mp3,,יום חמישי | 07/06/2012
10/06/2012,2012-06-10,יום ראשון,2012,6,יוני,10,https://a99.mediacast.co.il/99fm/mediafiles/full_10_06_12.mp3,,יום ראשון | 10/06/2012
11/06/2012,2012-06-11,יום שני,2012,6,יוני,11,https://a99.mediacast.co.il/99fm/mediafiles/full_11_06_12.mp3,,יום שני | 11/06/2012
12/06/2012,2012-06-12,יום שלישי,2012,6,יוני,12,https://a99.mediacast.co.il/99fm/mediafiles/full_12_06_12.mp3,,יום שלישי | 12/06/2012
13/06/2012,2012-06-13,יום רביעי,2012,6,יוני,13,https://a99.mediacast.co.il/99fm/mediafiles/full_13_06_12.mp3,,יום רביעי | 13/06/2012
14/06/2012,2012-06-14,יום חמישי,2012,6,יוני,14,https://a99.mediacast.co.il/99fm/mediafiles/full_14_06_12.mp3,,יום חמישי | 14/06/2012
17/06/2012,2012-06-17,יום ראשון,2012,6,יוני,17,https://a99.mediacast.co.il/99fm/mediafiles/full_17_06_12.mp3,,יום ראשון | 17/06/2012
18/06/2012,2012-06-18,יום שני,2012,6,יוני,18,https://a99.mediacast.co.il/99fm/mediafiles/full_18_06_12.mp3,,יום שני | 18/06/2012
19/06/2012,2012-06-19,יום שלישי,2012,6,יוני,19,https://a99.mediacast.co.il/99fm/mediafiles/full_19_06_12.mp3,,יום שלישי | 19/06/2012
20/06/2012,2012-06-20,יום רביעי,2012,6,יוני,20,https://a99.mediacast.co.il/99fm/mediafiles/full_20_06_12.mp3,,יום רביעי | 20/06/2012
21/06/2012,2012-06-21,יום חמישי,2012,6,יוני,21,https://a99.mediacast.co.il/99fm/mediafiles/full_21_06_12.mp3,,יום חמישי | 21/06/2012
24/06/2012,2012-06-24,יום ראשון,2012,6,יוני,24,https://a99.mediacast.co.il/99fm/mediafiles/full_24_06_12.mp3,,יום ראשון | 24/06/2012
25/06/2012,2012-06-25,יום שני,2012,6,יוני,25,https://a99.mediacast.co.il/99fm/mediafiles/full_25_06_12.mp3,,יום שני | 25/06/2012
26/06/2012,2012-06-26,יום שלישי,2012,6,יוני,26,https://a99.mediacast.co.il/99fm/mediafiles/full_26_06_12.mp3,,יום שלישי | 26/06/2012
27/06/2012,2012-06-27,יום רביעי,2012,6,יוני,27,https://a99.mediacast.co.il/99fm/mediafiles/full_27_06_12.mp3,,יום רביעי | 27/06/2012
28/06/2012,2012-06-28,יום חמישי,2012,6,יוני,28,https://a99.mediacast.co.il/99fm/mediafiles/full_28_06_12.mp3,,יום חמישי | 28/06/2012
01/07/2012,2012-07-01,יום ראשון,2012,7,יולי,1,https://a99.mediacast.co.il/99fm/mediafiles/full_01_07_12.mp3,,יום ראשון | 01/07/2012
02/07/2012,2012-07-02,יום שני,2012,7,יולי,2,https://a99.mediacast.co.il/99fm/mediafiles/full_02_07_12.mp3,,יום שני | 02/07/2012
03/07/2012,2012-07-03,יום שלישי,2012,7,יולי,3,https://a99.mediacast.co.il/99fm/mediafiles/full_03_07_12.mp3,,יום שלישי | 03/07/2012
04/07/2012,2012-07-04,יום רביעי,2012,7,יולי,4,https://a99.mediacast.co.il/99fm/mediafiles/full_04_07_12.mp3,,יום רביעי | 04/07/2012
05/07/2012,2012-07-05,יום חמישי,2012,7,יולי,5,https://a99.mediacast.co.il/99fm/mediafiles/full_05_07_12.mp3,,יום חמישי | 05/07/2012
08/07/2012,2012-07-08,יום ראשון,2012,7,יולי,8,https://a99.mediacast.co.il/99fm/mediafiles/full_08_07_12.mp3,,יום ראשון | 08/07/2012
09/07/2012,2012-07-09,יום שני,2012,7,יולי,9,https://a99.mediacast.co.il/99fm/mediafiles/full_09_07_12.mp3,,יום שני | 09/07/2012
10/07/2012,2012-07-10,יום שלישי,2012,7,יולי,10,https://a99.mediacast.co.il/99fm/mediafiles/full_10_07_12.mp3,,יום שלישי | 10/07/2012
11/07/2012,2012-07-11,יום רביעי,2012,7,יולי,11,https://a99.mediacast.co.il/99fm/mediafiles/full_11_07_12.mp3,,יום רביעי | 11/07/2012
12/07/2012,2012-07-12,יום חמישי,2012,7,יולי,12,https://a99.mediacast.co.il/99fm/mediafiles/full_12_07_12.mp3,,יום חמישי | 12/07/2012
15/07/2012,2012-07-15,יום ראשון,2012,7,יולי,15,https://a99.mediacast.co.il/99fm/mediafiles/full_15_07_12.mp3,,יום ראשון | 15/07/2012
16/07/2012,2012-07-16,יום שני,2012,7,יולי,16,https://a99.mediacast.co.il/99fm/mediafiles/full_16_07_12.mp3,,יום שני | 16/07/2012
17/07/2012,2012-07-17,יום שלישי,2012,7,יולי,17,https://a99.mediacast.co.il/99fm/mediafiles/full_17_07_12.mp3,,יום שלישי | 17/07/2012
18/07/2012,2012-07-18,יום רביעי,2012,7,יולי,18,https://a99.mediacast.co.il/99fm/mediafiles/full_18_07_12.mp3,,יום רביעי | 18/07/2012
19/07/2012,2012-07-19,יום חמישי,2012,7,יולי,19,https://a99.mediacast.co.il/99fm/mediafiles/full_19_07_12.mp3,,יום חמישי | 19/07/2012
22/07/2012,2012-07-22,יום ראשון,2012,7,יולי,22,https://a99.mediacast.co.il/99fm/mediafiles/full_22_07_12.mp3,,יום ראשון | 22/07/2012
23/07/2012,2012-07-23,יום שני,2012,7,יולי,23,https://a99.mediacast.co.il/99fm/mediafiles/full_23_07_12.mp3,,יום שני | 23/07/2012
24/07/2012,2012-07-24,יום שלישי,2012,7,יולי,24,https://a99.mediacast.co.il/99fm/mediafiles/full_24_07_12.mp3,,יום שלישי | 24/07/2012
25/07/2012,2012-07-25,יום רביעי,2012,7,יולי,25,https://a99.mediacast.co.il/99fm/mediafiles/full_25_07_12.mp3,,יום רביעי | 25/07/2012
26/07/2012,2012-07-26,יום חמישי,2012,7,יולי,26,https://a99.mediacast.co.il/99fm/mediafiles/full_26_07_12.mp3,,יום חמישי | 26/07/2012
30/07/2012,2012-07-30,יום שני,2012,7,יולי,30,https://a99.mediacast.co.il/99fm/mediafiles/full_30_07_12.mp3,,יום שני | 30/07/2012
31/07/2012,2012-07-31,יום שלישי,2012,7,יולי,31,https://a99.mediacast.co.il/99fm/mediafiles/full_31_07_12.mp3,,יום שלישי | 31/07/2012
01/08/2012,2012-08-01,יום רביעי,2012,8,אוגוסט,1,https://a99.mediacast.co.il/99fm/mediafiles/full_01_08_12.mp3,,יום רביעי | 01/08/2012
02/08/2012,2012-08-02,יום חמישי,2012,8,אוגוסט,2,https://a99.mediacast.co.il/99fm/mediafiles/full_02_08_12.mp3,,יום חמישי | 02/08/2012
05/08/2012,2012-08-05,יום ראשון,2012,8,אוגוסט,5,https://a99.mediacast.co.il/99fm/mediafiles/full_05_08_12.mp3,,יום ראשון | 05/08/2012
06/08/2012,2012-08-06,יום שני,2012,8,אוגוסט,6,https://a99.mediacast.co.il/99fm/mediafiles/full_06_08_12.mp3,,יום שני | 06/08/2012
07/08/2012,2012-08-07,יום שלישי,2012,8,אוגוסט,7,https://a99.mediacast.co.il/99fm/mediafiles/full_07_08_12.mp3,,יום שלישי | 07/08/2012
08/08/2012,2012-08-08,יום רביעי,2012,8,אוגוסט,8,https://a99.mediacast.co.il/99fm/mediafiles/full_08_08_12.mp3,,יום רביעי | 08/08/2012
09/08/2012,2012-08-09,יום חמישי,2012,8,אוגוסט,9,https://a99.mediacast.co.il/99fm/mediafiles/full_09_08_12.mp3,,יום חמישי | 09/08/2012
12/08/2012,2012-08-12,יום ראשון,2012,8,אוגוסט,12,https://a99.mediacast.co.il/99fm/mediafiles/full_12_08_12.mp3,,יום ראשון | 12/08/2012
13/08/2012,2012-08-13,יום שני,2012,8,אוגוסט,13,https://a99.mediacast.co.il/99fm/mediafiles/full_13_08_12.mp3,,יום שני | 13/08/2012
14/08/2012,2012-08-14,יום שלישי,2012,8,אוגוסט,14,https://a99.mediacast.co.il/99fm/mediafiles/full_14_08_12.mp3,,יום שלישי | 14/08/2012
15/08/2012,2012-08-15,יום רביעי,2012,8,אוגוסט,15,https://a99.mediacast.co.il/99fm/mediafiles/full_15_08_12.mp3,,יום רביעי | 15/08/2012
16/08/2012,2012-08-16,יום חמישי,2012,8,אוגוסט,16,https://a99.mediacast.co.il/99fm/mediafiles/full_16_08_12.mp3,,יום חמישי | 16/08/2012
19/08/2012,2012-08-19,יום ראשון,2012,8,אוגוסט,19,https://a99.mediacast.co.il/99fm/mediafiles/full_19_08_12.mp3,,יום ראשון | 19/08/2012
20/08/2012,2012-08-20,יום שני,2012,8,אוגוסט,20,https://a99.mediacast.co.il/99fm/mediafiles/full_20_08_12.mp3,,יום שני | 20/08/2012
21/08/2012,2012-08-21,יום שלישי,2012,8,אוגוסט,21,https://a99.mediacast.co.il/99fm/mediafiles/full_21_08_12.mp3,,יום שלישי | 21/08/2012
22/08/2012,2012-08-22,יום רביעי,2012,8,אוגוסט,22,https://a99.mediacast.co.il/99fm/mediafiles/full_22_08_12.mp3,,יום רביעי | 22/08/2012
23/08/2012,2012-08-23,יום חמישי,2012,8,אוגוסט,23,https://a99.mediacast.co.il/99fm/mediafiles/full_23_08_12.mp3,,יום חמישי | 23/08/2012
26/08/2012,2012-08-26,יום ראשון,2012,8,אוגוסט,26,https://a99.mediacast.co.il/99fm/mediafiles/full_26_08_12.mp3,,יום ראשון | 26/08/2012
27/08/2012,2012-08-27,יום שני,2012,8,אוגוסט,27,https://a99.mediacast.co.il/99fm/mediafiles/full_27_08_12.mp3,,יום שני | 27/08/2012
28/08/2012,2012-08-28,יום שלישי,2012,8,אוגוסט,28,https://a99.mediacast.co.il/99fm/mediafiles/full_28_08_12.mp3,,יום שלישי | 28/08/2012
29/08/2012,2012-08-29,יום רביעי,2012,8,אוגוסט,29,https://a99.mediacast.co.il/99fm/mediafiles/full_29_08_12.mp3,,יום רביעי | 29/08/2012
30/08/2012,2012-08-30,יום חמישי,2012,8,אוגוסט,30,https://a99.mediacast.co.il/99fm/mediafiles/full_30_08_12.mp3,,יום חמישי | 30/08/2012
02/09/2012,2012-09-02,יום ראשון,2012,9,ספטמבר,2,https://a99.mediacast.co.il/99fm/mediafiles/full_02_09_12.mp3,,יום ראשון | 02/09/2012
03/09/2012,2012-09-03,יום שני,2012,9,ספטמבר,3,https://a99.mediacast.co.il/99fm/mediafiles/full_03_09_12.mp3,,יום שני | 03/09/2012
04/09/2012,2012-09-04,יום שלישי,2012,9,ספטמבר,4,https://a99.mediacast.co.il/99fm/mediafiles/full_04_09_12.mp3,,יום שלישי | 04/09/2012
05/09/2012,2012-09-05,יום רביעי,2012,9,ספטמבר,5,https://a99.mediacast.co.il/99fm/mediafiles/full_05_09_12.mp3,,יום רביעי | 05/09/2012
06/09/2012,2012-09-06,יום חמישי,2012,9,ספטמבר,6,https://a99.mediacast.co.il/99fm/mediafiles/full_06_09_12.mp3,,יום חמישי | 06/09/2012
09/09/2012,2012-09-09,יום ראשון,2012,9,ספטמבר,9,https://a99.mediacast.co.il/99fm/mediafiles/full_09_09_12.mp3,,יום ראשון | 09/09/2012
10/09/2012,2012-09-10,יום שני,2012,9,ספטמבר,10,https://a99.mediacast.co.il/99fm/mediafiles/full_10_09_12.mp3,,יום שני | 10/09/2012
11/09/2012,2012-09-11,יום שלישי,2012,9,ספטמבר,11,https://a99.mediacast.co.il/99fm/mediafiles/full_11_09_12.mp3,,יום שלישי | 11/09/2012
12/09/2012,2012-09-12,יום רביעי,2012,9,ספטמבר,12,https://a99.mediacast.co.il/99fm/mediafiles/full_12_09_12.mp3,,יום רביעי | 12/09/2012
13/09/2012,2012-09-13,יום חמישי,2012,9,ספטמבר,13,https://a99.mediacast.co.il/99fm/mediafiles/full_13_09_12.mp3,,יום חמישי | 13/09/2012
19/09/2012,2012-09-19,יום רביעי,2012,9,ספטמבר,19,https://a99.mediacast.co.il/99fm/mediafiles/full_19_09_12.mp3,,יום רביעי | 19/09/2012
20/09/2012,2012-09-20,יום חמישי,2012,9,ספטמבר,20,https://a99.mediacast.co.il/99fm/mediafiles/full_20_09_12.mp3,,יום חמישי | 20/09/2012
23/09/2012,2012-09-23,יום ראשון,2012,9,ספטמבר,23,https://a99.mediacast.co.il/99fm/mediafiles/full_23_09_12.mp3,,יום ראשון | 23/09/2012
24/09/2012,2012-09-24,יום שני,2012,9,ספטמבר,24,https://a99.mediacast.co.il/99fm/mediafiles/full_24_09_12.mp3,,יום שני | 24/09/2012
27/09/2012,2012-09-27,יום חמישי,2012,9,ספטמבר,27,https://a99.mediacast.co.il/99fm/mediafiles/full_27_09_12.mp3,,יום חמישי | 27/09/2012
09/10/2012,2012-10-09,יום שלישי,2012,10,אוקטובר,9,https://a99.mediacast.co.il/99fm/mediafiles/full_09_10_12.mp3,,יום שלישי | 09/10/2012
10/10/2012,2012-10-10,יום רביעי,2012,10,אוקטובר,10,https://a99.mediacast.co.il/99fm/mediafiles/full_10_10_12.mp3,,יום רביעי | 10/10/2012
11/10/2012,2012-10-11,יום חמישי,2012,10,אוקטובר,11,https://a99.mediacast.co.il/99fm/mediafiles/full_11_10_12.mp3,,יום חמישי | 11/10/2012
14/10/2012,2012-10-14,יום ראשון,2012,10,אוקטובר,14,https://a99.mediacast.co.il/99fm/mediafiles/full_14_10_12.mp3,,יום ראשון | 14/10/2012
15/10/2012,2012-10-15,יום שני,2012,10,אוקטובר,15,https://a99.mediacast.co.il/99fm/mediafiles/full_15_10_12.mp3,,יום שני | 15/10/2012
16/10/2012,2012-10-16,יום שלישי,2012,10,אוקטובר,16,https://a99.mediacast.co.il/99fm/mediafiles/full_16_10_12.mp3,,יום שלישי | 16/10/2012
17/10/2012,2012-10-17,יום רביעי,2012,10,אוקטובר,17,https://a99.mediacast.co.il/99fm/mediafiles/full_17_10_12.mp3,,יום רביעי | 17/10/2012
18/10/2012,2012-10-18,יום חמישי,2012,10,אוקטובר,18,https://a99.mediacast.co.il/99fm/mediafiles/full_18_10_12.mp3,,יום חמישי | 18/10/2012
21/10/2012,2012-10-21,יום ראשון,2012,10,אוקטובר,21,https://a99.mediacast.co.il/99fm/mediafiles/full_21_10_12.mp3,,יום ראשון | 21/10/2012
22/10/2012,2012-10-22,יום שני,2012,10,אוקטובר,22,https://a99.mediacast.co.il/99fm/mediafiles/full_22_10_12.mp3,,יום שני | 22/10/2012
23/10/2012,2012-10-23,יום שלישי,2012,10,אוקטובר,23,https://a99.mediacast.co.il/99fm/mediafiles/full_23_10_12.mp3,,יום שלישי | 23/10/2012
24/10/2012,2012-10-24,יום רביעי,2012,10,אוקטובר,24,https://a99.mediacast.co.il/99fm/mediafiles/full_24_10_12.mp3,,יום רביעי | 24/10/2012
25/10/2012,2012-10-25,יום חמישי,2012,10,אוקטובר,25,https://a99.mediacast.co.il/99fm/mediafiles/full_25_10_12.mp3,,יום חמישי | 25/10/2012
29/10/2012,2012-10-29,יום שני,2012,10,אוקטובר,29,https://a99.mediacast.co.il/99fm/mediafiles/full_29_10_12.mp3,,יום שני | 29/10/2012
30/10/2012,2012-10-30,יום שלישי,2012,10,אוקטובר,30,https://a99.mediacast.co.il/99fm/mediafiles/full_30_10_12.mp3,,יום שלישי | 30/10/2012
31/10/2012,2012-10-31,יום רביעי,2012,10,אוקטובר,31,https://a99.mediacast.co.il/99fm/mediafiles/full_31_10_12.mp3,,יום רביעי | 31/10/2012
01/11/2012,2012-11-01,יום חמישי,2012,11,נובמבר,1,https://a99.mediacast.co.il/99fm/mediafiles/full_01_11_12.mp3,,יום חמישי | 01/11/2012
04/11/2012,2012-11-04,יום ראשון,2012,11,נובמבר,4,https://a99.mediacast.co.il/99fm/mediafiles/full_04_11_12.mp3,,יום ראשון | 04/11/2012
05/11/2012,2012-11-05,יום שני,2012,11,נובמבר,5,https://a99.mediacast.co.il/99fm/mediafiles/full_05_11_12.mp3,,יום שני | 05/11/2012
06/11/2012,2012-11-06,יום שלישי,2012,11,נובמבר,6,https://a99.mediacast.co.il/99fm/mediafiles/full_06_11_12.mp3,,יום שלישי | 06/11/2012
07/11/2012,2012-11-07,יום רביעי,2012,11,נובמבר,7,https://a99.mediacast.co.il/99fm/mediafiles/full_07_11_12.mp3,,יום רביעי | 07/11/2012
08/11/2012,2012-11-08,יום חמישי,2012,11,נובמבר,8,https://a99.mediacast.co.il/99fm/mediafiles/full_08_11_12.mp3,,יום חמישי | 08/11/2012
11/11/2012,2012-11-11,יום ראשון,2012,11,נובמבר,11,https://a99.mediacast.co.il/99fm/mediafiles/full_11_11_12.mp3,,יום ראשון | 11/11/2012
12/11/2012,2012-11-12,יום שני,2012,11,נובמבר,12,https://a99.mediacast.co.il/99fm/mediafiles/full_12_11_12.mp3,,יום שני | 12/11/2012
13/11/2012,2012-11-13,יום שלישי,2012,11,נובמבר,13,https://a99.mediacast.co.il/99fm/mediafiles/full_13_11_12.mp3,,יום שלישי | 13/11/2012
14/11/2012,2012-11-14,יום רביעי,2012,11,נובמבר,14,https://a99.mediacast.co.il/99fm/mediafiles/full_14_11_12.mp3,,יום רביעי | 14/11/2012
15/11/2012,2012-11-15,יום חמישי,2012,11,נובמבר,15,https://a99.mediacast.co.il/99fm/mediafiles/full_15_11_12.mp3,,יום חמישי | 15/11/2012
18/11/2012,2012-11-18,יום ראשון,2012,11,נובמבר,18,https://a99.mediacast.co.il/99fm/mediafiles/full_18_11_12.mp3,,יום ראשון | 18/11/2012
19/11/2012,2012-11-19,יום שני,2012,11,נובמבר,19,https://a99.mediacast.co.il/99fm/mediafiles/full_19_11_12.mp3,,יום שני | 19/11/2012
20/11/2012,2012-11-20,יום שלישי,2012,11,נובמבר,20,https://a99.mediacast.co.il/99fm/mediafiles/full_20_11_12.mp3,,יום שלישי | 20/11/2012
21/11/2012,2012-11-21,יום רביעי,2012,11,נובמבר,21,https://a99.mediacast.co.il/99fm/mediafiles/full_21_11_12.mp3,,יום רביעי | 21/11/2012
22/11/2012,2012-11-22,יום חמישי,2012,11,נובמבר,22,https://a99.mediacast.co.il/99fm/mediafiles/full_22_11_12.mp3,,יום חמישי | 22/11/2012
25/11/2012,2012-11-25,יום ראשון,2012,11,נובמבר,25,https://a99.mediacast.co.il/99fm/mediafiles/full_25_11_12.mp3,,יום ראשון | 25/11/2012
27/11/2012,2012-11-27,יום שלישי,2012,11,נובמבר,27,https://a99.mediacast.co.il/99fm/mediafiles/full_27_11_12.mp3,,יום שלישי | 27/11/2012
28/11/2012,2012-11-28,יום רביעי,2012,11,נובמבר,28,https://a99.mediacast.co.il/99fm/mediafiles/full_28_11_12.mp3,,יום רביעי | 28/11/2012
29/11/2012,2012-11-29,יום חמישי,2012,11,נובמבר,29,https://a99.mediacast.co.il/99fm/mediafiles/full_29_11_12.mp3,,יום חמישי | 29/11/2012
02/12/2012,2012-12-02,יום ראשון,2012,12,דצמבר,2,https://a99.mediacast.co.il/99fm/mediafiles/full_02_12_12.mp3,,יום ראשון | 02/12/2012
03/12/2012,2012-12-03,יום שני,2012,12,דצמבר,3,https://a99.mediacast.co.il/99fm/mediafiles/full_03_12_12.mp3,,יום שני | 03/12/2012
04/12/2012,2012-12-04,יום שלישי,2012,12,דצמבר,4,https://a99.mediacast.co.il/99fm/mediafiles/full_04_12_12.mp3,,יום שלישי | 04/12/2012
05/12/2012,2012-12-05,יום רביעי,2012,12,דצמבר,5,https://a99.mediacast.co.il/99fm/mediafiles/full_05_12_12.mp3,,יום רביעי | 05/12/2012
06/12/2012,2012-12-06,יום חמישי,2012,12,דצמבר,6,https://a99.mediacast.co.il/99fm/mediafiles/full_06_12_12.mp3,,יום חמישי | 06/12/2012
09/12/2012,2012-12-09,יום ראשון,2012,12,דצמבר,9,https://a99.mediacast.co.il/99fm/mediafiles/full_09_12_12.mp3,,יום ראשון | 09/12/2012
10/12/2012,2012-12-10,יום שני,2012,12,דצמבר,10,https://a99.mediacast.co.il/99fm/mediafiles/full_10_12_12.mp3,,יום שני | 10/12/2012
11/12/2012,2012-12-11,יום שלישי,2012,12,דצמבר,11,https://a99.mediacast.co.il/99fm/mediafiles/full_11_12_12.mp3,,יום שלישי | 11/12/2012
12/12/2012,2012-12-12,יום רביעי,2012,12,דצמבר,12,https://a99.mediacast.co.il/99fm/mediafiles/full_12_12_12.mp3,,יום רביעי | 12/12/2012
13/12/2012,2012-12-13,יום חמישי,2012,12,דצמבר,13,https://a99.mediacast.co.il/99fm/mediafiles/full_13_12_12.mp3,,יום חמישי | 13/12/2012
16/12/2012,2012-12-16,יום ראשון,2012,12,דצמבר,16,https://a99.mediacast.co.il/99fm/mediafiles/full_16_12_12.mp3,,יום ראשון | 16/12/2012
17/12/2012,2012-12-17,יום שני,2012,12,דצמבר,17,https://a99.mediacast.co.il/99fm/mediafiles/full_17_12_12.mp3,,יום שני | 17/12/2012
18/12/2012,2012-12-18,יום שלישי,2012,12,דצמבר,18,https://a99.mediacast.co.il/99fm/mediafiles/full_18_12_12.mp3,,יום שלישי | 18/12/2012
19/12/2012,2012-12-19,יום רביעי,2012,12,דצמבר,19,https://a99.mediacast.co.il/99fm/mediafiles/full_19_12_12.mp3,,יום רביעי | 19/12/2012
20/12/2012,2012-12-20,יום חמישי,2012,12,דצמבר,20,https://a99.mediacast.co.il/99fm/mediafiles/full_20_12_12.mp3,,יום חמישי | 20/12/2012
23/12/2012,2012-12-23,יום ראשון,2012,12,דצמבר,23,https://a99.mediacast.co.il/99fm/mediafiles/full_23_12_12.mp3,,יום ראשון | 23/12/2012
24/12/2012,2012-12-24,יום שני,2012,12,דצמבר,24,https://a99.mediacast.co.il/99fm/mediafiles/full_24_12_12.mp3,,יום שני | 24/12/2012
25/12/2012,2012-12-25,יום שלישי,2012,12,דצמבר,25,https://a99.mediacast.co.il/99fm/mediafiles/full_25_12_12.mp3,,יום שלישי | 25/12/2012
26/12/2012,2012-12-26,יום רביעי,2012,12,דצמבר,26,https://a99.mediacast.co.il/99fm/mediafiles/full_26_12_12.mp3,,יום רביעי | 26/12/2012
27/12/2012,2012-12-27,יום חמישי,2012,12,דצמבר,27,https://a99.mediacast.co.il/99fm/mediafiles/full_27_12_12.mp3,,יום חמישי | 27/12/2012
30/12/2012,2012-12-30,יום ראשון,2012,12,דצמבר,30,https://a99.mediacast.co.il/99fm/mediafiles/full_30_12_12.mp3,,יום ראשון | 30/12/2012
31/12/2012,2012-12-31,יום שני,2012,12,דצמבר,31,https://a99.mediacast.co.il/99fm/mediafiles/full_31_12_12.mp3,,יום שני | 31/12/2012
01/01/2013,2013-01-01,יום שלישי,2013,1,ינואר,1,https://a99.mediacast.co.il/99fm/mediafiles/full_01_01_13.mp3,,יום שלישי | 01/01/2013
02/01/2013,2013-01-02,יום רביעי,2013,1,ינואר,2,https://a99.mediacast.co.il/99fm/mediafiles/full_02_01_13.mp3,,יום רביעי | 02/01/2013
03/01/2013,2013-01-03,יום חמישי,2013,1,ינואר,3,https://a99.mediacast.co.il/99fm/mediafiles/full_03_01_13.mp3,,יום חמישי | 03/01/2013
06/01/2013,2013-01-06,יום ראשון,2013,1,ינואר,6,https://a99.mediacast.co.il/99fm/mediafiles/full_06_01_13.mp3,,יום ראשון | 06/01/2013
07/01/2013,2013-01-07,יום שני,2013,1,ינואר,7,https://a99.mediacast.co.il/99fm/mediafiles/full_07_01_13.mp3,,יום שני | 07/01/2013
08/01/2013,2013-01-08,יום שלישי,2013,1,ינואר,8,https://a99.mediacast.co.il/99fm/mediafiles/full_08_01_13.mp3,,יום שלישי | 08/01/2013
09/01/2013,2013-01-09,יום רביעי,2013,1,ינואר,9,https://a99.mediacast.co.il/99fm/mediafiles/full_09_01_13.mp3,,יום רביעי | 09/01/2013
10/01/2013,2013-01-10,יום חמישי,2013,1,ינואר,10,https://a99.mediacast.co.il/99fm/mediafiles/full_10_01_13.mp3,,יום חמישי | 10/01/2013
13/01/2013,2013-01-13,יום ראשון,2013,1,ינואר,13,https://a99.mediacast.co.il/99fm/mediafiles/full_13_01_13.mp3,,יום ראשון | 13/01/2013
14/01/2013,2013-01-14,יום שני,2013,1,ינואר,14,https://a99.mediacast.co.il/99fm/mediafiles/full_14_01_13.mp3,,יום שני | 14/01/2013
15/01/2013,2013-01-15,יום שלישי,2013,1,ינואר,15,https://a99.mediacast.co.il/99fm/mediafiles/full_15_01_13.mp3,,יום שלישי | 15/01/2013
16/01/2013,2013-01-16,יום רביעי,2013,1,ינואר,16,https://a99.mediacast.co.il/99fm/mediafiles/full_16_01_13.mp3,,יום רביעי | 16/01/2013
17/01/2013,2013-01-17,יום חמישי,2013,1,ינואר,17,https://a99.mediacast.co.il/99fm/mediafiles/full_17_01_13.mp3,,יום חמישי | 17/01/2013
20/01/2013,2013-01-20,יום ראשון,2013,1,ינואר,20,https://a99.mediacast.co.il/99fm/mediafiles/full_20_01_13.mp3,,יום ראשון | 20/01/2013
21/01/2013,2013-01-21,יום שני,2013,1,ינואר,21,https://a99.mediacast.co.il/99fm/mediafiles/full_21_01_13.mp3,,יום שני | 21/01/2013
22/01/2013,2013-01-22,יום שלישי,2013,1,ינואר,22,https://a99.mediacast.co.il/99fm/mediafiles/full_22_01_13.mp3,,יום שלישי | 22/01/2013
23/01/2013,2013-01-23,יום רביעי,2013,1,ינואר,23,https://a99.mediacast.co.il/99fm/mediafiles/full_23_01_13.mp3,,יום רביעי | 23/01/2013
24/01/2013,2013-01-24,יום חמישי,2013,1,ינואר,24,https://a99.mediacast.co.il/99fm/mediafiles/full_24_01_13.mp3,,יום חמישי | 24/01/2013
27/01/2013,2013-01-27,יום ראשון,2013,1,ינואר,27,https://a99.mediacast.co.il/99fm/mediafiles/full_27_01_13.mp3,,יום ראשון | 27/01/2013
28/01/2013,2013-01-28,יום שני,2013,1,ינואר,28,https://a99.mediacast.co.il/99fm/mediafiles/full_28_01_13.mp3,,יום שני | 28/01/2013
29/01/2013,2013-01-29,יום שלישי,2013,1,ינואר,29,https://a99.mediacast.co.il/99fm/mediafiles/full_29_01_13.mp3,,יום שלישי | 29/01/2013
30/01/2013,2013-01-30,יום רביעי,2013,1,ינואר,30,https://a99.mediacast.co.il/99fm/mediafiles/full_30_01_13.mp3,,יום רביעי | 30/01/2013
31/01/2013,2013-01-31,יום חמישי,2013,1,ינואר,31,https://a99.mediacast.co.il/99fm/mediafiles/full_31_01_13.mp3,,יום חמישי | 31/01/2013
03/02/2013,2013-02-03,יום ראשון,2013,2,פברואר,3,https://a99.mediacast.co.il/99fm/mediafiles/full_03_02_13.mp3,,יום ראשון | 03/02/2013
04/02/2013,2013-02-04,יום שני,2013,2,פברואר,4,https://a99.mediacast.co.il/99fm/mediafiles/full_04_02_13.mp3,,יום שני | 04/02/2013
05/02/2013,2013-02-05,יום שלישי,2013,2,פברואר,5,https://a99.mediacast.co.il/99fm/mediafiles/full_05_02_13.mp3,,יום שלישי | 05/02/2013
06/02/2013,2013-02-06,יום רביעי,2013,2,פברואר,6,https://a99.mediacast.co.il/99fm/mediafiles/full_06_02_13.mp3,,יום רביעי | 06/02/2013
07/02/2013,2013-02-07,יום חמישי,2013,2,פברואר,7,https://a99.mediacast.co.il/99fm/mediafiles/full_07_02_13.mp3,,יום חמישי | 07/02/2013
10/02/2013,2013-02-10,יום ראשון,2013,2,פברואר,10,https://a99.mediacast.co.il/99fm/mediafiles/full_10_02_13.mp3,,יום ראשון | 10/02/2013
11/02/2013,2013-02-11,יום שני,2013,2,פברואר,11,https://a99.mediacast.co.il/99fm/mediafiles/full_11_02_13.mp3,,יום שני | 11/02/2013
12/02/2013,2013-02-12,יום שלישי,2013,2,פברואר,12,https://a99.mediacast.co.il/99fm/mediafiles/full_12_02_13.mp3,,יום שלישי | 12/02/2013
13/02/2013,2013-02-13,יום רביעי,2013,2,פברואר,13,https://a99.mediacast.co.il/99fm/mediafiles/full_13_02_13.mp3,,יום רביעי | 13/02/2013
14/02/2013,2013-02-14,יום חמישי,2013,2,פברואר,14,https://a99.mediacast.co.il/99fm/mediafiles/full_14_02_13.mp3,,יום חמישי | 14/02/2013
17/02/2013,2013-02-17,יום ראשון,2013,2,פברואר,17,https://a99.mediacast.co.il/99fm/mediafiles/full_17_02_13.mp3,,יום ראשון | 17/02/2013
18/02/2013,2013-02-18,יום שני,2013,2,פברואר,18,https://a99.mediacast.co.il/99fm/mediafiles/full_18_02_13.mp3,,יום שני | 18/02/2013
19/02/2013,2013-02-19,יום שלישי,2013,2,פברואר,19,https://a99.mediacast.co.il/99fm/mediafiles/full_19_02_13.mp3,,יום שלישי | 19/02/2013
20/02/2013,2013-02-20,יום רביעי,2013,2,פברואר,20,https://a99.mediacast.co.il/99fm/mediafiles/full_20_02_13.mp3,,יום רביעי | 20/02/2013
21/02/2013,2013-02-21,יום חמישי,2013,2,פברואר,21,https://a99.mediacast.co.il/99fm/mediafiles/full_21_02_13.mp3,,יום חמישי | 21/02/2013
24/02/2013,2013-02-24,יום ראשון,2013,2,פברואר,24,https://a99.mediacast.co.il/99fm/mediafiles/full_24_02_13.mp3,,יום ראשון | 24/02/2013
25/02/2013,2013-02-25,יום שני,2013,2,פברואר,25,https://a99.mediacast.co.il/99fm/mediafiles/full_25_02_13.mp3,,יום שני | 25/02/2013
26/02/2013,2013-02-26,יום שלישי,2013,2,פברואר,26,https://a99.mediacast.co.il/99fm/mediafiles/full_26_02_13.mp3,,יום שלישי | 26/02/2013
27/02/2013,2013-02-27,יום רביעי,2013,2,פברואר,27,https://a99.mediacast.co.il/99fm/mediafiles/full_27_02_13.mp3,,יום רביעי | 27/02/2013
28/02/2013,2013-02-28,יום חמישי,2013,2,פברואר,28,https://a99.mediacast.co.il/99fm/mediafiles/full_28_02_13.mp3,,יום חמישי | 28/02/2013
03/03/2013,2013-03-03,יום ראשון,2013,3,מרץ,3,https://a99.mediacast.co.il/99fm/mediafiles/full_03_03_13.mp3,,יום ראשון | 03/03/2013
04/03/2013,2013-03-04,יום שני,2013,3,מרץ,4,https://a99.mediacast.co.il/99fm/mediafiles/full_04_03_13.mp3,,יום שני | 04/03/2013
05/03/2013,2013-03-05,יום שלישי,2013,3,מרץ,5,https://a99.mediacast.co.il/99fm/mediafiles/full_05_03_13.mp3,,יום שלישי | 05/03/2013
06/03/2013,2013-03-06,יום רביעי,2013,3,מרץ,6,https://a99.mediacast.co.il/99fm/mediafiles/full_06_03_13.mp3,,יום רביעי | 06/03/2013
07/03/2013,2013-03-07,יום חמישי,2013,3,מרץ,7,https://a99.mediacast.co.il/99fm/mediafiles/full_07_03_13.mp3,,יום חמישי | 07/03/2013
10/03/2013,2013-03-10,יום ראשון,2013,3,מרץ,10,https://a99.mediacast.co.il/99fm/mediafiles/full_10_03_13.mp3,,יום ראשון | 10/03/2013
11/03/2013,2013-03-11,יום שני,2013,3,מרץ,11,https://a99.mediacast.co.il/99fm/mediafiles/full_11_03_13.mp3,,יום שני | 11/03/2013
12/03/2013,2013-03-12,יום שלישי,2013,3,מרץ,12,https://a99.mediacast.co.il/99fm/mediafiles/full_12_03_13.mp3,,יום שלישי | 12/03/2013
13/03/2013,2013-03-13,יום רביעי,2013,3,מרץ,13,https://a99.mediacast.co.il/99fm/mediafiles/full_13_03_13.mp3,,יום רביעי | 13/03/2013
14/03/2013,2013-03-14,יום חמישי,2013,3,מרץ,14,https://a99.mediacast.co.il/99fm/mediafiles/full_14_03_13.mp3,,יום חמישי | 14/03/2013
17/03/2013,2013-03-17,יום ראשון,2013,3,מרץ,17,https://a99.mediacast.co.il/99fm/mediafiles/full_17_03_13.mp3,,יום ראשון | 17/03/2013
18/03/2013,2013-03-18,יום שני,2013,3,מרץ,18,https://a99.mediacast.co.il/99fm/mediafiles/full_18_03_13.mp3,,יום שני | 18/03/2013
19/03/2013,2013-03-19,יום שלישי,2013,3,מרץ,19,https://a99.mediacast.co.il/99fm/mediafiles/full_19_03_13.mp3,,יום שלישי | 19/03/2013
20/03/2013,2013-03-20,יום רביעי,2013,3,מרץ,20,https://a99.mediacast.co.il/99fm/mediafiles/full_20_03_13.mp3,,יום רביעי | 20/03/2013
21/03/2013,2013-03-21,יום חמישי,2013,3,מרץ,21,https://a99.mediacast.co.il/99fm/mediafiles/full_21_03_13.mp3,,יום חמישי | 21/03/2013
24/03/2013,2013-03-24,יום ראשון,2013,3,מרץ,24,https://a99.mediacast.co.il/99fm/mediafiles/full_24_03_13.mp3,,יום ראשון | 24/03/2013
02/04/2013,2013-04-02,יום שלישי,2013,4,אפריל,2,https://a99.mediacast.co.il/99fm/mediafiles/full_02_04_13.mp3,,יום שלישי | 02/04/2013
03/04/2013,2013-04-03,יום רביעי,2013,4,אפריל,3,https://a99.mediacast.co.il/99fm/mediafiles/full_03_04_13.mp3,,יום רביעי | 03/04/2013
04/04/2013,2013-04-04,יום חמישי,2013,4,אפריל,4,https://a99.mediacast.co.il/99fm/mediafiles/full_04_04_13.mp3,,יום חמישי | 04/04/2013
07/04/2013,2013-04-07,יום ראשון,2013,4,אפריל,7,https://a99.mediacast.co.il/99fm/mediafiles/full_07_04_13.mp3,,יום ראשון | 07/04/2013
09/04/2013,2013-04-09,יום שלישי,2013,4,אפריל,9,https://a99.mediacast.co.il/99fm/mediafiles/full_09_04_13.mp3,,יום שלישי | 09/04/2013
10/04/2013,2013-04-10,יום רביעי,2013,4,אפריל,10,https://a99.mediacast.co.il/99fm/mediafiles/full_10_04_13.mp3,,יום רביעי | 10/04/2013
11/04/2013,2013-04-11,יום חמישי,2013,4,אפריל,11,https://a99.mediacast.co.il/99fm/mediafiles/full_11_04_13.mp3,,יום חמישי | 11/04/2013
14/04/2013,2013-04-14,יום ראשון,2013,4,אפריל,14,https://a99.mediacast.co.il/99fm/mediafiles/full_14_04_13.mp3,,יום ראשון | 14/04/2013
17/04/2013,2013-04-17,יום רביעי,2013,4,אפריל,17,https://a99.mediacast.co.il/99fm/mediafiles/full_17_04_13.mp3,,יום רביעי | 17/04/2013
18/04/2013,2013-04-18,יום חמישי,2013,4,אפריל,18,https://a99.mediacast.co.il/99fm/mediafiles/full_18_04_13.mp3,,יום חמישי | 18/04/2013
21/04/2013,2013-04-21,יום ראשון,2013,4,אפריל,21,https://a99.mediacast.co.il/99fm/mediafiles/full_21_04_13.mp3,,יום ראשון | 21/04/2013
22/04/2013,2013-04-22,יום שני,2013,4,אפריל,22,https://a99.mediacast.co.il/99fm/mediafiles/full_22_04_13.mp3,,יום שני | 22/04/2013
23/04/2013,2013-04-23,יום שלישי,2013,4,אפריל,23,https://a99.mediacast.co.il/99fm/mediafiles/full_23_04_13.mp3,,יום שלישי | 23/04/2013
24/04/2013,2013-04-24,יום רביעי,2013,4,אפריל,24,https://a99.mediacast.co.il/99fm/mediafiles/full_24_04_13.mp3,,יום רביעי | 24/04/2013
25/04/2013,2013-04-25,יום חמישי,2013,4,אפריל,25,https://a99.mediacast.co.il/99fm/mediafiles/full_25_04_13.mp3,,יום חמישי | 25/04/2013
28/04/2013,2013-04-28,יום ראשון,2013,4,אפריל,28,https://a99.mediacast.co.il/99fm/mediafiles/full_28_04_13.mp3,,יום ראשון | 28/04/2013
29/04/2013,2013-04-29,יום שני,2013,4,אפריל,29,https://a99.mediacast.co.il/99fm/mediafiles/full_29_04_13.mp3,,יום שני | 29/04/2013
30/04/2013,2013-04-30,יום שלישי,2013,4,אפריל,30,https://a99.mediacast.co.il/99fm/mediafiles/full_30_04_13.mp3,,יום שלישי | 30/04/2013
01/05/2013,2013-05-01,יום רביעי,2013,5,מאי,1,https://a99.mediacast.co.il/99fm/mediafiles/full_01_05_13.mp3,,יום רביעי | 01/05/2013
02/05/2013,2013-05-02,יום חמישי,2013,5,מאי,2,https://a99.mediacast.co.il/99fm/mediafiles/full_02_05_13.mp3,,יום חמישי | 02/05/2013
05/05/2013,2013-05-05,יום ראשון,2013,5,מאי,5,https://a99.mediacast.co.il/99fm/mediafiles/full_05_05_13.mp3,,יום ראשון | 05/05/2013
06/05/2013,2013-05-06,יום שני,2013,5,מאי,6,https://a99.mediacast.co.il/99fm/mediafiles/full_06_05_13.mp3,,יום שני | 06/05/2013
07/05/2013,2013-05-07,יום שלישי,2013,5,מאי,7,https://a99.mediacast.co.il/99fm/mediafiles/full_07_05_13.mp3,,יום שלישי | 07/05/2013
08/05/2013,2013-05-08,יום רביעי,2013,5,מאי,8,https://a99.mediacast.co.il/99fm/mediafiles/full_08_05_13.mp3,,יום רביעי | 08/05/2013
09/05/2013,2013-05-09,יום חמישי,2013,5,מאי,9,https://a99.mediacast.co.il/99fm/mediafiles/full_09_05_13.mp3,,יום חמישי | 09/05/2013
12/05/2013,2013-05-12,יום ראשון,2013,5,מאי,12,https://a99.mediacast.co.il/99fm/mediafiles/full_12_05_13.mp3,,יום ראשון | 12/05/2013
13/05/2013,2013-05-13,יום שני,2013,5,מאי,13,https://a99.mediacast.co.il/99fm/mediafiles/full_13_05_13.mp3,,יום שני | 13/05/2013
16/05/2013,2013-05-16,יום חמישי,2013,5,מאי,16,https://a99.mediacast.co.il/99fm/mediafiles/full_16_05_13.mp3,,יום חמישי | 16/05/2013
19/05/2013,2013-05-19,יום ראשון,2013,5,מאי,19,https://a99.mediacast.co.il/99fm/mediafiles/full_19_05_13.mp3,,יום ראשון | 19/05/2013
20/05/2013,2013-05-20,יום שני,2013,5,מאי,20,https://a99.mediacast.co.il/99fm/mediafiles/full_20_05_13.mp3,,יום שני | 20/05/2013
21/05/2013,2013-05-21,יום שלישי,2013,5,מאי,21,https://a99.mediacast.co.il/99fm/mediafiles/full_21_05_13.mp3,,יום שלישי | 21/05/2013
22/05/2013,2013-05-22,יום רביעי,2013,5,מאי,22,https://a99.mediacast.co.il/99fm/mediafiles/full_22_05_13.mp3,,יום רביעי | 22/05/2013
23/05/2013,2013-05-23,יום חמישי,2013,5,מאי,23,https://a99.mediacast.co.il/99fm/mediafiles/full_23_05_13.mp3,,יום חמישי | 23/05/2013
26/05/2013,2013-05-26,יום ראשון,2013,5,מאי,26,https://a99.mediacast.co.il/99fm/mediafiles/full_26_05_13.mp3,,יום ראשון | 26/05/2013
27/05/2013,2013-05-27,יום שני,2013,5,מאי,27,https://a99.mediacast.co.il/99fm/mediafiles/full_27_05_13.mp3,,יום שני | 27/05/2013
28/05/2013,2013-05-28,יום שלישי,2013,5,מאי,28,https://a99.mediacast.co.il/99fm/mediafiles/full_28_05_13.mp3,,יום שלישי | 28/05/2013
29/05/2013,2013-05-29,יום רביעי,2013,5,מאי,29,https://a99.mediacast.co.il/99fm/mediafiles/full_29_05_13.mp3,,יום רביעי | 29/05/2013
30/05/2013,2013-05-30,יום חמישי,2013,5,מאי,30,https://a99.mediacast.co.il/99fm/mediafiles/full_30_05_13.mp3,,יום חמישי | 30/05/2013
02/06/2013,2013-06-02,יום ראשון,2013,6,יוני,2,https://a99.mediacast.co.il/99fm/mediafiles/full_02_06_13.mp3,,יום ראשון | 02/06/2013
03/06/2013,2013-06-03,יום שני,2013,6,יוני,3,https://a99.mediacast.co.il/99fm/mediafiles/full_03_06_13.mp3,,יום שני | 03/06/2013
04/06/2013,2013-06-04,יום שלישי,2013,6,יוני,4,https://a99.mediacast.co.il/99fm/mediafiles/full_04_06_13.mp3,,יום שלישי | 04/06/2013
05/06/2013,2013-06-05,יום רביעי,2013,6,יוני,5,https://a99.mediacast.co.il/99fm/mediafiles/full_05_06_13.mp3,,יום רביעי | 05/06/2013
06/06/2013,2013-06-06,יום חמישי,2013,6,יוני,6,https://a99.mediacast.co.il/99fm/mediafiles/full_06_06_13.mp3,,יום חמישי | 06/06/2013
09/06/2013,2013-06-09,יום ראשון,2013,6,יוני,9,https://a99.mediacast.co.il/99fm/mediafiles/full_09_06_13.mp3,,יום ראשון | 09/06/2013
10/06/2013,2013-06-10,יום שני,2013,6,יוני,10,https://a99.mediacast.co.il/99fm/mediafiles/full_10_06_13.mp3,,יום שני | 10/06/2013
11/06/2013,2013-06-11,יום שלישי,2013,6,יוני,11,https://a99.mediacast.co.il/99fm/mediafiles/full_11_06_13.mp3,,יום שלישי | 11/06/2013
12/06/2013,2013-06-12,יום רביעי,2013,6,יוני,12,https://a99.mediacast.co.il/99fm/mediafiles/full_12_06_13.mp3,,יום רביעי | 12/06/2013
13/06/2013,2013-06-13,יום חמישי,2013,6,יוני,13,https://a99.mediacast.co.il/99fm/mediafiles/full_13_06_13.mp3,,יום חמישי | 13/06/2013
16/06/2013,2013-06-16,יום ראשון,2013,6,יוני,16,https://a99.mediacast.co.il/99fm/mediafiles/full_16_06_13.mp3,,יום ראשון | 16/06/2013
17/06/2013,2013-06-17,יום שני,2013,6,יוני,17,https://a99.mediacast.co.il/99fm/mediafiles/full_17_06_13.mp3,,יום שני | 17/06/2013
18/06/2013,2013-06-18,יום שלישי,2013,6,יוני,18,https://a99.mediacast.co.il/99fm/mediafiles/full_18_06_13.mp3,,יום שלישי | 18/06/2013
19/06/2013,2013-06-19,יום רביעי,2013,6,יוני,19,https://a99.mediacast.co.il/99fm/mediafiles/full_19_06_13.mp3,,יום רביעי | 19/06/2013
20/06/2013,2013-06-20,יום חמישי,2013,6,יוני,20,https://a99.mediacast.co.il/99fm/mediafiles/full_20_06_13.mp3,,יום חמישי | 20/06/2013
23/06/2013,2013-06-23,יום ראשון,2013,6,יוני,23,https://a99.mediacast.co.il/99fm/mediafiles/full_23_06_13.mp3,,יום ראשון | 23/06/2013
24/06/2013,2013-06-24,יום שני,2013,6,יוני,24,https://a99.mediacast.co.il/99fm/mediafiles/full_24_06_13.mp3,,יום שני | 24/06/2013
25/06/2013,2013-06-25,יום שלישי,2013,6,יוני,25,https://a99.mediacast.co.il/99fm/mediafiles/full_25_06_13.mp3,,יום שלישי | 25/06/2013
26/06/2013,2013-06-26,יום רביעי,2013,6,יוני,26,https://a99.mediacast.co.il/99fm/mediafiles/full_26_06_13.mp3,,יום רביעי | 26/06/2013
27/06/2013,2013-06-27,יום חמישי,2013,6,יוני,27,https://a99.mediacast.co.il/99fm/mediafiles/full_27_06_13.mp3,,יום חמישי | 27/06/2013
30/06/2013,2013-06-30,יום ראשון,2013,6,יוני,30,https://a99.mediacast.co.il/99fm/mediafiles/full_30_06_13.mp3,,יום ראשון | 30/06/2013
01/07/2013,2013-07-01,יום שני,2013,7,יולי,1,https://a99.mediacast.co.il/99fm/mediafiles/full_01_07_13.mp3,,יום שני | 01/07/2013
02/07/2013,2013-07-02,יום שלישי,2013,7,יולי,2,https://a99.mediacast.co.il/99fm/mediafiles/full_02_07_13.mp3,,יום שלישי | 02/07/2013
03/07/2013,2013-07-03,יום רביעי,2013,7,יולי,3,https://a99.mediacast.co.il/99fm/mediafiles/full_03_07_13.mp3,,יום רביעי | 03/07/2013
04/07/2013,2013-07-04,יום חמישי,2013,7,יולי,4,https://a99.mediacast.co.il/99fm/mediafiles/full_04_07_13.mp3,,יום חמישי | 04/07/2013
07/07/2013,2013-07-07,יום ראשון,2013,7,יולי,7,https://a99.mediacast.co.il/99fm/mediafiles/full_07_07_13.mp3,,יום ראשון | 07/07/2013
08/07/2013,2013-07-08,יום שני,2013,7,יולי,8,https://a99.mediacast.co.il/99fm/mediafiles/full_08_07_13.mp3,,יום שני | 08/07/2013
09/07/2013,2013-07-09,יום שלישי,2013,7,יולי,9,https://a99.mediacast.co.il/99fm/mediafiles/full_09_07_13.mp3,,יום שלישי | 09/07/2013
10/07/2013,2013-07-10,יום רביעי,2013,7,יולי,10,https://a99.mediacast.co.il/99fm/mediafiles/full_10_07_13.mp3,,יום רביעי | 10/07/2013
11/07/2013,2013-07-11,יום חמישי,2013,7,יולי,11,https://a99.mediacast.co.il/99fm/mediafiles/full_11_07_13.mp3,,יום חמישי | 11/07/2013
14/07/2013,2013-07-14,יום ראשון,2013,7,יולי,14,https://a99.mediacast.co.il/99fm/mediafiles/full_14_07_13.mp3,,יום ראשון | 14/07/2013
15/07/2013,2013-07-15,יום שני,2013,7,יולי,15,https://a99.mediacast.co.il/99fm/mediafiles/full_15_07_13.mp3,,יום שני | 15/07/2013
17/07/2013,2013-07-17,יום רביעי,2013,7,יולי,17,https://a99.mediacast.co.il/99fm/mediafiles/full_17_07_13.mp3,,יום רביעי | 17/07/2013
18/07/2013,2013-07-18,יום חמישי,2013,7,יולי,18,https://a99.mediacast.co.il/99fm/mediafiles/full_18_07_13.mp3,,יום חמישי | 18/07/2013
21/07/2013,2013-07-21,יום ראשון,2013,7,יולי,21,https://a99.mediacast.co.il/99fm/mediafiles/full_21_07_13.mp3,,יום ראשון | 21/07/2013
22/07/2013,2013-07-22,יום שני,2013,7,יולי,22,https://a99.mediacast.co.il/99fm/mediafiles/full_22_07_13.mp3,,יום שני | 22/07/2013
23/07/2013,2013-07-23,יום שלישי,2013,7,יולי,23,https://a99.mediacast.co.il/99fm/mediafiles/full_23_07_13.mp3,,יום שלישי | 23/07/2013
24/07/2013,2013-07-24,יום רביעי,2013,7,יולי,24,https://a99.mediacast.co.il/99fm/mediafiles/full_24_07_13.mp3,,יום רביעי | 24/07/2013
25/07/2013,2013-07-25,יום חמישי,2013,7,יולי,25,https://a99.mediacast.co.il/99fm/mediafiles/full_25_07_13.mp3,,יום חמישי | 25/07/2013
28/07/2013,2013-07-28,יום ראשון,2013,7,יולי,28,https://a99.mediacast.co.il/99fm/mediafiles/full_28_07_13.mp3,,יום ראשון | 28/07/2013
29/07/2013,2013-07-29,יום שני,2013,7,יולי,29,https://a99.mediacast.co.il/99fm/mediafiles/full_29_07_13.mp3,,יום שני | 29/07/2013
30/07/2013,2013-07-30,יום שלישי,2013,7,יולי,30,https://a99.mediacast.co.il/99fm/mediafiles/full_30_07_13.mp3,,יום שלישי | 30/07/2013
31/07/2013,2013-07-31,יום רביעי,2013,7,יולי,31,https://a99.mediacast.co.il/99fm/mediafiles/full_31_07_13.mp3,,יום רביעי | 31/07/2013
01/08/2013,2013-08-01,יום חמישי,2013,8,אוגוסט,1,https://a99.mediacast.co.il/99fm/mediafiles/full_01_08_13.mp3,,יום חמישי | 01/08/2013
04/08/2013,2013-08-04,יום ראשון,2013,8,אוגוסט,4,https://a99.mediacast.co.il/99fm/mediafiles/full_04_08_13.mp3,,יום ראשון | 04/08/2013
05/08/2013,2013-08-05,יום שני,2013,8,אוגוסט,5,https://a99.mediacast.co.il/99fm/mediafiles/full_05_08_13.mp3,,יום שני | 05/08/2013
06/08/2013,2013-08-06,יום שלישי,2013,8,אוגוסט,6,https://a99.mediacast.co.il/99fm/mediafiles/full_06_08_13.mp3,,יום שלישי | 06/08/2013
07/08/2013,2013-08-07,יום רביעי,2013,8,אוגוסט,7,https://a99.mediacast.co.il/99fm/mediafiles/full_07_08_13.mp3,,יום רביעי | 07/08/2013
08/08/2013,2013-08-08,יום חמישי,2013,8,אוגוסט,8,https://a99.mediacast.co.il/99fm/mediafiles/full_08_08_13.mp3,,יום חמישי | 08/08/2013
11/08/2013,2013-08-11,יום ראשון,2013,8,אוגוסט,11,https://a99.mediacast.co.il/99fm/mediafiles/full_11_08_13.mp3,,יום ראשון | 11/08/2013
12/08/2013,2013-08-12,יום שני,2013,8,אוגוסט,12,https://a99.mediacast.co.il/99fm/mediafiles/full_12_08_13.mp3,,יום שני | 12/08/2013
13/08/2013,2013-08-13,יום שלישי,2013,8,אוגוסט,13,https://a99.mediacast.co.il/99fm/mediafiles/full_13_08_13.mp3,,יום שלישי | 13/08/2013
14/08/2013,2013-08-14,יום רביעי,2013,8,אוגוסט,14,https://a99.mediacast.co.il/99fm/mediafiles/full_14_08_13.mp3,,יום רביעי | 14/08/2013
15/08/2013,2013-08-15,יום חמישי,2013,8,אוגוסט,15,https://a99.mediacast.co.il/99fm/mediafiles/full_15_08_13.mp3,,יום חמישי | 15/08/2013
18/08/2013,2013-08-18,יום ראשון,2013,8,אוגוסט,18,https://a99.mediacast.co.il/99fm/mediafiles/full_18_08_13.mp3,,יום ראשון | 18/08/2013
19/08/2013,2013-08-19,יום שני,2013,8,אוגוסט,19,https://a99.mediacast.co.il/99fm/mediafiles/full_19_08_13.mp3,,יום שני | 19/08/2013
20/08/2013,2013-08-20,יום שלישי,2013,8,אוגוסט,20,https://a99.mediacast.co.il/99fm/mediafiles/full_20_08_13.mp3,,יום שלישי | 20/08/2013
21/08/2013,2013-08-21,יום רביעי,2013,8,אוגוסט,21,https://a99.mediacast.co.il/99fm/mediafiles/full_21_08_13.mp3,,יום רביעי | 21/08/2013
22/08/2013,2013-08-22,יום חמישי,2013,8,אוגוסט,22,https://a99.mediacast.co.il/99fm/mediafiles/full_22_08_13.mp3,,יום חמישי | 22/08/2013
25/08/2013,2013-08-25,יום ראשון,2013,8,אוגוסט,25,https://a99.mediacast.co.il/99fm/mediafiles/full_25_08_13.mp3,,יום ראשון | 25/08/2013
26/08/2013,2013-08-26,יום שני,2013,8,אוגוסט,26,https://a99.mediacast.co.il/99fm/mediafiles/full_26_08_13.mp3,,יום שני | 26/08/2013
27/08/2013,2013-08-27,יום שלישי,2013,8,אוגוסט,27,https://a99.mediacast.co.il/99fm/mediafiles/full_27_08_13.mp3,,יום שלישי | 27/08/2013
28/08/2013,2013-08-28,יום רביעי,2013,8,אוגוסט,28,https://a99.mediacast.co.il/99fm/mediafiles/full_28_08_13.mp3,,יום רביעי | 28/08/2013
29/08/2013,2013-08-29,יום חמישי,2013,8,אוגוסט,29,https://a99.mediacast.co.il/99fm/mediafiles/full_29_08_13.mp3,,יום חמישי | 29/08/2013
01/09/2013,2013-09-01,יום ראשון,2013,9,ספטמבר,1,https://a99.mediacast.co.il/99fm/mediafiles/full_01_09_13.mp3,,יום ראשון | 01/09/2013
02/09/2013,2013-09-02,יום שני,2013,9,ספטמבר,2,https://a99.mediacast.co.il/99fm/mediafiles/full_02_09_13.mp3,,יום שני | 02/09/2013
03/09/2013,2013-09-03,יום שלישי,2013,9,ספטמבר,3,https://a99.mediacast.co.il/99fm/mediafiles/full_03_09_13.mp3,,יום שלישי | 03/09/2013
08/09/2013,2013-09-08,יום ראשון,2013,9,ספטמבר,8,https://a99.mediacast.co.il/99fm/mediafiles/full_08_09_13.mp3,,יום ראשון | 08/09/2013
09/09/2013,2013-09-09,יום שני,2013,9,ספטמבר,9,https://a99.mediacast.co.il/99fm/mediafiles/full_09_09_13.mp3,,יום שני | 09/09/2013
10/09/2013,2013-09-10,יום שלישי,2013,9,ספטמבר,10,https://a99.mediacast.co.il/99fm/mediafiles/full_10_09_13.mp3,,יום שלישי | 10/09/2013
11/09/2013,2013-09-11,יום רביעי,2013,9,ספטמבר,11,https://a99.mediacast.co.il/99fm/mediafiles/full_11_09_13.mp3,,יום רביעי | 11/09/2013
12/09/2013,2013-09-12,יום חמישי,2013,9,ספטמבר,12,https://a99.mediacast.co.il/99fm/mediafiles/full_12_09_13.mp3,,יום חמישי | 12/09/2013
15/09/2013,2013-09-15,יום ראשון,2013,9,ספטמבר,15,https://a99.mediacast.co.il/99fm/mediafiles/full_15_09_13.mp3,,יום ראשון | 15/09/2013
16/09/2013,2013-09-16,יום שני,2013,9,ספטמבר,16,https://a99.mediacast.co.il/99fm/mediafiles/full_16_09_13.mp3,,יום שני | 16/09/2013
17/09/2013,2013-09-17,יום שלישי,2013,9,ספטמבר,17,https://a99.mediacast.co.il/99fm/mediafiles/full_17_09_13.mp3,,יום שלישי | 17/09/2013
29/09/2013,2013-09-29,יום ראשון,2013,9,ספטמבר,29,https://a99.mediacast.co.il/99fm/mediafiles/full_29_09_13.mp3,,יום ראשון | 29/09/2013
30/09/2013,2013-09-30,יום שני,2013,9,ספטמבר,30,https://a99.mediacast.co.il/99fm/mediafiles/full_30_09_13.mp3,,יום שני | 30/09/2013
01/10/2013,2013-10-01,יום שלישי,2013,10,אוקטובר,1,https://a99.mediacast.co.il/99fm/mediafiles/full_01_10_13.mp3,,יום שלישי | 01/10/2013
02/10/2013,2013-10-02,יום רביעי,2013,10,אוקטובר,2,https://a99.mediacast.co.il/99fm/mediafiles/full_02_10_13.mp3,,יום רביעי | 02/10/2013
03/10/2013,2013-10-03,יום חמישי,2013,10,אוקטובר,3,https://a99.mediacast.co.il/99fm/mediafiles/full_03_10_13.mp3,,יום חמישי | 03/10/2013
06/10/2013,2013-10-06,יום ראשון,2013,10,אוקטובר,6,https://a99.mediacast.co.il/99fm/mediafiles/full_06_10_13.mp3,,יום ראשון | 06/10/2013
07/10/2013,2013-10-07,יום שני,2013,10,אוקטובר,7,https://a99.mediacast.co.il/99fm/mediafiles/full_07_10_13.mp3,,יום שני | 07/10/2013
08/10/2013,2013-10-08,יום שלישי,2013,10,אוקטובר,8,https://a99.mediacast.co.il/99fm/mediafiles/full_08_10_13.mp3,,יום שלישי | 08/10/2013
09/10/2013,2013-10-09,יום רביעי,2013,10,אוקטובר,9,https://a99.mediacast.co.il/99fm/mediafiles/full_09_10_13.mp3,,יום רביעי | 09/10/2013
10/10/2013,2013-10-10,יום חמישי,2013,10,אוקטובר,10,https://a99.mediacast.co.il/99fm/mediafiles/full_10_10_13.mp3,,יום חמישי | 10/10/2013
13/10/2013,2013-10-13,יום ראשון,2013,10,אוקטובר,13,https://a99.mediacast.co.il/99fm/mediafiles/full_13_10_13.mp3,,יום ראשון | 13/10/2013
14/10/2013,2013-10-14,יום שני,2013,10,אוקטובר,14,https://a99.mediacast.co.il/99fm/mediafiles/full_14_10_13.mp3,,יום שני | 14/10/2013
15/10/2013,2013-10-15,יום שלישי,2013,10,אוקטובר,15,https://a99.mediacast.co.il/99fm/mediafiles/full_15_10_13.mp3,,יום שלישי | 15/10/2013
16/10/2013,2013-10-16,יום רביעי,2013,10,אוקטובר,16,https://a99.mediacast.co.il/99fm/mediafiles/full_16_10_13.mp3,,יום רביעי | 16/10/2013
17/10/2013,2013-10-17,יום חמישי,2013,10,אוקטובר,17,https://a99.mediacast.co.il/99fm/mediafiles/full_17_10_13.mp3,,יום חמישי | 17/10/2013
20/10/2013,2013-10-20,יום ראשון,2013,10,אוקטובר,20,https://a99.mediacast.co.il/99fm/mediafiles/full_20_10_13.mp3,,יום ראשון | 20/10/2013
21/10/2013,2013-10-21,יום שני,2013,10,אוקטובר,21,https://a99.mediacast.co.il/99fm/mediafiles/full_21_10_13.mp3,,יום שני | 21/10/2013
22/10/2013,2013-10-22,יום שלישי,2013,10,אוקטובר,22,https://a99.mediacast.co.il/99fm/mediafiles/full_22_10_13.mp3,,יום שלישי | 22/10/2013
23/10/2013,2013-10-23,יום רביעי,2013,10,אוקטובר,23,https://a99.mediacast.co.il/99fm/mediafiles/full_23_10_13.mp3,,יום רביעי | 23/10/2013
24/10/2013,2013-10-24,יום חמישי,2013,10,אוקטובר,24,https://a99.mediacast.co.il/99fm/mediafiles/full_24_10_13.mp3,,יום חמישי | 24/10/2013
27/10/2013,2013-10-27,יום ראשון,2013,10,אוקטובר,27,https://a99.mediacast.co.il/99fm/mediafiles/full_27_10_13.mp3,,יום ראשון | 27/10/2013
28/10/2013,2013-10-28,יום שני,2013,10,אוקטובר,28,https://a99.mediacast.co.il/99fm/mediafiles/full_28_10_13.mp3,,יום שני | 28/10/2013
29/10/2013,2013-10-29,יום שלישי,2013,10,אוקטובר,29,https://a99.mediacast.co.il/99fm/mediafiles/full_29_10_13.mp3,,יום שלישי | 29/10/2013
30/10/2013,2013-10-30,יום רביעי,2013,10,אוקטובר,30,https://a99.mediacast.co.il/99fm/mediafiles/full_30_10_13.mp3,,יום רביעי | 30/10/2013
31/10/2013,2013-10-31,יום חמישי,2013,10,אוקטובר,31,https://a99.mediacast.co.il/99fm/mediafiles/full_31_10_13.mp3,,יום חמישי | 31/10/2013
03/11/2013,2013-11-03,יום ראשון,2013,11,נובמבר,3,https://a99.mediacast.co.il/99fm/mediafiles/full_03_11_13.mp3,,יום ראשון | 03/11/2013
04/11/2013,2013-11-04,יום שני,2013,11,נובמבר,4,https://a99.mediacast.co.il/99fm/mediafiles/full_04_11_13.mp3,,יום שני | 04/11/2013
05/11/2013,2013-11-05,יום שלישי,2013,11,נובמבר,5,https://a99.mediacast.co.il/99fm/mediafiles/full_05_11_13.mp3,,יום שלישי | 05/11/2013
06/11/2013,2013-11-06,יום רביעי,2013,11,נובמבר,6,https://a99.mediacast.co.il/99fm/mediafiles/full_06_11_13.mp3,,יום רביעי | 06/11/2013
07/11/2013,2013-11-07,יום חמישי,2013,11,נובמבר,7,https://a99.mediacast.co.il/99fm/mediafiles/full_07_11_13.mp3,,יום חמישי | 07/11/2013
10/11/2013,2013-11-10,יום ראשון,2013,11,נובמבר,10,https://a99.mediacast.co.il/99fm/mediafiles/full_10_11_13.mp3,,יום ראשון | 10/11/2013
11/11/2013,2013-11-11,יום שני,2013,11,נובמבר,11,https://a99.mediacast.co.il/99fm/mediafiles/full_11_11_13.mp3,,יום שני | 11/11/2013
12/11/2013,2013-11-12,יום שלישי,2013,11,נובמבר,12,https://a99.mediacast.co.il/99fm/mediafiles/full_12_11_13.mp3,,יום שלישי | 12/11/2013
13/11/2013,2013-11-13,יום רביעי,2013,11,נובמבר,13,https://a99.mediacast.co.il/99fm/mediafiles/full_13_11_13.mp3,,יום רביעי | 13/11/2013
14/11/2013,2013-11-14,יום חמישי,2013,11,נובמבר,14,https://a99.mediacast.co.il/99fm/mediafiles/full_14_11_13.mp3,,יום חמישי | 14/11/2013
17/11/2013,2013-11-17,יום ראשון,2013,11,נובמבר,17,https://a99.mediacast.co.il/99fm/mediafiles/full_17_11_13.mp3,,יום ראשון | 17/11/2013
18/11/2013,2013-11-18,יום שני,2013,11,נובמבר,18,https://a99.mediacast.co.il/99fm/mediafiles/full_18_11_13.mp3,,יום שני | 18/11/2013
19/11/2013,2013-11-19,יום שלישי,2013,11,נובמבר,19,https://a99.mediacast.co.il/99fm/mediafiles/full_19_11_13.mp3,,יום שלישי | 19/11/2013
20/11/2013,2013-11-20,יום רביעי,2013,11,נובמבר,20,https://a99.mediacast.co.il/99fm/mediafiles/full_20_11_13.mp3,,יום רביעי | 20/11/2013
21/11/2013,2013-11-21,יום חמישי,2013,11,נובמבר,21,https://a99.mediacast.co.il/99fm/mediafiles/full_21_11_13.mp3,,יום חמישי | 21/11/2013
24/11/2013,2013-11-24,יום ראשון,2013,11,נובמבר,24,https://a99.mediacast.co.il/99fm/mediafiles/full_24_11_13.mp3,,יום ראשון | 24/11/2013
25/11/2013,2013-11-25,יום שני,2013,11,נובמבר,25,https://a99.mediacast.co.il/99fm/mediafiles/full_25_11_13.mp3,,יום שני | 25/11/2013
26/11/2013,2013-11-26,יום שלישי,2013,11,נובמבר,26,https://a99.mediacast.co.il/99fm/mediafiles/full_26_11_13.mp3,,יום שלישי | 26/11/2013
27/11/2013,2013-11-27,יום רביעי,2013,11,נובמבר,27,https://a99.mediacast.co.il/99fm/mediafiles/full_27_11_13.mp3,,יום רביעי | 27/11/2013
28/11/2013,2013-11-28,יום חמישי,2013,11,נובמבר,28,https://a99.mediacast.co.il/99fm/mediafiles/full_28_11_13.mp3,,יום חמישי | 28/11/2013
01/12/2013,2013-12-01,יום ראשון,2013,12,דצמבר,1,https://a99.mediacast.co.il/99fm/mediafiles/full_01_12_13.mp3,,יום ראשון | 01/12/2013
02/12/2013,2013-12-02,יום שני,2013,12,דצמבר,2,https://a99.mediacast.co.il/99fm/mediafiles/full_02_12_13.mp3,,יום שני | 02/12/2013
03/12/2013,2013-12-03,יום שלישי,2013,12,דצמבר,3,https://a99.mediacast.co.il/99fm/mediafiles/full_03_12_13.mp3,,יום שלישי | 03/12/2013
04/12/2013,2013-12-04,יום רביעי,2013,12,דצמבר,4,https://a99.mediacast.co.il/99fm/mediafiles/full_04_12_13.mp3,,יום רביעי | 04/12/2013
05/12/2013,2013-12-05,יום חמישי,2013,12,דצמבר,5,https://a99.mediacast.co.il/99fm/mediafiles/full_05_12_13.mp3,,יום חמישי | 05/12/2013
10/12/2013,2013-12-10,יום שלישי,2013,12,דצמבר,10,https://a99.mediacast.co.il/99fm/mediafiles/full_10_12_13.mp3,,יום שלישי | 10/12/2013
11/12/2013,2013-12-11,יום רביעי,2013,12,דצמבר,11,https://a99.mediacast.co.il/99fm/mediafiles/full_11_12_13.mp3,,יום רביעי | 11/12/2013
12/12/2013,2013-12-12,יום חמישי,2013,12,דצמבר,12,https://a99.mediacast.co.il/99fm/mediafiles/full_12_12_13.mp3,,יום חמישי | 12/12/2013
15/12/2013,2013-12-15,יום ראשון,2013,12,דצמבר,15,https://a99.mediacast.co.il/99fm/mediafiles/full_15_12_13.mp3,,יום ראשון | 15/12/2013
16/12/2013,2013-12-16,יום שני,2013,12,דצמבר,16,https://a99.mediacast.co.il/99fm/mediafiles/full_16_12_13.mp3,,יום שני | 16/12/2013
17/12/2013,2013-12-17,יום שלישי,2013,12,דצמבר,17,https://a99.mediacast.co.il/99fm/mediafiles/full_17_12_13.mp3,,יום שלישי | 17/12/2013
18/12/2013,2013-12-18,יום רביעי,2013,12,דצמבר,18,https://a99.mediacast.co.il/99fm/mediafiles/full_18_12_13.mp3,,יום רביעי | 18/12/2013
19/12/2013,2013-12-19,יום חמישי,2013,12,דצמבר,19,https://a99.mediacast.co.il/99fm/mediafiles/full_19_12_13.mp3,,יום חמישי | 19/12/2013
22/12/2013,2013-12-22,יום ראשון,2013,12,דצמבר,22,https://a99.mediacast.co.il/99fm/mediafiles/full_22_12_13.mp3,,יום ראשון | 22/12/2013
23/12/2013,2013-12-23,יום שני,2013,12,דצמבר,23,https://a99.mediacast.co.il/99fm/mediafiles/full_23_12_13.mp3,,יום שני | 23/12/2013
24/12/2013,2013-12-24,יום שלישי,2013,12,דצמבר,24,https://a99.mediacast.co.il/99fm/mediafiles/full_24_12_13.mp3,,יום שלישי | 24/12/2013
25/12/2013,2013-12-25,יום רביעי,2013,12,דצמבר,25,https://a99.mediacast.co.il/99fm/mediafiles/full_25_12_13.mp3,,יום רביעי | 25/12/2013
26/12/2013,2013-12-26,יום חמישי,2013,12,דצמבר,26,https://a99.mediacast.co.il/99fm/mediafiles/full_26_12_13.mp3,,יום חמישי | 26/12/2013
29/12/2013,2013-12-29,יום ראשון,2013,12,דצמבר,29,https://a99.mediacast.co.il/99fm/mediafiles/full_29_12_13.mp3,,יום ראשון | 29/12/2013
30/12/2013,2013-12-30,יום שני,2013,12,דצמבר,30,https://a99.mediacast.co.il/99fm/mediafiles/full_30_12_13.mp3,,יום שני | 30/12/2013
31/12/2013,2013-12-31,יום שלישי,2013,12,דצמבר,31,https://a99.mediacast.co.il/99fm/mediafiles/full_31_12_13.mp3,,יום שלישי | 31/12/2013
01/01/2014,2014-01-01,יום רביעי,2014,1,ינואר,1,https://a99.mediacast.co.il/99fm/mediafiles/full_01_01_14.mp3,,יום רביעי | 01/01/2014
02/01/2014,2014-01-02,יום חמישי,2014,1,ינואר,2,https://a99.mediacast.co.il/99fm/mediafiles/full_02_01_14.mp3,,יום חמישי | 02/01/2014
05/01/2014,2014-01-05,יום ראשון,2014,1,ינואר,5,https://a99.mediacast.co.il/99fm/mediafiles/full_05_01_14.mp3,,יום ראשון | 05/01/2014
06/01/2014,2014-01-06,יום שני,2014,1,ינואר,6,https://a99.mediacast.co.il/99fm/mediafiles/full_06_01_14.mp3,,יום שני | 06/01/2014
07/01/2014,2014-01-07,יום שלישי,2014,1,ינואר,7,https://a99.mediacast.co.il/99fm/mediafiles/full_07_01_14.mp3,,יום שלישי | 07/01/2014
08/01/2014,2014-01-08,יום רביעי,2014,1,ינואר,8,https://a99.mediacast.co.il/99fm/mediafiles/full_08_01_14.mp3,,יום רביעי | 08/01/2014
09/01/2014,2014-01-09,יום חמישי,2014,1,ינואר,9,https://a99.mediacast.co.il/99fm/mediafiles/full_09_01_14.mp3,,יום חמישי | 09/01/2014
12/01/2014,2014-01-12,יום ראשון,2014,1,ינואר,12,https://a99.mediacast.co.il/99fm/mediafiles/full_12_01_14.mp3,,יום ראשון | 12/01/2014
13/01/2014,2014-01-13,יום שני,2014,1,ינואר,13,https://a99.mediacast.co.il/99fm/mediafiles/full_13_01_14.mp3,,יום שני | 13/01/2014
14/01/2014,2014-01-14,יום שלישי,2014,1,ינואר,14,https://a99.mediacast.co.il/99fm/mediafiles/full_14_01_14.mp3,,יום שלישי | 14/01/2014
15/01/2014,2014-01-15,יום רביעי,2014,1,ינואר,15,https://a99.mediacast.co.il/99fm/mediafiles/full_15_01_14.mp3,,יום רביעי | 15/01/2014
16/01/2014,2014-01-16,יום חמישי,2014,1,ינואר,16,https://a99.mediacast.co.il/99fm/mediafiles/full_16_01_14.mp3,,יום חמישי | 16/01/2014
19/01/2014,2014-01-19,יום ראשון,2014,1,ינואר,19,https://a99.mediacast.co.il/99fm/mediafiles/full_19_01_14.mp3,,יום ראשון | 19/01/2014
20/01/2014,2014-01-20,יום שני,2014,1,ינואר,20,https://a99.mediacast.co.il/99fm/mediafiles/full_20_01_14.mp3,,יום שני | 20/01/2014
21/01/2014,2014-01-21,יום שלישי,2014,1,ינואר,21,https://a99.mediacast.co.il/99fm/mediafiles/full_21_01_14.mp3,,יום שלישי | 21/01/2014
22/01/2014,2014-01-22,יום רביעי,2014,1,ינואר,22,https://a99.mediacast.co.il/99fm/mediafiles/full_22_01_14.mp3,,יום רביעי | 22/01/2014
23/01/2014,2014-01-23,יום חמישי,2014,1,ינואר,23,https://a99.mediacast.co.il/99fm/mediafiles/full_23_01_14.mp3,,יום חמישי | 23/01/2014
27/01/2014,2014-01-27,יום שני,2014,1,ינואר,27,https://a99.mediacast.co.il/99fm/mediafiles/full_27_01_14.mp3,,יום שני | 27/01/2014
28/01/2014,2014-01-28,יום שלישי,2014,1,ינואר,28,https://a99.mediacast.co.il/99fm/mediafiles/full_28_01_14.mp3,,יום שלישי | 28/01/2014
30/01/2014,2014-01-30,יום חמישי,2014,1,ינואר,30,https://a99.mediacast.co.il/99fm/mediafiles/full_30_01_14.mp3,,יום חמישי | 30/01/2014
02/02/2014,2014-02-02,יום ראשון,2014,2,פברואר,2,https://a99.mediacast.co.il/99fm/mediafiles/full_02_02_14.mp3,,יום ראשון | 02/02/2014
03/02/2014,2014-02-03,יום שני,2014,2,פברואר,3,https://a99.mediacast.co.il/99fm/mediafiles/full_03_02_14.mp3,,יום שני | 03/02/2014
04/02/2014,2014-02-04,יום שלישי,2014,2,פברואר,4,https://a99.mediacast.co.il/99fm/mediafiles/full_04_02_14.mp3,,יום שלישי | 04/02/2014
05/02/2014,2014-02-05,יום רביעי,2014,2,פברואר,5,https://a99.mediacast.co.il/99fm/mediafiles/full_05_02_14.mp3,,יום רביעי | 05/02/2014
06/02/2014,2014-02-06,יום חמישי,2014,2,פברואר,6,https://a99.mediacast.co.il/99fm/mediafiles/full_06_02_14.mp3,,יום חמישי | 06/02/2014
09/02/2014,2014-02-09,יום ראשון,2014,2,פברואר,9,https://a99.mediacast.co.il/99fm/mediafiles/full_09_02_14.mp3,,יום ראשון | 09/02/2014
10/02/2014,2014-02-10,יום שני,2014,2,פברואר,10,https://a99.mediacast.co.il/99fm/mediafiles/full_10_02_14.mp3,,יום שני | 10/02/2014
11/02/2014,2014-02-11,יום שלישי,2014,2,פברואר,11,https://a99.mediacast.co.il/99fm/mediafiles/full_11_02_14.mp3,,יום שלישי | 11/02/2014
12/02/2014,2014-02-12,יום רביעי,2014,2,פברואר,12,https://a99.mediacast.co.il/99fm/mediafiles/full_12_02_14.mp3,,יום רביעי | 12/02/2014
13/02/2014,2014-02-13,יום חמישי,2014,2,פברואר,13,https://a99.mediacast.co.il/99fm/mediafiles/full_13_02_14.mp3,,יום חמישי | 13/02/2014
16/02/2014,2014-02-16,יום ראשון,2014,2,פברואר,16,https://a99.mediacast.co.il/99fm/mediafiles/full_16_02_14.mp3,,יום ראשון | 16/02/2014
17/02/2014,2014-02-17,יום שני,2014,2,פברואר,17,https://a99.mediacast.co.il/99fm/mediafiles/full_17_02_14.mp3,,יום שני | 17/02/2014
18/02/2014,2014-02-18,יום שלישי,2014,2,פברואר,18,https://a99.mediacast.co.il/99fm/mediafiles/full_18_02_14.mp3,,יום שלישי | 18/02/2014
19/02/2014,2014-02-19,יום רביעי,2014,2,פברואר,19,https://a99.mediacast.co.il/99fm/mediafiles/full_19_02_14.mp3,,יום רביעי | 19/02/2014
20/02/2014,2014-02-20,יום חמישי,2014,2,פברואר,20,https://a99.mediacast.co.il/99fm/mediafiles/full_20_02_14.mp3,,יום חמישי | 20/02/2014
23/02/2014,2014-02-23,יום ראשון,2014,2,פברואר,23,https://a99.mediacast.co.il/99fm/mediafiles/full_23_02_14.mp3,,יום ראשון | 23/02/2014
24/02/2014,2014-02-24,יום שני,2014,2,פברואר,24,https://a99.mediacast.co.il/99fm/mediafiles/full_24_02_14.mp3,,יום שני | 24/02/2014
25/02/2014,2014-02-25,יום שלישי,2014,2,פברואר,25,https://a99.mediacast.co.il/99fm/mediafiles/full_25_02_14.mp3,,יום שלישי | 25/02/2014
26/02/2014,2014-02-26,יום רביעי,2014,2,פברואר,26,https://a99.mediacast.co.il/99fm/mediafiles/full_26_02_14.mp3,,יום רביעי | 26/02/2014
27/02/2014,2014-02-27,יום חמישי,2014,2,פברואר,27,https://a99.mediacast.co.il/99fm/mediafiles/full_27_02_14.mp3,,יום חמישי | 27/02/2014
02/03/2014,2014-03-02,יום ראשון,2014,3,מרץ,2,https://a99.mediacast.co.il/99fm/mediafiles/full_02_03_14.mp3,,יום ראשון | 02/03/2014
03/03/2014,2014-03-03,יום שני,2014,3,מרץ,3,https://a99.mediacast.co.il/99fm/mediafiles/full_03_03_14.mp3,,יום שני | 03/03/2014
04/03/2014,2014-03-04,יום שלישי,2014,3,מרץ,4,https://a99.mediacast.co.il/99fm/mediafiles/full_04_03_14.mp3,,יום שלישי | 04/03/2014
05/03/2014,2014-03-05,יום רביעי,2014,3,מרץ,5,https://a99.mediacast.co.il/99fm/mediafiles/full_05_03_14.mp3,,יום רביעי | 05/03/2014
06/03/2014,2014-03-06,יום חמישי,2014,3,מרץ,6,https://a99.mediacast.co.il/99fm/mediafiles/full_06_03_14.mp3,,יום חמישי | 06/03/2014
09/03/2014,2014-03-09,יום ראשון,2014,3,מרץ,9,https://a99.mediacast.co.il/99fm/mediafiles/full_09_03_14.mp3,,יום ראשון | 09/03/2014
10/03/2014,2014-03-10,יום שני,2014,3,מרץ,10,https://a99.mediacast.co.il/99fm/mediafiles/full_10_03_14.mp3,,יום שני | 10/03/2014
11/03/2014,2014-03-11,יום שלישי,2014,3,מרץ,11,https://a99.mediacast.co.il/99fm/mediafiles/full_11_03_14.mp3,,יום שלישי | 11/03/2014
12/03/2014,2014-03-12,יום רביעי,2014,3,מרץ,12,https://a99.mediacast.co.il/99fm/mediafiles/full_12_03_14.mp3,,יום רביעי | 12/03/2014
13/03/2014,2014-03-13,יום חמישי,2014,3,מרץ,13,https://a99.mediacast.co.il/99fm/mediafiles/full_13_03_14.mp3,,יום חמישי | 13/03/2014
16/03/2014,2014-03-16,יום ראשון,2014,3,מרץ,16,https://a99.mediacast.co.il/99fm/mediafiles/full_16_03_14.mp3,,יום ראשון | 16/03/2014
17/03/2014,2014-03-17,יום שני,2014,3,מרץ,17,https://a99.mediacast.co.il/99fm/mediafiles/full_17_03_14.mp3,,יום שני | 17/03/2014
18/03/2014,2014-03-18,יום שלישי,2014,3,מרץ,18,https://a99.mediacast.co.il/99fm/mediafiles/full_18_03_14.mp3,,יום שלישי | 18/03/2014
19/03/2014,2014-03-19,יום רביעי,2014,3,מרץ,19,https://a99.mediacast.co.il/99fm/mediafiles/full_19_03_14.mp3,,יום רביעי | 19/03/2014
20/03/2014,2014-03-20,יום חמישי,2014,3,מרץ,20,https://a99.mediacast.co.il/99fm/mediafiles/full_20_03_14.mp3,,יום חמישי | 20/03/2014
23/03/2014,2014-03-23,יום ראשון,2014,3,מרץ,23,https://a99.mediacast.co.il/99fm/mediafiles/full_23_03_14.mp3,,יום ראשון | 23/03/2014
24/03/2014,2014-03-24,יום שני,2014,3,מרץ,24,https://a99.mediacast.co.il/99fm/mediafiles/full_24_03_14.mp3,,יום שני | 24/03/2014
25/03/2014,2014-03-25,יום שלישי,2014,3,מרץ,25,https://a99.mediacast.co.il/99fm/mediafiles/full_25_03_14.mp3,,יום שלישי | 25/03/2014
26/03/2014,2014-03-26,יום רביעי,2014,3,מרץ,26,https://a99.mediacast.co.il/99fm/mediafiles/full_26_03_14.mp3,,יום רביעי | 26/03/2014
27/03/2014,2014-03-27,יום חמישי,2014,3,מרץ,27,https://a99.mediacast.co.il/99fm/mediafiles/full_27_03_14.mp3,,יום חמישי | 27/03/2014
30/03/2014,2014-03-30,יום ראשון,2014,3,מרץ,30,https://a99.mediacast.co.il/99fm/mediafiles/full_30_03_14.mp3,,יום ראשון | 30/03/2014
31/03/2014,2014-03-31,יום שני,2014,3,מרץ,31,https://a99.mediacast.co.il/99fm/mediafiles/full_31_03_14.mp3,,יום שני | 31/03/2014
01/04/2014,2014-04-01,יום שלישי,2014,4,אפריל,1,https://a99.mediacast.co.il/99fm/mediafiles/full_01_04_14.mp3,,יום שלישי | 01/04/2014
02/04/2014,2014-04-02,יום רביעי,2014,4,אפריל,2,https://a99.mediacast.co.il/99fm/mediafiles/full_02_04_14.mp3,,יום רביעי | 02/04/2014
03/04/2014,2014-04-03,יום חמישי,2014,4,אפריל,3,https://a99.mediacast.co.il/99fm/mediafiles/full_03_04_14.mp3,,יום חמישי | 03/04/2014
06/04/2014,2014-04-06,יום ראשון,2014,4,אפריל,6,https://a99.mediacast.co.il/99fm/mediafiles/full_06_04_14.mp3,,יום ראשון | 06/04/2014
07/04/2014,2014-04-07,יום שני,2014,4,אפריל,7,https://a99.mediacast.co.il/99fm/mediafiles/full_07_04_14.mp3,,יום שני | 07/04/2014
08/04/2014,2014-04-08,יום שלישי,2014,4,אפריל,8,https://a99.mediacast.co.il/99fm/mediafiles/full_08_04_14.mp3,,יום שלישי | 08/04/2014
09/04/2014,2014-04-09,יום רביעי,2014,4,אפריל,9,https://a99.mediacast.co.il/99fm/mediafiles/full_09_04_14.mp3,,יום רביעי | 09/04/2014
10/04/2014,2014-04-10,יום חמישי,2014,4,אפריל,10,https://a99.mediacast.co.il/99fm/mediafiles/full_10_04_14.mp3,,יום חמישי | 10/04/2014
13/04/2014,2014-04-13,יום ראשון,2014,4,אפריל,13,https://a99.mediacast.co.il/99fm/mediafiles/full_13_04_14.mp3,,יום ראשון | 13/04/2014
22/04/2014,2014-04-22,יום שלישי,2014,4,אפריל,22,https://a99.mediacast.co.il/99fm/mediafiles/full_22_04_14.mp3,,יום שלישי | 22/04/2014
23/04/2014,2014-04-23,יום רביעי,2014,4,אפריל,23,https://a99.mediacast.co.il/99fm/mediafiles/full_23_04_14.mp3,,יום רביעי | 23/04/2014
24/04/2014,2014-04-24,יום חמישי,2014,4,אפריל,24,https://a99.mediacast.co.il/99fm/mediafiles/full_24_04_14.mp3,,יום חמישי | 24/04/2014
27/04/2014,2014-04-27,יום ראשון,2014,4,אפריל,27,https://a99.mediacast.co.il/99fm/mediafiles/full_27_04_14.mp3,,יום ראשון | 27/04/2014
29/04/2014,2014-04-29,יום שלישי,2014,4,אפריל,29,https://a99.mediacast.co.il/99fm/mediafiles/full_29_04_14.mp3,,יום שלישי | 29/04/2014
30/04/2014,2014-04-30,יום רביעי,2014,4,אפריל,30,https://a99.mediacast.co.il/99fm/mediafiles/full_30_04_14.mp3,,יום רביעי | 30/04/2014
01/05/2014,2014-05-01,יום חמישי,2014,5,מאי,1,https://a99.mediacast.co.il/99fm/mediafiles/full_01_05_14.mp3,,יום חמישי | 01/05/2014
04/05/2014,2014-05-04,יום ראשון,2014,5,מאי,4,https://a99.mediacast.co.il/99fm/mediafiles/full_04_05_14.mp3,,יום ראשון | 04/05/2014
07/05/2014,2014-05-07,יום רביעי,2014,5,מאי,7,https://a99.mediacast.co.il/99fm/mediafiles/full_07_05_14.mp3,,יום רביעי | 07/05/2014
08/05/2014,2014-05-08,יום חמישי,2014,5,מאי,8,https://a99.mediacast.co.il/99fm/mediafiles/full_08_05_14.mp3,,יום חמישי | 08/05/2014
11/05/2014,2014-05-11,יום ראשון,2014,5,מאי,11,https://a99.mediacast.co.il/99fm/mediafiles/full_11_05_14.mp3,,יום ראשון | 11/05/2014
12/05/2014,2014-05-12,יום שני,2014,5,מאי,12,https://a99.mediacast.co.il/99fm/mediafiles/full_12_05_14.mp3,,יום שני | 12/05/2014
14/05/2014,2014-05-14,יום רביעי,2014,5,מאי,14,https://a99.mediacast.co.il/99fm/mediafiles/full_14_05_14.mp3,,יום רביעי | 14/05/2014
18/05/2014,2014-05-18,יום ראשון,2014,5,מאי,18,https://a99.mediacast.co.il/99fm/mediafiles/full_18_05_14.mp3,,יום ראשון | 18/05/2014
19/05/2014,2014-05-19,יום שני,2014,5,מאי,19,https://a99.mediacast.co.il/99fm/mediafiles/full_19_05_14.mp3,,יום שני | 19/05/2014
20/05/2014,2014-05-20,יום שלישי,2014,5,מאי,20,https://a99.mediacast.co.il/99fm/mediafiles/full_20_05_14.mp3,,יום שלישי | 20/05/2014
21/05/2014,2014-05-21,יום רביעי,2014,5,מאי,21,https://a99.mediacast.co.il/99fm/mediafiles/full_21_05_14.mp3,,יום רביעי | 21/05/2014
22/05/2014,2014-05-22,יום חמישי,2014,5,מאי,22,https://a99.mediacast.co.il/99fm/mediafiles/full_22_05_14.mp3,,יום חמישי | 22/05/2014
25/05/2014,2014-05-25,יום ראשון,2014,5,מאי,25,https://a99.mediacast.co.il/99fm/mediafiles/full_25_05_14.mp3,,יום ראשון | 25/05/2014
27/05/2014,2014-05-27,יום שלישי,2014,5,מאי,27,https://a99.mediacast.co.il/99fm/mediafiles/full_27_05_14.mp3,,יום שלישי | 27/05/2014
28/05/2014,2014-05-28,יום רביעי,2014,5,מאי,28,https://a99.mediacast.co.il/99fm/mediafiles/full_28_05_14.mp3,,יום רביעי | 28/05/2014
29/05/2014,2014-05-29,יום חמישי,2014,5,מאי,29,https://a99.mediacast.co.il/99fm/mediafiles/full_29_05_14.mp3,,יום חמישי | 29/05/2014
01/06/2014,2014-06-01,יום ראשון,2014,6,יוני,1,https://a99.mediacast.co.il/99fm/mediafiles/full_01_06_14.mp3,,יום ראשון | 01/06/2014
02/06/2014,2014-06-02,יום שני,2014,6,יוני,2,https://a99.mediacast.co.il/99fm/mediafiles/full_02_06_14.mp3,,יום שני | 02/06/2014
05/06/2014,2014-06-05,יום חמישי,2014,6,יוני,5,https://a99.mediacast.co.il/99fm/mediafiles/full_05_06_14.mp3,,יום חמישי | 05/06/2014
08/06/2014,2014-06-08,יום ראשון,2014,6,יוני,8,https://a99.mediacast.co.il/99fm/mediafiles/full_08_06_14.mp3,,יום ראשון | 08/06/2014
09/06/2014,2014-06-09,יום שני,2014,6,יוני,9,https://a99.mediacast.co.il/99fm/mediafiles/full_09_06_14.mp3,,יום שני | 09/06/2014
10/06/2014,2014-06-10,יום שלישי,2014,6,יוני,10,https://a99.mediacast.co.il/99fm/mediafiles/full_10_06_14.mp3,,יום שלישי | 10/06/2014
11/06/2014,2014-06-11,יום רביעי,2014,6,יוני,11,https://a99.mediacast.co.il/99fm/mediafiles/full_11_06_14.mp3,,יום רביעי | 11/06/2014
12/06/2014,2014-06-12,יום חמישי,2014,6,יוני,12,https://a99.mediacast.co.il/99fm/mediafiles/full_12_06_14.mp3,,יום חמישי | 12/06/2014
15/06/2014,2014-06-15,יום ראשון,2014,6,יוני,15,https://a99.mediacast.co.il/99fm/mediafiles/full_15_06_14.mp3,,יום ראשון | 15/06/2014
16/06/2014,2014-06-16,יום שני,2014,6,יוני,16,https://a99.mediacast.co.il/99fm/mediafiles/full_16_06_14.mp3,,יום שני | 16/06/2014
17/06/2014,2014-06-17,יום שלישי,2014,6,יוני,17,https://a99.mediacast.co.il/99fm/mediafiles/full_17_06_14.mp3,,יום שלישי | 17/06/2014
18/06/2014,2014-06-18,יום רביעי,2014,6,יוני,18,https://a99.mediacast.co.il/99fm/mediafiles/full_18_06_14.mp3,,יום רביעי | 18/06/2014
19/06/2014,2014-06-19,יום חמישי,2014,6,יוני,19,https://a99.mediacast.co.il/99fm/mediafiles/full_19_06_14.mp3,,יום חמישי | 19/06/2014
22/06/2014,2014-06-22,יום ראשון,2014,6,יוני,22,https://a99.mediacast.co.il/99fm/mediafiles/full_22_06_14.mp3,,יום ראשון | 22/06/2014
23/06/2014,2014-06-23,יום שני,2014,6,יוני,23,https://a99.mediacast.co.il/99fm/mediafiles/full_23_06_14.mp3,,יום שני | 23/06/2014
24/06/2014,2014-06-24,יום שלישי,2014,6,יוני,24,https://a99.mediacast.co.il/99fm/mediafiles/full_24_06_14.mp3,,יום שלישי | 24/06/2014
25/06/2014,2014-06-25,יום רביעי,2014,6,יוני,25,https://a99.mediacast.co.il/99fm/mediafiles/full_25_06_14.mp3,,יום רביעי | 25/06/2014
26/06/2014,2014-06-26,יום חמישי,2014,6,יוני,26,https://a99.mediacast.co.il/99fm/mediafiles/full_26_06_14.mp3,,יום חמישי | 26/06/2014
29/06/2014,2014-06-29,יום ראשון,2014,6,יוני,29,https://a99.mediacast.co.il/99fm/mediafiles/full_29_06_14.mp3,,יום ראשון | 29/06/2014
30/06/2014,2014-06-30,יום שני,2014,6,יוני,30,https://a99.mediacast.co.il/99fm/mediafiles/full_30_06_14.mp3,,יום שני | 30/06/2014
01/07/2014,2014-07-01,יום שלישי,2014,7,יולי,1,https://a99.mediacast.co.il/99fm/mediafiles/full_01_07_14.mp3,,יום שלישי | 01/07/2014
02/07/2014,2014-07-02,יום רביעי,2014,7,יולי,2,https://a99.mediacast.co.il/99fm/mediafiles/full_02_07_14.mp3,,יום רביעי | 02/07/2014
03/07/2014,2014-07-03,יום חמישי,2014,7,יולי,3,https://a99.mediacast.co.il/99fm/mediafiles/full_03_07_14.mp3,,יום חמישי | 03/07/2014
06/07/2014,2014-07-06,יום ראשון,2014,7,יולי,6,https://a99.mediacast.co.il/99fm/mediafiles/full_06_07_14.mp3,,יום ראשון | 06/07/2014
07/07/2014,2014-07-07,יום שני,2014,7,יולי,7,https://a99.mediacast.co.il/99fm/mediafiles/full_07_07_14.mp3,,יום שני | 07/07/2014
08/07/2014,2014-07-08,יום שלישי,2014,7,יולי,8,https://a99.mediacast.co.il/99fm/mediafiles/full_08_07_14.mp3,,יום שלישי | 08/07/2014
09/07/2014,2014-07-09,יום רביעי,2014,7,יולי,9,https://a99.mediacast.co.il/99fm/mediafiles/full_09_07_14.mp3,,יום רביעי | 09/07/2014
10/07/2014,2014-07-10,יום חמישי,2014,7,יולי,10,https://a99.mediacast.co.il/99fm/mediafiles/full_10_07_14.mp3,,יום חמישי | 10/07/2014
13/07/2014,2014-07-13,יום ראשון,2014,7,יולי,13,https://a99.mediacast.co.il/99fm/mediafiles/full_13_07_14.mp3,,יום ראשון | 13/07/2014
15/07/2014,2014-07-15,יום שלישי,2014,7,יולי,15,https://a99.mediacast.co.il/99fm/mediafiles/full_15_07_14.mp3,,יום שלישי | 15/07/2014
16/07/2014,2014-07-16,יום רביעי,2014,7,יולי,16,https://a99.mediacast.co.il/99fm/mediafiles/full_16_07_14.mp3,,יום רביעי | 16/07/2014
20/07/2014,2014-07-20,יום ראשון,2014,7,יולי,20,https://a99.mediacast.co.il/99fm/mediafiles/full_20_07_14.mp3,,יום ראשון | 20/07/2014
21/07/2014,2014-07-21,יום שני,2014,7,יולי,21,https://a99.mediacast.co.il/99fm/mediafiles/full_21_07_14.mp3,,יום שני | 21/07/2014
22/07/2014,2014-07-22,יום שלישי,2014,7,יולי,22,https://a99.mediacast.co.il/99fm/mediafiles/full_22_07_14.mp3,,יום שלישי | 22/07/2014
23/07/2014,2014-07-23,יום רביעי,2014,7,יולי,23,https://a99.mediacast.co.il/99fm/mediafiles/full_23_07_14.mp3,,יום רביעי | 23/07/2014
24/07/2014,2014-07-24,יום חמישי,2014,7,יולי,24,https://a99.mediacast.co.il/99fm/mediafiles/full_24_07_14.mp3,,יום חמישי | 24/07/2014
27/07/2014,2014-07-27,יום ראשון,2014,7,יולי,27,https://a99.mediacast.co.il/99fm/mediafiles/full_27_07_14.mp3,,יום ראשון | 27/07/2014
28/07/2014,2014-07-28,יום שני,2014,7,יולי,28,https://a99.mediacast.co.il/99fm/mediafiles/full_28_07_14.mp3,,יום שני | 28/07/2014
29/07/2014,2014-07-29,יום שלישי,2014,7,יולי,29,https://a99.mediacast.co.il/99fm/mediafiles/full_29_07_14.mp3,,יום שלישי | 29/07/2014
30/07/2014,2014-07-30,יום רביעי,2014,7,יולי,30,https://a99.mediacast.co.il/99fm/mediafiles/full_30_07_14.mp3,,יום רביעי | 30/07/2014
31/07/2014,2014-07-31,יום חמישי,2014,7,יולי,31,https://a99.mediacast.co.il/99fm/mediafiles/full_31_07_14.mp3,,יום חמישי | 31/07/2014
03/08/2014,2014-08-03,יום ראשון,2014,8,אוגוסט,3,https://a99.mediacast.co.il/99fm/mediafiles/full_03_08_14.mp3,,יום ראשון | 03/08/2014
04/08/2014,2014-08-04,יום שני,2014,8,אוגוסט,4,https://a99.mediacast.co.il/99fm/mediafiles/full_04_08_14.mp3,,יום שני | 04/08/2014
06/08/2014,2014-08-06,יום רביעי,2014,8,אוגוסט,6,https://a99.mediacast.co.il/99fm/mediafiles/full_06_08_14.mp3,,יום רביעי | 06/08/2014
07/08/2014,2014-08-07,יום חמישי,2014,8,אוגוסט,7,https://a99.mediacast.co.il/99fm/mediafiles/full_07_08_14.mp3,,יום חמישי | 07/08/2014
10/08/2014,2014-08-10,יום ראשון,2014,8,אוגוסט,10,https://a99.mediacast.co.il/99fm/mediafiles/full_10_08_14.mp3,,יום ראשון | 10/08/2014
11/08/2014,2014-08-11,יום שני,2014,8,אוגוסט,11,https://a99.mediacast.co.il/99fm/mediafiles/full_11_08_14.mp3,,יום שני | 11/08/2014
12/08/2014,2014-08-12,יום שלישי,2014,8,אוגוסט,12,https://a99.mediacast.co.il/99fm/mediafiles/full_12_08_14.mp3,,יום שלישי | 12/08/2014
13/08/2014,2014-08-13,יום רביעי,2014,8,אוגוסט,13,https://a99.mediacast.co.il/99fm/mediafiles/full_13_08_14.mp3,,יום רביעי | 13/08/2014
14/08/2014,2014-08-14,יום חמישי,2014,8,אוגוסט,14,https://a99.mediacast.co.il/99fm/mediafiles/full_14_08_14.mp3,,יום חמישי | 14/08/2014
17/08/2014,2014-08-17,יום ראשון,2014,8,אוגוסט,17,https://a99.mediacast.co.il/99fm/mediafiles/full_17_08_14.mp3,,יום ראשון | 17/08/2014
18/08/2014,2014-08-18,יום שני,2014,8,אוגוסט,18,https://a99.mediacast.co.il/99fm/mediafiles/full_18_08_14.mp3,,יום שני | 18/08/2014
19/08/2014,2014-08-19,יום שלישי,2014,8,אוגוסט,19,https://a99.mediacast.co.il/99fm/mediafiles/full_19_08_14.mp3,,יום שלישי | 19/08/2014
20/08/2014,2014-08-20,יום רביעי,2014,8,אוגוסט,20,https://a99.mediacast.co.il/99fm/mediafiles/full_20_08_14.mp3,,יום רביעי | 20/08/2014
24/08/2014,2014-08-24,יום ראשון,2014,8,אוגוסט,24,https://a99.mediacast.co.il/99fm/mediafiles/full_24_08_14.mp3,,יום ראשון | 24/08/2014
25/08/2014,2014-08-25,יום שני,2014,8,אוגוסט,25,https://a99.mediacast.co.il/99fm/mediafiles/full_25_08_14.mp3,,יום שני | 25/08/2014
26/08/2014,2014-08-26,יום שלישי,2014,8,אוגוסט,26,https://a99.mediacast.co.il/99fm/mediafiles/full_26_08_14.mp3,,יום שלישי | 26/08/2014
27/08/2014,2014-08-27,יום רביעי,2014,8,אוגוסט,27,https://a99.mediacast.co.il/99fm/mediafiles/full_27_08_14.mp3,,יום רביעי | 27/08/2014
28/08/2014,2014-08-28,יום חמישי,2014,8,אוגוסט,28,https://a99.mediacast.co.il/99fm/mediafiles/full_28_08_14.mp3,,יום חמישי | 28/08/2014
31/08/2014,2014-08-31,יום ראשון,2014,8,אוגוסט,31,https://a99.mediacast.co.il/99fm/mediafiles/full_31_08_14.mp3,,יום ראשון | 31/08/2014
01/09/2014,2014-09-01,יום שני,2014,9,ספטמבר,1,https://a99.mediacast.co.il/99fm/mediafiles/full_01_09_14.mp3,,יום שני | 01/09/2014
02/09/2014,2014-09-02,יום שלישי,2014,9,ספטמבר,2,https://a99.mediacast.co.il/99fm/mediafiles/full_02_09_14.mp3,,יום שלישי | 02/09/2014
03/09/2014,2014-09-03,יום רביעי,2014,9,ספטמבר,3,https://a99.mediacast.co.il/99fm/mediafiles/full_03_09_14.mp3,,יום רביעי | 03/09/2014
04/09/2014,2014-09-04,יום חמישי,2014,9,ספטמבר,4,https://a99.mediacast.co.il/99fm/mediafiles/full_04_09_14.mp3,,יום חמישי | 04/09/2014
08/09/2014,2014-09-08,יום שני,2014,9,ספטמבר,8,https://a99.mediacast.co.il/99fm/mediafiles/full_08_09_14.mp3,,יום שני | 08/09/2014
09/09/2014,2014-09-09,יום שלישי,2014,9,ספטמבר,9,https://a99.mediacast.co.il/99fm/mediafiles/full_09_09_14.mp3,,יום שלישי | 09/09/2014
10/09/2014,2014-09-10,יום רביעי,2014,9,ספטמבר,10,https://a99.mediacast.co.il/99fm/mediafiles/full_10_09_14.mp3,,יום רביעי | 10/09/2014
11/09/2014,2014-09-11,יום חמישי,2014,9,ספטמבר,11,https://a99.mediacast.co.il/99fm/mediafiles/full_11_09_14.mp3,,יום חמישי | 11/09/2014
14/09/2014,2014-09-14,יום ראשון,2014,9,ספטמבר,14,https://a99.mediacast.co.il/99fm/mediafiles/full_14_09_14.mp3,,יום ראשון | 14/09/2014
15/09/2014,2014-09-15,יום שני,2014,9,ספטמבר,15,https://a99.mediacast.co.il/99fm/mediafiles/full_15_09_14.mp3,,יום שני | 15/09/2014
16/09/2014,2014-09-16,יום שלישי,2014,9,ספטמבר,16,https://a99.mediacast.co.il/99fm/mediafiles/full_16_09_14.mp3,,יום שלישי | 16/09/2014
17/09/2014,2014-09-17,יום רביעי,2014,9,ספטמבר,17,https://a99.mediacast.co.il/99fm/mediafiles/full_17_09_14.mp3,,יום רביעי | 17/09/2014
18/09/2014,2014-09-18,יום חמישי,2014,9,ספטמבר,18,https://a99.mediacast.co.il/99fm/mediafiles/full_18_09_14.mp3,,יום חמישי | 18/09/2014
21/09/2014,2014-09-21,יום ראשון,2014,9,ספטמבר,21,https://a99.mediacast.co.il/99fm/mediafiles/full_21_09_14.mp3,,יום ראשון | 21/09/2014
22/09/2014,2014-09-22,יום שני,2014,9,ספטמבר,22,https://a99.mediacast.co.il/99fm/mediafiles/full_22_09_14.mp3,,יום שני | 22/09/2014
23/09/2014,2014-09-23,יום שלישי,2014,9,ספטמבר,23,https://a99.mediacast.co.il/99fm/mediafiles/full_23_09_14.mp3,,יום שלישי | 23/09/2014
28/09/2014,2014-09-28,יום ראשון,2014,9,ספטמבר,28,https://a99.mediacast.co.il/99fm/mediafiles/full_28_09_14.mp3,,יום ראשון | 28/09/2014
29/09/2014,2014-09-29,יום שני,2014,9,ספטמבר,29,https://a99.mediacast.co.il/99fm/mediafiles/full_29_09_14.mp3,,יום שני | 29/09/2014
30/09/2014,2014-09-30,יום שלישי,2014,9,ספטמבר,30,https://a99.mediacast.co.il/99fm/mediafiles/full_30_09_14.mp3,,יום שלישי | 30/09/2014
01/10/2014,2014-10-01,יום רביעי,2014,10,אוקטובר,1,https://a99.mediacast.co.il/99fm/mediafiles/full_01_10_14.mp3,,יום רביעי | 01/10/2014
05/10/2014,2014-10-05,יום ראשון,2014,10,אוקטובר,5,https://a99.mediacast.co.il/99fm/mediafiles/full_05_10_14.mp3,,יום ראשון | 05/10/2014
06/10/2014,2014-10-06,יום שני,2014,10,אוקטובר,6,https://a99.mediacast.co.il/99fm/mediafiles/full_06_10_14.mp3,,יום שני | 06/10/2014
07/10/2014,2014-10-07,יום שלישי,2014,10,אוקטובר,7,https://a99.mediacast.co.il/99fm/mediafiles/full_07_10_14.mp3,,יום שלישי | 07/10/2014
19/10/2014,2014-10-19,יום ראשון,2014,10,אוקטובר,19,https://a99.mediacast.co.il/99fm/mediafiles/full_19_10_14.mp3,,יום ראשון | 19/10/2014
20/10/2014,2014-10-20,יום שני,2014,10,אוקטובר,20,https://a99.mediacast.co.il/99fm/mediafiles/full_20_10_14.mp3,,יום שני | 20/10/2014
21/10/2014,2014-10-21,יום שלישי,2014,10,אוקטובר,21,https://a99.mediacast.co.il/99fm/mediafiles/full_21_10_14.mp3,,יום שלישי | 21/10/2014
22/10/2014,2014-10-22,יום רביעי,2014,10,אוקטובר,22,https://a99.mediacast.co.il/99fm/mediafiles/full_22_10_14.mp3,,יום רביעי | 22/10/2014
23/10/2014,2014-10-23,יום חמישי,2014,10,אוקטובר,23,https://a99.mediacast.co.il/99fm/mediafiles/full_23_10_14.mp3,,יום חמישי | 23/10/2014
26/10/2014,2014-10-26,יום ראשון,2014,10,אוקטובר,26,https://a99.mediacast.co.il/99fm/mediafiles/full_26_10_14.mp3,,יום ראשון | 26/10/2014
27/10/2014,2014-10-27,יום שני,2014,10,אוקטובר,27,https://a99.mediacast.co.il/99fm/mediafiles/full_27_10_14.mp3,,יום שני | 27/10/2014
28/10/2014,2014-10-28,יום שלישי,2014,10,אוקטובר,28,https://a99.mediacast.co.il/99fm/mediafiles/full_28_10_14.mp3,,יום שלישי | 28/10/2014
29/10/2014,2014-10-29,יום רביעי,2014,10,אוקטובר,29,https://a99.mediacast.co.il/99fm/mediafiles/full_29_10_14.mp3,,יום רביעי | 29/10/2014
30/10/2014,2014-10-30,יום חמישי,2014,10,אוקטובר,30,https://a99.mediacast.co.il/99fm/mediafiles/full_30_10_14.mp3,,יום חמישי | 30/10/2014
02/11/2014,2014-11-02,יום ראשון,2014,11,נובמבר,2,https://a99.mediacast.co.il/99fm/mediafiles/full_02_11_14.mp3,,יום ראשון | 02/11/2014
03/11/2014,2014-11-03,יום שני,2014,11,נובמבר,3,https://a99.mediacast.co.il/99fm/mediafiles/full_03_11_14.mp3,,יום שני | 03/11/2014
04/11/2014,2014-11-04,יום שלישי,2014,11,נובמבר,4,https://a99.mediacast.co.il/99fm/mediafiles/full_04_11_14.mp3,,יום שלישי | 04/11/2014
05/11/2014,2014-11-05,יום רביעי,2014,11,נובמבר,5,https://a99.mediacast.co.il/99fm/mediafiles/full_05_11_14.mp3,,יום רביעי | 05/11/2014
06/11/2014,2014-11-06,יום חמישי,2014,11,נובמבר,6,https://a99.mediacast.co.il/99fm/mediafiles/full_06_11_14.mp3,,יום חמישי | 06/11/2014
09/11/2014,2014-11-09,יום ראשון,2014,11,נובמבר,9,https://a99.mediacast.co.il/99fm/mediafiles/full_09_11_14.mp3,,יום ראשון | 09/11/2014
10/11/2014,2014-11-10,יום שני,2014,11,נובמבר,10,https://a99.mediacast.co.il/99fm/mediafiles/full_10_11_14.mp3,,יום שני | 10/11/2014
11/11/2014,2014-11-11,יום שלישי,2014,11,נובמבר,11,https://a99.mediacast.co.il/99fm/mediafiles/full_11_11_14.mp3,,יום שלישי | 11/11/2014
12/11/2014,2014-11-12,יום רביעי,2014,11,נובמבר,12,https://a99.mediacast.co.il/99fm/mediafiles/full_12_11_14.mp3,,יום רביעי | 12/11/2014
13/11/2014,2014-11-13,יום חמישי,2014,11,נובמבר,13,https://a99.mediacast.co.il/99fm/mediafiles/full_13_11_14.mp3,,יום חמישי | 13/11/2014
16/11/2014,2014-11-16,יום ראשון,2014,11,נובמבר,16,https://a99.mediacast.co.il/99fm/mediafiles/full_16_11_14.mp3,,יום ראשון | 16/11/2014
17/11/2014,2014-11-17,יום שני,2014,11,נובמבר,17,https://a99.mediacast.co.il/99fm/mediafiles/full_17_11_14.mp3,,יום שני | 17/11/2014
18/11/2014,2014-11-18,יום שלישי,2014,11,נובמבר,18,https://a99.mediacast.co.il/99fm/mediafiles/full_18_11_14.mp3,,יום שלישי | 18/11/2014
19/11/2014,2014-11-19,יום רביעי,2014,11,נובמבר,19,https://a99.mediacast.co.il/99fm/mediafiles/full_19_11_14.mp3,,יום רביעי | 19/11/2014
20/11/2014,2014-11-20,יום חמישי,2014,11,נובמבר,20,https://a99.mediacast.co.il/99fm/mediafiles/full_20_11_14.mp3,,יום חמישי | 20/11/2014
23/11/2014,2014-11-23,יום ראשון,2014,11,נובמבר,23,https://a99.mediacast.co.il/99fm/mediafiles/full_23_11_14.mp3,,יום ראשון | 23/11/2014
24/11/2014,2014-11-24,יום שני,2014,11,נובמבר,24,https://a99.mediacast.co.il/99fm/mediafiles/full_24_11_14.mp3,,יום שני | 24/11/2014
25/11/2014,2014-11-25,יום שלישי,2014,11,נובמבר,25,https://a99.mediacast.co.il/99fm/mediafiles/full_25_11_14.mp3,,יום שלישי | 25/11/2014
26/11/2014,2014-11-26,יום רביעי,2014,11,נובמבר,26,https://a99.mediacast.co.il/99fm/mediafiles/full_26_11_14.mp3,,יום רביעי | 26/11/2014
27/11/2014,2014-11-27,יום חמישי,2014,11,נובמבר,27,https://a99.mediacast.co.il/99fm/mediafiles/full_27_11_14.mp3,,יום חמישי | 27/11/2014
30/11/2014,2014-11-30,יום ראשון,2014,11,נובמבר,30,https://a99.mediacast.co.il/99fm/mediafiles/full_30_11_14.mp3,,יום ראשון | 30/11/2014
01/12/2014,2014-12-01,יום שני,2014,12,דצמבר,1,https://a99.mediacast.co.il/99fm/mediafiles/full_01_12_14.mp3,,יום שני | 01/12/2014
02/12/2014,2014-12-02,יום שלישי,2014,12,דצמבר,2,https://a99.mediacast.co.il/99fm/mediafiles/full_02_12_14.mp3,,יום שלישי | 02/12/2014
07/12/2014,2014-12-07,יום ראשון,2014,12,דצמבר,7,https://a99.mediacast.co.il/99fm/mediafiles/full_07_12_14.mp3,,יום ראשון | 07/12/2014
08/12/2014,2014-12-08,יום שני,2014,12,דצמבר,8,https://a99.mediacast.co.il/99fm/mediafiles/full_08_12_14.mp3,,יום שני | 08/12/2014
09/12/2014,2014-12-09,יום שלישי,2014,12,דצמבר,9,https://a99.mediacast.co.il/99fm/mediafiles/full_09_12_14.mp3,,יום שלישי | 09/12/2014
10/12/2014,2014-12-10,יום רביעי,2014,12,דצמבר,10,https://a99.mediacast.co.il/99fm/mediafiles/full_10_12_14.mp3,,יום רביעי | 10/12/2014
11/12/2014,2014-12-11,יום חמישי,2014,12,דצמבר,11,https://a99.mediacast.co.il/99fm/mediafiles/full_11_12_14.mp3,,יום חמישי | 11/12/2014
14/12/2014,2014-12-14,יום ראשון,2014,12,דצמבר,14,https://a99.mediacast.co.il/99fm/mediafiles/full_14_12_14.mp3,,יום ראשון | 14/12/2014
15/12/2014,2014-12-15,יום שני,2014,12,דצמבר,15,https://a99.mediacast.co.il/99fm/mediafiles/full_15_12_14.mp3,,יום שני | 15/12/2014
16/12/2014,2014-12-16,יום שלישי,2014,12,דצמבר,16,https://a99.mediacast.co.il/99fm/mediafiles/full_16_12_14.mp3,,יום שלישי | 16/12/2014
17/12/2014,2014-12-17,יום רביעי,2014,12,דצמבר,17,https://a99.mediacast.co.il/99fm/mediafiles/full_17_12_14.mp3,,יום רביעי | 17/12/2014
18/12/2014,2014-12-18,יום חמישי,2014,12,דצמבר,18,https://a99.mediacast.co.il/99fm/mediafiles/full_18_12_14.mp3,,יום חמישי | 18/12/2014
21/12/2014,2014-12-21,יום ראשון,2014,12,דצמבר,21,https://a99.mediacast.co.il/99fm/mediafiles/full_21_12_14.mp3,,יום ראשון | 21/12/2014
22/12/2014,2014-12-22,יום שני,2014,12,דצמבר,22,https://a99.mediacast.co.il/99fm/mediafiles/full_22_12_14.mp3,,יום שני | 22/12/2014
23/12/2014,2014-12-23,יום שלישי,2014,12,דצמבר,23,https://a99.mediacast.co.il/99fm/mediafiles/full_23_12_14.mp3,,יום שלישי | 23/12/2014
24/12/2014,2014-12-24,יום רביעי,2014,12,דצמבר,24,https://a99.mediacast.co.il/99fm/mediafiles/full_24_12_14.mp3,,יום רביעי | 24/12/2014
25/12/2014,2014-12-25,יום חמישי,2014,12,דצמבר,25,https://a99.mediacast.co.il/99fm/mediafiles/full_25_12_14.mp3,,יום חמישי | 25/12/2014
28/12/2014,2014-12-28,יום ראשון,2014,12,דצמבר,28,https://a99.mediacast.co.il/99fm/mediafiles/full_28_12_14.mp3,,יום ראשון | 28/12/2014
29/12/2014,2014-12-29,יום שני,2014,12,דצמבר,29,https://a99.mediacast.co.il/99fm/mediafiles/full_29_12_14.mp3,,יום שני | 29/12/2014
30/12/2014,2014-12-30,יום שלישי,2014,12,דצמבר,30,https://a99.mediacast.co.il/99fm/mediafiles/full_30_12_14.mp3,,יום שלישי | 30/12/2014
31/12/2014,2014-12-31,יום רביעי,2014,12,דצמבר,31,https://a99.mediacast.co.il/99fm/mediafiles/full_31_12_14.mp3,,יום רביעי | 31/12/2014
01/01/2015,2015-01-01,יום חמישי,2015,1,ינואר,1,https://a99.mediacast.co.il/99fm/mediafiles/full_01_01_15.mp3,,יום חמישי | 01/01/2015
06/01/2015,2015-01-06,יום שלישי,2015,1,ינואר,6,https://a99.mediacast.co.il/99fm/mediafiles/full_06_01_15.mp3,,יום שלישי | 06/01/2015
07/01/2015,2015-01-07,יום רביעי,2015,1,ינואר,7,https://a99.mediacast.co.il/99fm/mediafiles/full_07_01_15.mp3,,יום רביעי | 07/01/2015
08/01/2015,2015-01-08,יום חמישי,2015,1,ינואר,8,https://a99.mediacast.co.il/99fm/mediafiles/full_08_01_15.mp3,,יום חמישי | 08/01/2015
12/01/2015,2015-01-12,יום שני,2015,1,ינואר,12,https://a99.mediacast.co.il/99fm/mediafiles/full_12_01_15.mp3,,יום שני | 12/01/2015
13/01/2015,2015-01-13,יום שלישי,2015,1,ינואר,13,https://a99.mediacast.co.il/99fm/mediafiles/full_13_01_15.mp3,,יום שלישי | 13/01/2015
14/01/2015,2015-01-14,יום רביעי,2015,1,ינואר,14,https://a99.mediacast.co.il/99fm/mediafiles/full_14_01_15.mp3,,יום רביעי | 14/01/2015
15/01/2015,2015-01-15,יום חמישי,2015,1,ינואר,15,https://a99.mediacast.co.il/99fm/mediafiles/full_15_01_15.mp3,,יום חמישי | 15/01/2015
18/01/2015,2015-01-18,יום ראשון,2015,1,ינואר,18,https://a99.mediacast.co.il/99fm/mediafiles/full_18_01_15.mp3,,יום ראשון | 18/01/2015
19/01/2015,2015-01-19,יום שני,2015,1,ינואר,19,https://a99.mediacast.co.il/99fm/mediafiles/full_19_01_15.mp3,,יום שני | 19/01/2015
20/01/2015,2015-01-20,יום שלישי,2015,1,ינואר,20,https://a99.mediacast.co.il/99fm/mediafiles/full_20_01_15.mp3,,יום שלישי | 20/01/2015
21/01/2015,2015-01-21,יום רביעי,2015,1,ינואר,21,https://a99.mediacast.co.il/99fm/mediafiles/full_21_01_15.mp3,,יום רביעי | 21/01/2015
22/01/2015,2015-01-22,יום חמישי,2015,1,ינואר,22,https://a99.mediacast.co.il/99fm/mediafiles/full_22_01_15.mp3,,יום חמישי | 22/01/2015
25/01/2015,2015-01-25,יום ראשון,2015,1,ינואר,25,https://a99.mediacast.co.il/99fm/mediafiles/full_25_01_15.mp3,,יום ראשון | 25/01/2015
26/01/2015,2015-01-26,יום שני,2015,1,ינואר,26,https://a99.mediacast.co.il/99fm/mediafiles/full_26_01_15.mp3,,יום שני | 26/01/2015
27/01/2015,2015-01-27,יום שלישי,2015,1,ינואר,27,https://a99.mediacast.co.il/99fm/mediafiles/full_27_01_15.mp3,,יום שלישי | 27/01/2015
28/01/2015,2015-01-28,יום רביעי,2015,1,ינואר,28,https://a99.mediacast.co.il/99fm/mediafiles/full_28_01_15.mp3,,יום רביעי | 28/01/2015
29/01/2015,2015-01-29,יום חמישי,2015,1,ינואר,29,https://a99.mediacast.co.il/99fm/mediafiles/full_29_01_15.mp3,,יום חמישי | 29/01/2015
01/02/2015,2015-02-01,יום ראשון,2015,2,פברואר,1,https://a99.mediacast.co.il/99fm/mediafiles/full_01_02_15.mp3,,יום ראשון | 01/02/2015
02/02/2015,2015-02-02,יום שני,2015,2,פברואר,2,https://a99.mediacast.co.il/99fm/mediafiles/full_02_02_15.mp3,,יום שני | 02/02/2015
03/02/2015,2015-02-03,יום שלישי,2015,2,פברואר,3,https://a99.mediacast.co.il/99fm/mediafiles/full_03_02_15.mp3,,יום שלישי | 03/02/2015
04/02/2015,2015-02-04,יום רביעי,2015,2,פברואר,4,https://a99.mediacast.co.il/99fm/mediafiles/full_04_02_15.mp3,,יום רביעי | 04/02/2015
05/02/2015,2015-02-05,יום חמישי,2015,2,פברואר,5,https://a99.mediacast.co.il/99fm/mediafiles/full_05_02_15.mp3,,יום חמישי | 05/02/2015
08/02/2015,2015-02-08,יום ראשון,2015,2,פברואר,8,https://a99.mediacast.co.il/99fm/mediafiles/full_08_02_15.mp3,,יום ראשון | 08/02/2015
09/02/2015,2015-02-09,יום שני,2015,2,פברואר,9,https://a99.mediacast.co.il/99fm/mediafiles/full_09_02_15.mp3,,יום שני | 09/02/2015
10/02/2015,2015-02-10,יום שלישי,2015,2,פברואר,10,https://a99.mediacast.co.il/99fm/mediafiles/full_10_02_15.mp3,,יום שלישי | 10/02/2015
11/02/2015,2015-02-11,יום רביעי,2015,2,פברואר,11,https://a99.mediacast.co.il/99fm/mediafiles/full_11_02_15.mp3,,יום רביעי | 11/02/2015
12/02/2015,2015-02-12,יום חמישי,2015,2,פברואר,12,https://a99.mediacast.co.il/99fm/mediafiles/full_12_02_15.mp3,,יום חמישי | 12/02/2015
15/02/2015,2015-02-15,יום ראשון,2015,2,פברואר,15,https://a99.mediacast.co.il/99fm/mediafiles/full_15_02_15.mp3,,יום ראשון | 15/02/2015
16/02/2015,2015-02-16,יום שני,2015,2,פברואר,16,https://a99.mediacast.co.il/99fm/mediafiles/full_16_02_15.mp3,,יום שני | 16/02/2015
17/02/2015,2015-02-17,יום שלישי,2015,2,פברואר,17,https://a99.mediacast.co.il/99fm/mediafiles/full_17_02_15.mp3,,יום שלישי | 17/02/2015
18/02/2015,2015-02-18,יום רביעי,2015,2,פברואר,18,https://a99.mediacast.co.il/99fm/mediafiles/full_18_02_15.mp3,,יום רביעי | 18/02/2015
19/02/2015,2015-02-19,יום חמישי,2015,2,פברואר,19,https://a99.mediacast.co.il/99fm/mediafiles/full_19_02_15.mp3,,יום חמישי | 19/02/2015
22/02/2015,2015-02-22,יום ראשון,2015,2,פברואר,22,https://a99.mediacast.co.il/99fm/mediafiles/full_22_02_15.mp3,,יום ראשון | 22/02/2015
23/02/2015,2015-02-23,יום שני,2015,2,פברואר,23,https://a99.mediacast.co.il/99fm/mediafiles/full_23_02_15.mp3,,יום שני | 23/02/2015
24/02/2015,2015-02-24,יום שלישי,2015,2,פברואר,24,https://a99.mediacast.co.il/99fm/mediafiles/full_24_02_15.mp3,,יום שלישי | 24/02/2015
01/03/2015,2015-03-01,יום ראשון,2015,3,מרץ,1,https://a99.mediacast.co.il/99fm/mediafiles/full_01_03_15.mp3,,יום ראשון | 01/03/2015
02/03/2015,2015-03-02,יום שני,2015,3,מרץ,2,https://a99.mediacast.co.il/99fm/mediafiles/full_02_03_15.mp3,,יום שני | 02/03/2015
03/03/2015,2015-03-03,יום שלישי,2015,3,מרץ,3,https://a99.mediacast.co.il/99fm/mediafiles/full_03_03_15.mp3,,יום שלישי | 03/03/2015
04/03/2015,2015-03-04,יום רביעי,2015,3,מרץ,4,https://a99.mediacast.co.il/99fm/mediafiles/full_04_03_15.mp3,,יום רביעי | 04/03/2015
05/03/2015,2015-03-05,יום חמישי,2015,3,מרץ,5,https://a99.mediacast.co.il/99fm/mediafiles/full_05_03_15.mp3,,יום חמישי | 05/03/2015
08/03/2015,2015-03-08,יום ראשון,2015,3,מרץ,8,https://a99.mediacast.co.il/99fm/mediafiles/full_08_03_15.mp3,,יום ראשון | 08/03/2015
09/03/2015,2015-03-09,יום שני,2015,3,מרץ,9,https://a99.mediacast.co.il/99fm/mediafiles/full_09_03_15.mp3,,יום שני | 09/03/2015
10/03/2015,2015-03-10,יום שלישי,2015,3,מרץ,10,https://a99.mediacast.co.il/99fm/mediafiles/full_10_03_15.mp3,,יום שלישי | 10/03/2015
11/03/2015,2015-03-11,יום רביעי,2015,3,מרץ,11,https://a99.mediacast.co.il/99fm/mediafiles/full_11_03_15.mp3,,יום רביעי | 11/03/2015
12/03/2015,2015-03-12,יום חמישי,2015,3,מרץ,12,https://a99.mediacast.co.il/99fm/mediafiles/full_12_03_15.mp3,,יום חמישי | 12/03/2015
15/03/2015,2015-03-15,יום ראשון,2015,3,מרץ,15,https://a99.mediacast.co.il/99fm/mediafiles/full_15_03_15.mp3,,יום ראשון | 15/03/2015
16/03/2015,2015-03-16,יום שני,2015,3,מרץ,16,https://a99.mediacast.co.il/99fm/mediafiles/full_16_03_15.mp3,,יום שני | 16/03/2015
17/03/2015,2015-03-17,יום שלישי,2015,3,מרץ,17,https://a99.mediacast.co.il/99fm/mediafiles/full_17_03_15.mp3,,יום שלישי | 17/03/2015
18/03/2015,2015-03-18,יום רביעי,2015,3,מרץ,18,https://a99.mediacast.co.il/99fm/mediafiles/full_18_03_15.mp3,,יום רביעי | 18/03/2015
19/03/2015,2015-03-19,יום חמישי,2015,3,מרץ,19,https://a99.mediacast.co.il/99fm/mediafiles/full_19_03_15.mp3,,יום חמישי | 19/03/2015
22/03/2015,2015-03-22,יום ראשון,2015,3,מרץ,22,https://a99.mediacast.co.il/99fm/mediafiles/full_22_03_15.mp3,,יום ראשון | 22/03/2015
23/03/2015,2015-03-23,יום שני,2015,3,מרץ,23,https://a99.mediacast.co.il/99fm/mediafiles/full_23_03_15.mp3,,יום שני | 23/03/2015
24/03/2015,2015-03-24,יום שלישי,2015,3,מרץ,24,https://a99.mediacast.co.il/99fm/mediafiles/full_24_03_15.mp3,,יום שלישי | 24/03/2015
25/03/2015,2015-03-25,יום רביעי,2015,3,מרץ,25,https://a99.mediacast.co.il/99fm/mediafiles/full_25_03_15.mp3,,יום רביעי | 25/03/2015
26/03/2015,2015-03-26,יום חמישי,2015,3,מרץ,26,https://a99.mediacast.co.il/99fm/mediafiles/full_26_03_15.mp3,,יום חמישי | 26/03/2015
29/03/2015,2015-03-29,יום ראשון,2015,3,מרץ,29,https://a99.mediacast.co.il/99fm/mediafiles/full_29_03_15.mp3,,יום ראשון | 29/03/2015
30/03/2015,2015-03-30,יום שני,2015,3,מרץ,30,https://a99.mediacast.co.il/99fm/mediafiles/full_30_03_15.mp3,,יום שני | 30/03/2015
31/03/2015,2015-03-31,יום שלישי,2015,3,מרץ,31,https://a99.mediacast.co.il/99fm/mediafiles/full_31_03_15.mp3,,יום שלישי | 31/03/2015
01/04/2015,2015-04-01,יום רביעי,2015,4,אפריל,1,https://a99.mediacast.co.il/99fm/mediafiles/full_01_04_15.mp3,,יום רביעי | 01/04/2015
02/04/2015,2015-04-02,יום חמישי,2015,4,אפריל,2,https://a99.mediacast.co.il/99fm/mediafiles/full_02_04_15.mp3,,יום חמישי | 02/04/2015
12/04/2015,2015-04-12,יום ראשון,2015,4,אפריל,12,https://a99.mediacast.co.il/99fm/mediafiles/full_12_04_15.mp3,,יום ראשון | 12/04/2015
13/04/2015,2015-04-13,יום שני,2015,4,אפריל,13,https://a99.mediacast.co.il/99fm/mediafiles/full_13_04_15.mp3,,יום שני | 13/04/2015
14/04/2015,2015-04-14,יום שלישי,2015,4,אפריל,14,https://a99.mediacast.co.il/99fm/mediafiles/full_14_04_15.mp3,,יום שלישי | 14/04/2015
15/04/2015,2015-04-15,יום רביעי,2015,4,אפריל,15,https://a99.mediacast.co.il/99fm/mediafiles/full_15_04_15.mp3,,יום רביעי | 15/04/2015
19/04/2015,2015-04-19,יום ראשון,2015,4,אפריל,19,https://a99.mediacast.co.il/99fm/mediafiles/full_19_04_15.mp3,,יום ראשון | 19/04/2015
20/04/2015,2015-04-20,יום שני,2015,4,אפריל,20,https://a99.mediacast.co.il/99fm/mediafiles/full_20_04_15.mp3,,יום שני | 20/04/2015
21/04/2015,2015-04-21,יום שלישי,2015,4,אפריל,21,https://a99.mediacast.co.il/99fm/mediafiles/full_21_04_15.mp3,,יום שלישי | 21/04/2015
27/04/2015,2015-04-27,יום שני,2015,4,אפריל,27,https://a99.mediacast.co.il/99fm/mediafiles/full_27_04_15.mp3,,יום שני | 27/04/2015
28/04/2015,2015-04-28,יום שלישי,2015,4,אפריל,28,https://a99.mediacast.co.il/99fm/mediafiles/full_28_04_15.mp3,,יום שלישי | 28/04/2015
29/04/2015,2015-04-29,יום רביעי,2015,4,אפריל,29,https://a99.mediacast.co.il/99fm/mediafiles/full_29_04_15.mp3,,יום רביעי | 29/04/2015
04/05/2015,2015-05-04,יום שני,2015,5,מאי,4,https://a99.mediacast.co.il/99fm/mediafiles/full_04_05_15.mp3,,יום שני | 04/05/2015
05/05/2015,2015-05-05,יום שלישי,2015,5,מאי,5,https://a99.mediacast.co.il/99fm/mediafiles/full_05_05_15.mp3,,יום שלישי | 05/05/2015
06/05/2015,2015-05-06,יום רביעי,2015,5,מאי,6,https://a99.mediacast.co.il/99fm/mediafiles/full_06_05_15.mp3,,יום רביעי | 06/05/2015
11/05/2015,2015-05-11,יום שני,2015,5,מאי,11,https://a99.mediacast.co.il/99fm/mediafiles/full_11_05_15.mp3,,יום שני | 11/05/2015
12/05/2015,2015-05-12,יום שלישי,2015,5,מאי,12,https://a99.mediacast.co.il/99fm/mediafiles/full_12_05_15.mp3,,יום שלישי | 12/05/2015
13/05/2015,2015-05-13,יום רביעי,2015,5,מאי,13,https://a99.mediacast.co.il/99fm/mediafiles/full_13_05_15.mp3,,יום רביעי | 13/05/2015
17/05/2015,2015-05-17,יום ראשון,2015,5,מאי,17,https://a99.mediacast.co.il/99fm/mediafiles/full_17_05_15.mp3,,יום ראשון | 17/05/2015
18/05/2015,2015-05-18,יום שני,2015,5,מאי,18,https://a99.mediacast.co.il/99fm/mediafiles/full_18_05_15.mp3,,יום שני | 18/05/2015
20/05/2015,2015-05-20,יום רביעי,2015,5,מאי,20,https://a99.mediacast.co.il/99fm/mediafiles/full_20_05_15.mp3,,יום רביעי | 20/05/2015
21/05/2015,2015-05-21,יום חמישי,2015,5,מאי,21,https://a99.mediacast.co.il/99fm/mediafiles/full_21_05_15.mp3,,יום חמישי | 21/05/2015
25/05/2015,2015-05-25,יום שני,2015,5,מאי,25,https://a99.mediacast.co.il/99fm/mediafiles/full_25_05_15.mp3,,יום שני | 25/05/2015
26/05/2015,2015-05-26,יום שלישי,2015,5,מאי,26,https://a99.mediacast.co.il/99fm/mediafiles/full_26_05_15.mp3,,יום שלישי | 26/05/2015
27/05/2015,2015-05-27,יום רביעי,2015,5,מאי,27,https://a99.mediacast.co.il/99fm/mediafiles/full_27_05_15.mp3,,יום רביעי | 27/05/2015
28/05/2015,2015-05-28,יום חמישי,2015,5,מאי,28,https://a99.mediacast.co.il/99fm/mediafiles/full_28_05_15.mp3,,יום חמישי | 28/05/2015
31/05/2015,2015-05-31,יום ראשון,2015,5,מאי,31,https://a99.mediacast.co.il/99fm/mediafiles/full_31_05_15.mp3,,יום ראשון | 31/05/2015
01/06/2015,2015-06-01,יום שני,2015,6,יוני,1,https://a99.mediacast.co.il/99fm/mediafiles/full_01_06_15.mp3,,יום שני | 01/06/2015
02/06/2015,2015-06-02,יום שלישי,2015,6,יוני,2,https://a99.mediacast.co.il/99fm/mediafiles/full_02_06_15.mp3,,יום שלישי | 02/06/2015
03/06/2015,2015-06-03,יום רביעי,2015,6,יוני,3,https://a99.mediacast.co.il/99fm/mediafiles/full_03_06_15.mp3,,יום רביעי | 03/06/2015
04/06/2015,2015-06-04,יום חמישי,2015,6,יוני,4,https://a99.mediacast.co.il/99fm/mediafiles/full_04_06_15.mp3,,יום חמישי | 04/06/2015
08/06/2015,2015-06-08,יום שני,2015,6,יוני,8,https://a99.mediacast.co.il/99fm/mediafiles/full_08_06_15.mp3,,יום שני | 08/06/2015
09/06/2015,2015-06-09,יום שלישי,2015,6,יוני,9,https://a99.mediacast.co.il/99fm/mediafiles/full_09_06_15.mp3,,יום שלישי | 09/06/2015
10/06/2015,2015-06-10,יום רביעי,2015,6,יוני,10,https://a99.mediacast.co.il/99fm/mediafiles/full_10_06_15.mp3,,יום רביעי | 10/06/2015
11/06/2015,2015-06-11,יום חמישי,2015,6,יוני,11,https://a99.mediacast.co.il/99fm/mediafiles/full_11_06_15.mp3,,יום חמישי | 11/06/2015
14/06/2015,2015-06-14,יום ראשון,2015,6,יוני,14,https://a99.mediacast.co.il/99fm/mediafiles/full_14_06_15.mp3,,יום ראשון | 14/06/2015
15/06/2015,2015-06-15,יום שני,2015,6,יוני,15,https://a99.mediacast.co.il/99fm/mediafiles/full_15_06_15.mp3,,יום שני | 15/06/2015
16/06/2015,2015-06-16,יום שלישי,2015,6,יוני,16,https://a99.mediacast.co.il/99fm/mediafiles/full_16_06_15.mp3,,יום שלישי | 16/06/2015
17/06/2015,2015-06-17,יום רביעי,2015,6,יוני,17,https://a99.mediacast.co.il/99fm/mediafiles/full_17_06_15.mp3,,יום רביעי | 17/06/2015
18/06/2015,2015-06-18,יום חמישי,2015,6,יוני,18,https://a99.mediacast.co.il/99fm/mediafiles/full_18_06_15.mp3,,יום חמישי | 18/06/2015
21/06/2015,2015-06-21,יום ראשון,2015,6,יוני,21,https://a99.mediacast.co.il/99fm/mediafiles/full_21_06_15.mp3,,יום ראשון | 21/06/2015
22/06/2015,2015-06-22,יום שני,2015,6,יוני,22,https://a99.mediacast.co.il/99fm/mediafiles/full_22_06_15.mp3,,יום שני | 22/06/2015
23/06/2015,2015-06-23,יום שלישי,2015,6,יוני,23,https://a99.mediacast.co.il/99fm/mediafiles/full_23_06_15.mp3,,יום שלישי | 23/06/2015
24/06/2015,2015-06-24,יום רביעי,2015,6,יוני,24,https://a99.mediacast.co.il/99fm/mediafiles/full_24_06_15.mp3,,יום רביעי | 24/06/2015
25/06/2015,2015-06-25,יום חמישי,2015,6,יוני,25,https://a99.mediacast.co.il/99fm/mediafiles/full_25_06_15.mp3,,יום חמישי | 25/06/2015
28/06/2015,2015-06-28,יום ראשון,2015,6,יוני,28,https://a99.mediacast.co.il/99fm/mediafiles/full_28_06_15.mp3,,יום ראשון | 28/06/2015
29/06/2015,2015-06-29,יום שני,2015,6,יוני,29,https://a99.mediacast.co.il/99fm/mediafiles/full_29_06_15.mp3,,יום שני | 29/06/2015
30/06/2015,2015-06-30,יום שלישי,2015,6,יוני,30,https://a99.mediacast.co.il/99fm/mediafiles/full_30_06_15.mp3,,יום שלישי | 30/06/2015
01/07/2015,2015-07-01,יום רביעי,2015,7,יולי,1,https://a99.mediacast.co.il/99fm/mediafiles/full_01_07_15.mp3,,יום רביעי | 01/07/2015
02/07/2015,2015-07-02,יום חמישי,2015,7,יולי,2,https://a99.mediacast.co.il/99fm/mediafiles/full_02_07_15.mp3,,יום חמישי | 02/07/2015
05/07/2015,2015-07-05,יום ראשון,2015,7,יולי,5,https://a99.mediacast.co.il/99fm/mediafiles/full_05_07_15.mp3,,יום ראשון | 05/07/2015
06/07/2015,2015-07-06,יום שני,2015,7,יולי,6,https://a99.mediacast.co.il/99fm/mediafiles/full_06_07_15.mp3,,יום שני | 06/07/2015
07/07/2015,2015-07-07,יום שלישי,2015,7,יולי,7,https://a99.mediacast.co.il/99fm/mediafiles/full_07_07_15.mp3,,יום שלישי | 07/07/2015
08/07/2015,2015-07-08,יום רביעי,2015,7,יולי,8,https://a99.mediacast.co.il/99fm/mediafiles/full_08_07_15.mp3,,יום רביעי | 08/07/2015
09/07/2015,2015-07-09,יום חמישי,2015,7,יולי,9,https://a99.mediacast.co.il/99fm/mediafiles/full_09_07_15.mp3,,יום חמישי | 09/07/2015
12/07/2015,2015-07-12,יום ראשון,2015,7,יולי,12,https://a99.mediacast.co.il/99fm/mediafiles/full_12_07_15.mp3,,יום ראשון | 12/07/2015
13/07/2015,2015-07-13,יום שני,2015,7,יולי,13,https://a99.mediacast.co.il/99fm/mediafiles/full_13_07_15.mp3,,יום שני | 13/07/2015
14/07/2015,2015-07-14,יום שלישי,2015,7,יולי,14,https://a99.mediacast.co.il/99fm/mediafiles/full_14_07_15.mp3,,יום שלישי | 14/07/2015
15/07/2015,2015-07-15,יום רביעי,2015,7,יולי,15,https://a99.mediacast.co.il/99fm/mediafiles/full_15_07_15.mp3,,יום רביעי | 15/07/2015
16/07/2015,2015-07-16,יום חמישי,2015,7,יולי,16,https://a99.mediacast.co.il/99fm/mediafiles/full_16_07_15.mp3,,יום חמישי | 16/07/2015
19/07/2015,2015-07-19,יום ראשון,2015,7,יולי,19,https://a99.mediacast.co.il/99fm/mediafiles/full_19_07_15.mp3,,יום ראשון | 19/07/2015
20/07/2015,2015-07-20,יום שני,2015,7,יולי,20,https://a99.mediacast.co.il/99fm/mediafiles/full_20_07_15.mp3,,יום שני | 20/07/2015
21/07/2015,2015-07-21,יום שלישי,2015,7,יולי,21,https://a99.mediacast.co.il/99fm/mediafiles/full_21_07_15.mp3,,יום שלישי | 21/07/2015
22/07/2015,2015-07-22,יום רביעי,2015,7,יולי,22,https://a99.mediacast.co.il/99fm/mediafiles/full_22_07_15.mp3,,יום רביעי | 22/07/2015
23/07/2015,2015-07-23,יום חמישי,2015,7,יולי,23,https://a99.mediacast.co.il/99fm/mediafiles/full_23_07_15.mp3,,יום חמישי | 23/07/2015
27/07/2015,2015-07-27,יום שני,2015,7,יולי,27,https://a99.mediacast.co.il/99fm/mediafiles/full_27_07_15.mp3,,יום שני | 27/07/2015
28/07/2015,2015-07-28,יום שלישי,2015,7,יולי,28,https://a99.mediacast.co.il/99fm/mediafiles/full_28_07_15.mp3,,יום שלישי | 28/07/2015
29/07/2015,2015-07-29,יום רביעי,2015,7,יולי,29,https://a99.mediacast.co.il/99fm/mediafiles/full_29_07_15.mp3,,יום רביעי | 29/07/2015
30/07/2015,2015-07-30,יום חמישי,2015,7,יולי,30,https://a99.mediacast.co.il/99fm/mediafiles/full_30_07_15.mp3,,יום חמישי | 30/07/2015
05/08/2015,2015-08-05,יום רביעי,2015,8,אוגוסט,5,https://a99.mediacast.co.il/99fm/mediafiles/full_05_08_15.mp3,,יום רביעי | 05/08/2015
10/08/2015,2015-08-10,יום שני,2015,8,אוגוסט,10,https://a99.mediacast.co.il/99fm/mediafiles/full_10_08_15.mp3,,יום שני | 10/08/2015
11/08/2015,2015-08-11,יום שלישי,2015,8,אוגוסט,11,https://a99.mediacast.co.il/99fm/mediafiles/full_11_08_15.mp3,,יום שלישי | 11/08/2015
12/08/2015,2015-08-12,יום רביעי,2015,8,אוגוסט,12,https://a99.mediacast.co.il/99fm/mediafiles/full_12_08_15.mp3,,יום רביעי | 12/08/2015
13/08/2015,2015-08-13,יום חמישי,2015,8,אוגוסט,13,https://a99.mediacast.co.il/99fm/mediafiles/full_13_08_15.mp3,,יום חמישי | 13/08/2015
23/08/2015,2015-08-23,יום ראשון,2015,8,אוגוסט,23,https://a99.mediacast.co.il/99fm/mediafiles/full_23_08_15.mp3,,יום ראשון | 23/08/2015
25/08/2015,2015-08-25,יום שלישי,2015,8,אוגוסט,25,https://a99.mediacast.co.il/99fm/mediafiles/full_25_08_15.mp3,,יום שלישי | 25/08/2015
26/08/2015,2015-08-26,יום רביעי,2015,8,אוגוסט,26,https://a99.mediacast.co.il/99fm/mediafiles/full_26_08_15.mp3,,יום רביעי | 26/08/2015
27/08/2015,2015-08-27,יום חמישי,2015,8,אוגוסט,27,https://a99.mediacast.co.il/99fm/mediafiles/full_27_08_15.mp3,,יום חמישי | 27/08/2015
30/08/2015,2015-08-30,יום ראשון,2015,8,אוגוסט,30,https://a99.mediacast.co.il/99fm/mediafiles/full_30_08_15.mp3,,יום ראשון | 30/08/2015
31/08/2015,2015-08-31,יום שני,2015,8,אוגוסט,31,https://a99.mediacast.co.il/99fm/mediafiles/full_31_08_15.mp3,,יום שני | 31/08/2015
11/10/2015,2015-10-11,יום ראשון,2015,10,אוקטובר,11,https://a99.mediacast.co.il/99fm/mediafiles/full_11_10_15.mp3,,יום ראשון | 11/10/2015
12/10/2015,2015-10-12,יום שני,2015,10,אוקטובר,12,https://a99.mediacast.co.il/99fm/mediafiles/full_12_10_15.mp3,,יום שני | 12/10/2015
13/10/2015,2015-10-13,יום שלישי,2015,10,אוקטובר,13,https://a99.mediacast.co.il/99fm/mediafiles/full_13_10_15.mp3,,יום שלישי | 13/10/2015
14/10/2015,2015-10-14,יום רביעי,2015,10,אוקטובר,14,https://a99.mediacast.co.il/99fm/mediafiles/full_14_10_15.mp3,,יום רביעי | 14/10/2015
15/10/2015,2015-10-15,יום חמישי,2015,10,אוקטובר,15,https://a99.mediacast.co.il/99fm/mediafiles/full_15_10_15.mp3,,יום חמישי | 15/10/2015
18/10/2015,2015-10-18,יום ראשון,2015,10,אוקטובר,18,https://a99.mediacast.co.il/99fm/mediafiles/full_18_10_15.mp3,,יום ראשון | 18/10/2015
19/10/2015,2015-10-19,יום שני,2015,10,אוקטובר,19,https://a99.mediacast.co.il/99fm/mediafiles/full_19_10_15.mp3,,יום שני | 19/10/2015
20/10/2015,2015-10-20,יום שלישי,2015,10,אוקטובר,20,https://a99.mediacast.co.il/99fm/mediafiles/full_20_10_15.mp3,,יום שלישי | 20/10/2015
21/10/2015,2015-10-21,יום רביעי,2015,10,אוקטובר,21,https://a99.mediacast.co.il/99fm/mediafiles/full_21_10_15.mp3,,יום רביעי | 21/10/2015
22/10/2015,2015-10-22,יום חמישי,2015,10,אוקטובר,22,https://a99.mediacast.co.il/99fm/mediafiles/full_22_10_15.mp3,,יום חמישי | 22/10/2015
25/10/2015,2015-10-25,יום ראשון,2015,10,אוקטובר,25,https://a99.mediacast.co.il/99fm/mediafiles/full_25_10_15.mp3,,יום ראשון | 25/10/2015
26/10/2015,2015-10-26,יום שני,2015,10,אוקטובר,26,https://a99.mediacast.co.il/99fm/mediafiles/full_26_10_15.mp3,,יום שני | 26/10/2015
27/10/2015,2015-10-27,יום שלישי,2015,10,אוקטובר,27,https://a99.mediacast.co.il/99fm/mediafiles/full_27_10_15.mp3,,יום שלישי | 27/10/2015
28/10/2015,2015-10-28,יום רביעי,2015,10,אוקטובר,28,https://a99.mediacast.co.il/99fm/mediafiles/full_28_10_15.mp3,,יום רביעי | 28/10/2015
29/10/2015,2015-10-29,יום חמישי,2015,10,אוקטובר,29,https://a99.mediacast.co.il/99fm/mediafiles/full_29_10_15.mp3,,יום חמישי | 29/10/2015
01/11/2015,2015-11-01,יום ראשון,2015,11,נובמבר,1,https://a99.mediacast.co.il/99fm/mediafiles/full_01_11_15.mp3,,יום ראשון | 01/11/2015
02/11/2015,2015-11-02,יום שני,2015,11,נובמבר,2,https://a99.mediacast.co.il/99fm/mediafiles/full_02_11_15.mp3,,יום שני | 02/11/2015
03/11/2015,2015-11-03,יום שלישי,2015,11,נובמבר,3,https://a99.mediacast.co.il/99fm/mediafiles/full_03_11_15.mp3,,יום שלישי | 03/11/2015
04/11/2015,2015-11-04,יום רביעי,2015,11,נובמבר,4,https://a99.mediacast.co.il/99fm/mediafiles/full_04_11_15.mp3,,יום רביעי | 04/11/2015
05/11/2015,2015-11-05,יום חמישי,2015,11,נובמבר,5,https://a99.mediacast.co.il/99fm/mediafiles/full_05_11_15.mp3,,יום חמישי | 05/11/2015
08/11/2015,2015-11-08,יום ראשון,2015,11,נובמבר,8,https://a99.mediacast.co.il/99fm/mediafiles/full_08_11_15.mp3,,יום ראשון | 08/11/2015
09/11/2015,2015-11-09,יום שני,2015,11,נובמבר,9,https://a99.mediacast.co.il/99fm/mediafiles/full_09_11_15.mp3,,יום שני | 09/11/2015
10/11/2015,2015-11-10,יום שלישי,2015,11,נובמבר,10,https://a99.mediacast.co.il/99fm/mediafiles/full_10_11_15.mp3,,יום שלישי | 10/11/2015
11/11/2015,2015-11-11,יום רביעי,2015,11,נובמבר,11,https://a99.mediacast.co.il/99fm/mediafiles/full_11_11_15.mp3,,יום רביעי | 11/11/2015
12/11/2015,2015-11-12,יום חמישי,2015,11,נובמבר,12,https://a99.mediacast.co.il/99fm/mediafiles/full_12_11_15.mp3,,יום חמישי | 12/11/2015
15/11/2015,2015-11-15,יום ראשון,2015,11,נובמבר,15,https://a99.mediacast.co.il/99fm/mediafiles/full_15_11_15.mp3,,יום ראשון | 15/11/2015
16/11/2015,2015-11-16,יום שני,2015,11,נובמבר,16,https://a99.mediacast.co.il/99fm/mediafiles/full_16_11_15.mp3,,יום שני | 16/11/2015
17/11/2015,2015-11-17,יום שלישי,2015,11,נובמבר,17,https://a99.mediacast.co.il/99fm/mediafiles/full_17_11_15.mp3,,יום שלישי | 17/11/2015
18/11/2015,2015-11-18,יום רביעי,2015,11,נובמבר,18,https://a99.mediacast.co.il/99fm/mediafiles/full_18_11_15.mp3,,יום רביעי | 18/11/2015
19/11/2015,2015-11-19,יום חמישי,2015,11,נובמבר,19,https://a99.mediacast.co.il/99fm/mediafiles/full_19_11_15.mp3,,יום חמישי | 19/11/2015
22/11/2015,2015-11-22,יום ראשון,2015,11,נובמבר,22,https://a99.mediacast.co.il/99fm/mediafiles/full_22_11_15.mp3,,יום ראשון | 22/11/2015
23/11/2015,2015-11-23,יום שני,2015,11,נובמבר,23,https://a99.mediacast.co.il/99fm/mediafiles/full_23_11_15.mp3,,יום שני | 23/11/2015
24/11/2015,2015-11-24,יום שלישי,2015,11,נובמבר,24,https://a99.mediacast.co.il/99fm/mediafiles/full_24_11_15.mp3,,יום שלישי | 24/11/2015
25/11/2015,2015-11-25,יום רביעי,2015,11,נובמבר,25,https://a99.mediacast.co.il/99fm/mediafiles/full_25_11_15.mp3,,יום רביעי | 25/11/2015
26/11/2015,2015-11-26,יום חמישי,2015,11,נובמבר,26,https://a99.mediacast.co.il/99fm/mediafiles/full_26_11_15.mp3,,יום חמישי | 26/11/2015
29/11/2015,2015-11-29,יום ראשון,2015,11,נובמבר,29,https://a99.mediacast.co.il/99fm/mediafiles/full_29_11_15.mp3,,יום ראשון | 29/11/2015
30/11/2015,2015-11-30,יום שני,2015,11,נובמבר,30,https://a99.mediacast.co.il/99fm/mediafiles/full_30_11_15.mp3,,יום שני | 30/11/2015
01/12/2015,2015-12-01,יום שלישי,2015,12,דצמבר,1,https://a99.mediacast.co.il/99fm/mediafiles/full_01_12_15.mp3,,יום שלישי | 01/12/2015
02/12/2015,2015-12-02,יום רביעי,2015,12,דצמבר,2,https://a99.mediacast.co.il/99fm/mediafiles/full_02_12_15.mp3,,יום רביעי | 02/12/2015
03/12/2015,2015-12-03,יום חמישי,2015,12,דצמבר,3,https://a99.mediacast.co.il/99fm/mediafiles/full_03_12_15.mp3,,יום חמישי | 03/12/2015
06/12/2015,2015-12-06,יום ראשון,2015,12,דצמבר,6,https://a99.mediacast.co.il/99fm/mediafiles/full_06_12_15.mp3,,יום ראשון | 06/12/2015
07/12/2015,2015-12-07,יום שני,2015,12,דצמבר,7,https://a99.mediacast.co.il/99fm/mediafiles/full_07_12_15.mp3,,יום שני | 07/12/2015
08/12/2015,2015-12-08,יום שלישי,2015,12,דצמבר,8,https://a99.mediacast.co.il/99fm/mediafiles/full_08_12_15.mp3,,יום שלישי | 08/12/2015
09/12/2015,2015-12-09,יום רביעי,2015,12,דצמבר,9,https://a99.mediacast.co.il/99fm/mediafiles/full_09_12_15.mp3,,יום רביעי | 09/12/2015
10/12/2015,2015-12-10,יום חמישי,2015,12,דצמבר,10,https://a99.mediacast.co.il/99fm/mediafiles/full_10_12_15.mp3,,יום חמישי | 10/12/2015
13/12/2015,2015-12-13,יום ראשון,2015,12,דצמבר,13,https://a99.mediacast.co.il/99fm/mediafiles/full_13_12_15.mp3,,יום ראשון | 13/12/2015
14/12/2015,2015-12-14,יום שני,2015,12,דצמבר,14,https://a99.mediacast.co.il/99fm/mediafiles/full_14_12_15.mp3,,יום שני | 14/12/2015
15/12/2015,2015-12-15,יום שלישי,2015,12,דצמבר,15,https://a99.mediacast.co.il/99fm/mediafiles/full_15_12_15.mp3,,יום שלישי | 15/12/2015
16/12/2015,2015-12-16,יום רביעי,2015,12,דצמבר,16,https://a99.mediacast.co.il/99fm/mediafiles/full_16_12_15.mp3,,יום רביעי | 16/12/2015
17/12/2015,2015-12-17,יום חמישי,2015,12,דצמבר,17,https://a99.mediacast.co.il/99fm/mediafiles/full_17_12_15.mp3,,יום חמישי | 17/12/2015
20/12/2015,2015-12-20,יום ראשון,2015,12,דצמבר,20,https://a99.mediacast.co.il/99fm/mediafiles/full_20_12_15.mp3,,יום ראשון | 20/12/2015
21/12/2015,2015-12-21,יום שני,2015,12,דצמבר,21,https://a99.mediacast.co.il/99fm/mediafiles/full_21_12_15.mp3,,יום שני | 21/12/2015
22/12/2015,2015-12-22,יום שלישי,2015,12,דצמבר,22,https://a99.mediacast.co.il/99fm/mediafiles/full_22_12_15.mp3,,יום שלישי | 22/12/2015
23/12/2015,2015-12-23,יום רביעי,2015,12,דצמבר,23,https://a99.mediacast.co.il/99fm/mediafiles/full_23_12_15.mp3,,יום רביעי | 23/12/2015
24/12/2015,2015-12-24,יום חמישי,2015,12,דצמבר,24,https://a99.mediacast.co.il/99fm/mediafiles/full_24_12_15.mp3,,יום חמישי | 24/12/2015
27/12/2015,2015-12-27,יום ראשון,2015,12,דצמבר,27,https://a99.mediacast.co.il/99fm/mediafiles/full_27_12_15.mp3,,יום ראשון | 27/12/2015
28/12/2015,2015-12-28,יום שני,2015,12,דצמבר,28,https://a99.mediacast.co.il/99fm/mediafiles/full_28_12_15.mp3,,יום שני | 28/12/2015
29/12/2015,2015-12-29,יום שלישי,2015,12,דצמבר,29,https://a99.mediacast.co.il/99fm/mediafiles/full_29_12_15.mp3,,יום שלישי | 29/12/2015
30/12/2015,2015-12-30,יום רביעי,2015,12,דצמבר,30,https://a99.mediacast.co.il/99fm/mediafiles/full_30_12_15.mp3,,יום רביעי | 30/12/2015
31/12/2015,2015-12-31,יום חמישי,2015,12,דצמבר,31,https://a99.mediacast.co.il/99fm/mediafiles/full_31_12_15.mp3,,יום חמישי | 31/12/2015
11/01/2016,2016-01-11,יום שני,2016,1,ינואר,11,https://a99.mediacast.co.il/99fm/mediafiles/full_11_01_16.mp3,,יום שני | 11/01/2016
12/01/2016,2016-01-12,יום שלישי,2016,1,ינואר,12,https://a99.mediacast.co.il/99fm/mediafiles/full_12_01_16.mp3,,יום שלישי | 12/01/2016
13/01/2016,2016-01-13,יום רביעי,2016,1,ינואר,13,https://a99.mediacast.co.il/99fm/mediafiles/full_13_01_16.mp3,,יום רביעי | 13/01/2016
14/01/2016,2016-01-14,יום חמישי,2016,1,ינואר,14,https://a99.mediacast.co.il/99fm/mediafiles/full_14_01_16.mp3,,יום חמישי | 14/01/2016
20/01/2016,2016-01-20,יום רביעי,2016,1,ינואר,20,https://a99.mediacast.co.il/99fm/mediafiles/full_20_01_16.mp3,,יום רביעי | 20/01/2016
21/01/2016,2016-01-21,יום חמישי,2016,1,ינואר,21,https://a99.mediacast.co.il/99fm/mediafiles/full_21_01_16.mp3,,יום חמישי | 21/01/2016
24/01/2016,2016-01-24,יום ראשון,2016,1,ינואר,24,https://a99.mediacast.co.il/99fm/mediafiles/full_24_01_16.mp3,,יום ראשון | 24/01/2016
26/01/2016,2016-01-26,יום שלישי,2016,1,ינואר,26,https://a99.mediacast.co.il/99fm/mediafiles/full_26_01_16.mp3,,יום שלישי | 26/01/2016
27/01/2016,2016-01-27,יום רביעי,2016,1,ינואר,27,https://a99.mediacast.co.il/99fm/mediafiles/full_27_01_16.mp3,,יום רביעי | 27/01/2016
28/01/2016,2016-01-28,יום חמישי,2016,1,ינואר,28,https://a99.mediacast.co.il/99fm/mediafiles/full_28_01_16.mp3,,יום חמישי | 28/01/2016
31/01/2016,2016-01-31,יום ראשון,2016,1,ינואר,31,https://a99.mediacast.co.il/99fm/mediafiles/full_31_01_16.mp3,,יום ראשון | 31/01/2016
03/02/2016,2016-02-03,יום רביעי,2016,2,פברואר,3,https://a99.mediacast.co.il/99fm/mediafiles/full_03_02_16.mp3,,יום רביעי | 03/02/2016
07/02/2016,2016-02-07,יום ראשון,2016,2,פברואר,7,https://a99.mediacast.co.il/99fm/mediafiles/full_07_02_16.mp3,,יום ראשון | 07/02/2016
10/02/2016,2016-02-10,יום רביעי,2016,2,פברואר,10,https://a99.mediacast.co.il/99fm/mediafiles/full_10_02_16.mp3,,יום רביעי | 10/02/2016
11/02/2016,2016-02-11,יום חמישי,2016,2,פברואר,11,https://a99.mediacast.co.il/99fm/mediafiles/full_11_02_16.mp3,,יום חמישי | 11/02/2016
14/02/2016,2016-02-14,יום ראשון,2016,2,פברואר,14,https://a99.mediacast.co.il/99fm/mediafiles/full_14_02_16.mp3,,יום ראשון | 14/02/2016
16/02/2016,2016-02-16,יום שלישי,2016,2,פברואר,16,https://a99.mediacast.co.il/99fm/mediafiles/full_16_02_16.mp3,,יום שלישי | 16/02/2016
17/02/2016,2016-02-17,יום רביעי,2016,2,פברואר,17,https://a99.mediacast.co.il/99fm/mediafiles/full_17_2_16.mp3,,יום רביעי | 17/02/2016
18/02/2016,2016-02-18,יום חמישי,2016,2,פברואר,18,https://a99.mediacast.co.il/99fm/mediafiles/full_18_2_16.mp3,,יום חמישי | 18/02/2016
21/02/2016,2016-02-21,יום ראשון,2016,2,פברואר,21,https://a99.mediacast.co.il/99fm/mediafiles/full_21_2_16.mp3,,יום ראשון | 21/02/2016
22/02/2016,2016-02-22,יום שני,2016,2,פברואר,22,https://a99.mediacast.co.il/99fm/mediafiles/full_22_02_16.mp3,,יום שני | 22/02/2016
23/02/2016,2016-02-23,יום שלישי,2016,2,פברואר,23,https://a99.mediacast.co.il/99fm/mediafiles/full_23_02_16.mp3,,יום שלישי | 23/02/2016
24/02/2016,2016-02-24,יום רביעי,2016,2,פברואר,24,https://a99.mediacast.co.il/99fm/mediafiles/full_24_02_16.mp3,,יום רביעי | 24/02/2016
25/02/2016,2016-02-25,יום חמישי,2016,2,פברואר,25,https://a99.mediacast.co.il/99fm/mediafiles/full_25_2_16.mp3,,יום חמישי | 25/02/2016
28/02/2016,2016-02-28,יום ראשון,2016,2,פברואר,28,https://a99.mediacast.co.il/99fm/mediafiles/full_28_02_16.mp3,,יום ראשון | 28/02/2016
29/02/2016,2016-02-29,יום שני,2016,2,פברואר,29,https://a99.mediacast.co.il/99fm/mediafiles/full_29_02_16.mp3,,יום שני | 29/02/2016
10/03/2016,2016-03-10,יום חמישי,2016,3,מרץ,10,https://a99.mediacast.co.il/99fm/mediafiles/full_10_3_16.mp3,,יום חמישי | 10/03/2016
13/03/2016,2016-03-13,יום ראשון,2016,3,מרץ,13,https://a99.mediacast.co.il/99fm/mediafiles/full_13_3_16.mp3,,יום ראשון | 13/03/2016
14/03/2016,2016-03-14,יום שני,2016,3,מרץ,14,https://a99.mediacast.co.il/99fm/mediafiles/full_14_3_16.mp3,,יום שני | 14/03/2016
15/03/2016,2016-03-15,יום שלישי,2016,3,מרץ,15,https://a99.mediacast.co.il/99fm/mediafiles/full_15_3_16.mp3,,יום שלישי | 15/03/2016
16/03/2016,2016-03-16,יום רביעי,2016,3,מרץ,16,https://a99.mediacast.co.il/99fm/mediafiles/full_16_3_16.mp3,,יום רביעי | 16/03/2016
17/03/2016,2016-03-17,יום חמישי,2016,3,מרץ,17,https://a99.mediacast.co.il/99fm/mediafiles/full_17_3_16.mp3,,יום חמישי | 17/03/2016
20/03/2016,2016-03-20,יום ראשון,2016,3,מרץ,20,https://a99.mediacast.co.il/99fm/mediafiles/full_20_3_16.mp3,,יום ראשון | 20/03/2016
21/03/2016,2016-03-21,יום שני,2016,3,מרץ,21,https://a99.mediacast.co.il/99fm/mediafiles/full_21_3_16.mp3,,יום שני | 21/03/2016
22/03/2016,2016-03-22,יום שלישי,2016,3,מרץ,22,https://a99.mediacast.co.il/99fm/mediafiles/full_22_3_16.mp3,,יום שלישי | 22/03/2016
23/03/2016,2016-03-23,יום רביעי,2016,3,מרץ,23,https://a99.mediacast.co.il/99fm/mediafiles/full_23_3_16.mp3,,יום רביעי | 23/03/2016
24/03/2016,2016-03-24,יום חמישי,2016,3,מרץ,24,https://a99.mediacast.co.il/99fm/mediafiles/full_24_3_16.mp3,,יום חמישי | 24/03/2016
27/03/2016,2016-03-27,יום ראשון,2016,3,מרץ,27,https://a99.mediacast.co.il/99fm/mediafiles/full_27_3_16.mp3,,יום ראשון | 27/03/2016
28/03/2016,2016-03-28,יום שני,2016,3,מרץ,28,https://a99.mediacast.co.il/99fm/mediafiles/full_28_3_16.mp3,,יום שני | 28/03/2016
29/03/2016,2016-03-29,יום שלישי,2016,3,מרץ,29,https://a99.mediacast.co.il/99fm/mediafiles/full_29_3_16.mp3,,יום שלישי | 29/03/2016
30/03/2016,2016-03-30,יום רביעי,2016,3,מרץ,30,https://a99.mediacast.co.il/99fm/mediafiles/full_30_3_16.mp3,,יום רביעי | 30/03/2016
31/03/2016,2016-03-31,יום חמישי,2016,3,מרץ,31,https://a99.mediacast.co.il/99fm/mediafiles/full_31_3_16.mp3,,יום חמישי | 31/03/2016
10/04/2016,2016-04-10,יום ראשון,2016,4,אפריל,10,https://a99.mediacast.co.il/99fm/mediafiles/full_10_4_16.mp3,,יום ראשון | 10/04/2016
11/04/2016,2016-04-11,יום שני,2016,4,אפריל,11,https://a99.mediacast.co.il/99fm/mediafiles/full_11_4_16.mp3,,יום שני | 11/04/2016
12/04/2016,2016-04-12,יום שלישי,2016,4,אפריל,12,https://a99.mediacast.co.il/99fm/mediafiles/full_12_4_16.mp3,,יום שלישי | 12/04/2016
13/04/2016,2016-04-13,יום רביעי,2016,4,אפריל,13,https://a99.mediacast.co.il/99fm/mediafiles/full_13_4_16.mp3,,יום רביעי | 13/04/2016
14/04/2016,2016-04-14,יום חמישי,2016,4,אפריל,14,https://a99.mediacast.co.il/99fm/mediafiles/full_14_4_16.mp3,,יום חמישי | 14/04/2016
17/04/2016,2016-04-17,יום ראשון,2016,4,אפריל,17,https://a99.mediacast.co.il/99fm/mediafiles/full_17_4_16.mp3,,יום ראשון | 17/04/2016
18/04/2016,2016-04-18,יום שני,2016,4,אפריל,18,https://a99.mediacast.co.il/99fm/mediafiles/full_18_4_16.mp3,,יום שני | 18/04/2016
19/04/2016,2016-04-19,יום שלישי,2016,4,אפריל,19,https://a99.mediacast.co.il/99fm/mediafiles/full_19_4_16.mp3,,יום שלישי | 19/04/2016
20/04/2016,2016-04-20,יום רביעי,2016,4,אפריל,20,https://a99.mediacast.co.il/99fm/mediafiles/full_20_4_16.mp3,,יום רביעי | 20/04/2016
21/04/2016,2016-04-21,יום חמישי,2016,4,אפריל,21,https://a99.mediacast.co.il/99fm/mediafiles/full_21_4_16.mp3,,יום חמישי | 21/04/2016
10/05/2016,2016-05-10,יום שלישי,2016,5,מאי,10,https://a99.mediacast.co.il/99fm/mediafiles/full_10_5_16.mp3,,יום שלישי | 10/05/2016
15/05/2016,2016-05-15,יום ראשון,2016,5,מאי,15,https://a99.mediacast.co.il/99fm/mediafiles/full_15_5_16.mp3,,יום ראשון | 15/05/2016
16/05/2016,2016-05-16,יום שני,2016,5,מאי,16,https://a99.mediacast.co.il/99fm/mediafiles/full_16_5_16.mp3,,יום שני | 16/05/2016
17/05/2016,2016-05-17,יום שלישי,2016,5,מאי,17,https://a99.mediacast.co.il/99fm/mediafiles/full_17_5_16.mp3,,יום שלישי | 17/05/2016
18/05/2016,2016-05-18,יום רביעי,2016,5,מאי,18,https://a99.mediacast.co.il/99fm/mediafiles/full_18_5_16.mp3,,יום רביעי | 18/05/2016
19/05/2016,2016-05-19,יום חמישי,2016,5,מאי,19,https://a99.mediacast.co.il/99fm/mediafiles/full_19_5_16.mp3,,יום חמישי | 19/05/2016
22/05/2016,2016-05-22,יום ראשון,2016,5,מאי,22,https://a99.mediacast.co.il/99fm/mediafiles/full_22_5_16.mp3,,יום ראשון | 22/05/2016
23/05/2016,2016-05-23,יום שני,2016,5,מאי,23,https://a99.mediacast.co.il/99fm/mediafiles/full_23_5_16.mp3,,יום שני | 23/05/2016
24/05/2016,2016-05-24,יום שלישי,2016,5,מאי,24,https://a99.mediacast.co.il/99fm/mediafiles/full_24_5_16.mp3,,יום שלישי | 24/05/2016
25/05/2016,2016-05-25,יום רביעי,2016,5,מאי,25,https://a99.mediacast.co.il/99fm/mediafiles/full_25_5_16.mp3,,יום רביעי | 25/05/2016
26/05/2016,2016-05-26,יום חמישי,2016,5,מאי,26,https://a99.mediacast.co.il/99fm/mediafiles/full_26_5_16.mp3,,יום חמישי | 26/05/2016
29/05/2016,2016-05-29,יום ראשון,2016,5,מאי,29,https://a99.mediacast.co.il/99fm/mediafiles/full_29_5_16.mp3,,יום ראשון | 29/05/2016
30/05/2016,2016-05-30,יום שני,2016,5,מאי,30,https://a99.mediacast.co.il/99fm/mediafiles/full_30_5_16.mp3,,יום שני | 30/05/2016
31/05/2016,2016-05-31,יום שלישי,2016,5,מאי,31,https://a99.mediacast.co.il/99fm/mediafiles/full_31_5_16.mp3,,יום שלישי | 31/05/2016
13/06/2016,2016-06-13,יום שני,2016,6,יוני,13,https://a99.mediacast.co.il/99fm/mediafiles/full_13_6_16.mp3,,יום שני | 13/06/2016
14/06/2016,2016-06-14,יום שלישי,2016,6,יוני,14,https://a99.mediacast.co.il/99fm/mediafiles/full_14_6_16.mp3,,יום שלישי | 14/06/2016
15/06/2016,2016-06-15,יום רביעי,2016,6,יוני,15,https://a99.mediacast.co.il/99fm/mediafiles/full_15_6_16.mp3,,יום רביעי | 15/06/2016
16/06/2016,2016-06-16,יום חמישי,2016,6,יוני,16,https://a99.mediacast.co.il/99fm/mediafiles/full_16_6_16.mp3,,יום חמישי | 16/06/2016
19/06/2016,2016-06-19,יום ראשון,2016,6,יוני,19,https://a99.mediacast.co.il/99fm/mediafiles/full_19_6_16.mp3,,יום ראשון | 19/06/2016
20/06/2016,2016-06-20,יום שני,2016,6,יוני,20,https://a99.mediacast.co.il/99fm/mediafiles/full_20_6_16.mp3,,יום שני | 20/06/2016
21/06/2016,2016-06-21,יום שלישי,2016,6,יוני,21,https://a99.mediacast.co.il/99fm/mediafiles/full_21_6_16.mp3,,יום שלישי | 21/06/2016
22/06/2016,2016-06-22,יום רביעי,2016,6,יוני,22,https://a99.mediacast.co.il/99fm/mediafiles/full_22_6_16.mp3,,יום רביעי | 22/06/2016
23/06/2016,2016-06-23,יום חמישי,2016,6,יוני,23,https://a99.mediacast.co.il/99fm/mediafiles/full_23_6_16.mp3,,יום חמישי | 23/06/2016
26/06/2016,2016-06-26,יום ראשון,2016,6,יוני,26,https://a99.mediacast.co.il/99fm/mediafiles/full_26_6_16.mp3,,יום ראשון | 26/06/2016
27/06/2016,2016-06-27,יום שני,2016,6,יוני,27,https://a99.mediacast.co.il/99fm/mediafiles/full_27_6_16.mp3,,יום שני | 27/06/2016
28/06/2016,2016-06-28,יום שלישי,2016,6,יוני,28,https://a99.mediacast.co.il/99fm/mediafiles/full_28_6_16.mp3,,יום שלישי | 28/06/2016
29/06/2016,2016-06-29,יום רביעי,2016,6,יוני,29,https://a99.mediacast.co.il/99fm/mediafiles/full_29_6_16.mp3,,יום רביעי | 29/06/2016
30/06/2016,2016-06-30,יום חמישי,2016,6,יוני,30,https://a99.mediacast.co.il/99fm/mediafiles/full_30_6_16.mp3,,יום חמישי | 30/06/2016
10/07/2016,2016-07-10,יום ראשון,2016,7,יולי,10,https://a99.mediacast.co.il/99fm/mediafiles/full_10_7_16.mp3,,יום ראשון | 10/07/2016
11/07/2016,2016-07-11,יום שני,2016,7,יולי,11,https://a99.mediacast.co.il/99fm/mediafiles/full_11_7_16.mp3,,יום שני | 11/07/2016
12/07/2016,2016-07-12,יום שלישי,2016,7,יולי,12,https://a99.mediacast.co.il/99fm/mediafiles/full_12_7_16.mp3,,יום שלישי | 12/07/2016
13/07/2016,2016-07-13,יום רביעי,2016,7,יולי,13,https://a99.mediacast.co.il/99fm/mediafiles/full_13_7_16.mp3,,יום רביעי | 13/07/2016
14/07/2016,2016-07-14,יום חמישי,2016,7,יולי,14,https://a99.mediacast.co.il/99fm/mediafiles/full_14_7_16.mp3,,יום חמישי | 14/07/2016
17/07/2016,2016-07-17,יום ראשון,2016,7,יולי,17,https://a99.mediacast.co.il/99fm/mediafiles/full_17_7_16.mp3,,יום ראשון | 17/07/2016
18/07/2016,2016-07-18,יום שני,2016,7,יולי,18,https://a99.mediacast.co.il/99fm/mediafiles/full_18_7_16.mp3,,יום שני | 18/07/2016
19/07/2016,2016-07-19,יום שלישי,2016,7,יולי,19,https://a99.mediacast.co.il/99fm/mediafiles/full_19_7_16.mp3,,יום שלישי | 19/07/2016
20/07/2016,2016-07-20,יום רביעי,2016,7,יולי,20,https://a99.mediacast.co.il/99fm/mediafiles/full_20_7_16.mp3,,יום רביעי | 20/07/2016
21/07/2016,2016-07-21,יום חמישי,2016,7,יולי,21,https://a99.mediacast.co.il/99fm/mediafiles/full_21_7_16.mp3,,יום חמישי | 21/07/2016
24/07/2016,2016-07-24,יום ראשון,2016,7,יולי,24,https://a99.mediacast.co.il/99fm/mediafiles/full_24_7_16.mp3,,יום ראשון | 24/07/2016
25/07/2016,2016-07-25,יום שני,2016,7,יולי,25,https://a99.mediacast.co.il/99fm/mediafiles/full_25_7_16.mp3,,יום שני | 25/07/2016
26/07/2016,2016-07-26,יום שלישי,2016,7,יולי,26,https://a99.mediacast.co.il/99fm/mediafiles/full_26_7_16.mp3,,יום שלישי | 26/07/2016
27/07/2016,2016-07-27,יום רביעי,2016,7,יולי,27,https://a99.mediacast.co.il/99fm/mediafiles/full_27_7_16.mp3,,יום רביעי | 27/07/2016
28/07/2016,2016-07-28,יום חמישי,2016,7,יולי,28,https://a99.mediacast.co.il/99fm/mediafiles/full_28_7_16.mp3,,יום חמישי | 28/07/2016
31/07/2016,2016-07-31,יום ראשון,2016,7,יולי,31,https://a99.mediacast.co.il/99fm/mediafiles/full_31_7_16.mp3,,יום ראשון | 31/07/2016
10/08/2016,2016-08-10,יום רביעי,2016,8,אוגוסט,10,https://a99.mediacast.co.il/99fm/mediafiles/haboker_full_10_8_16.mp3,,יום רביעי | 10/08/2016
11/08/2016,2016-08-11,יום חמישי,2016,8,אוגוסט,11,https://a99.mediacast.co.il/99fm/mediafiles/haboker_full_11_8_16.mp3,,יום חמישי | 11/08/2016
15/08/2016,2016-08-15,יום שני,2016,8,אוגוסט,15,https://a99.mediacast.co.il/99fm/mediafiles/haboker_full_15_8_16.mp3,,יום שני | 15/08/2016
16/08/2016,2016-08-16,יום שלישי,2016,8,אוגוסט,16,https://a99.mediacast.co.il/99fm/mediafiles/haboker_full_16_8_16.mp3,,יום שלישי | 16/08/2016
18/08/2016,2016-08-18,יום חמישי,2016,8,אוגוסט,18,https://a99.mediacast.co.il/99fm/mediafiles/haboker_full_18_8_16.mp3,,יום חמישי | 18/08/2016
21/08/2016,2016-08-21,יום ראשון,2016,8,אוגוסט,21,https://a99.mediacast.co.il/99fm/mediafiles/haboker_full_21_8_16.mp3,,יום ראשון | 21/08/2016
22/08/2016,2016-08-22,יום שני,2016,8,אוגוסט,22,https://a99.mediacast.co.il/99fm/mediafiles/haboker_full_22_8_16.mp3,,יום שני | 22/08/2016
23/08/2016,2016-08-23,יום שלישי,2016,8,אוגוסט,23,https://a99.mediacast.co.il/99fm/mediafiles/haboker_full_23_8_16.mp3,,יום שלישי | 23/08/2016
24/08/2016,2016-08-24,יום רביעי,2016,8,אוגוסט,24,https://a99.mediacast.co.il/99fm/mediafiles/haboker_full_24_8_16.mp3,,יום רביעי | 24/08/2016
25/08/2016,2016-08-25,יום חמישי,2016,8,אוגוסט,25,https://a99.mediacast.co.il/99fm/mediafiles/haboker_full_25_8_16.mp3,,יום חמישי | 25/08/2016
28/08/2016,2016-08-28,יום ראשון,2016,8,אוגוסט,28,https://a99.mediacast.co.il/99fm/mediafiles/haboker_full_28_8_16.mp3,,יום ראשון | 28/08/2016
29/08/2016,2016-08-29,יום שני,2016,8,אוגוסט,29,https://a99.mediacast.co.il/99fm/mediafiles/haboker_full_29_8_16.mp3,,יום שני | 29/08/2016
30/08/2016,2016-08-30,יום שלישי,2016,8,אוגוסט,30,https://a99.mediacast.co.il/99fm/mediafiles/haboker_full_30_8_16.mp3,,יום שלישי | 30/08/2016
31/08/2016,2016-08-31,יום רביעי,2016,8,אוגוסט,31,https://a99.mediacast.co.il/99fm/mediafiles/haboker_full_31_8_16.mp3,,יום רביעי | 31/08/2016
11/09/2016,2016-09-11,יום ראשון,2016,9,ספטמבר,11,https://a99.mediacast.co.il/99fm/mediafiles/haboker_full_11_9_16.mp3,,יום ראשון | 11/09/2016
12/09/2016,2016-09-12,יום שני,2016,9,ספטמבר,12,https://a99.mediacast.co.il/99fm/mediafiles/haboker_full_12_9_16.mp3,,יום שני | 12/09/2016
13/09/2016,2016-09-13,יום שלישי,2016,9,ספטמבר,13,https://a99.mediacast.co.il/99fm/mediafiles/haboker_full_13_9_16.mp3,,יום שלישי | 13/09/2016
14/09/2016,2016-09-14,יום רביעי,2016,9,ספטמבר,14,https://a99.mediacast.co.il/99fm/mediafiles/haboker_full_14_9_16.mp3,,יום רביעי | 14/09/2016
18/09/2016,2016-09-18,יום ראשון,2016,9,ספטמבר,18,https://a99.mediacast.co.il/99fm/mediafiles/haboker_full_18_9_16.mp3,,יום ראשון | 18/09/2016
19/09/2016,2016-09-19,יום שני,2016,9,ספטמבר,19,https://a99.mediacast.co.il/99fm/mediafiles/haboker_full_19_9_16.mp3,,יום שני | 19/09/2016
20/09/2016,2016-09-20,יום שלישי,2016,9,ספטמבר,20,https://a99.mediacast.co.il/99fm/mediafiles/haboker_full_20_9_16.mp3,,יום שלישי | 20/09/2016
21/09/2016,2016-09-21,יום רביעי,2016,9,ספטמבר,21,https://a99.mediacast.co.il/99fm/mediafiles/haboker_full_21_9_16.mp3,,יום רביעי | 21/09/2016
22/09/2016,2016-09-22,יום חמישי,2016,9,ספטמבר,22,https://a99.mediacast.co.il/99fm/mediafiles/haboker_full_22_9_16.mp3,,יום חמישי | 22/09/2016
25/09/2016,2016-09-25,יום ראשון,2016,9,ספטמבר,25,https://a99.mediacast.co.il/99fm/mediafiles/haboker_full_25_9_16.mp3,,יום ראשון | 25/09/2016
26/09/2016,2016-09-26,יום שני,2016,9,ספטמבר,26,https://a99.mediacast.co.il/99fm/mediafiles/haboker_full_26_9_16.mp3,,יום שני | 26/09/2016
27/09/2016,2016-09-27,יום שלישי,2016,9,ספטמבר,27,https://a99.mediacast.co.il/99fm/mediafiles/haboker_full_27_9_16.mp3,,יום שלישי | 27/09/2016
29/09/2016,2016-09-29,יום חמישי,2016,9,ספטמבר,29,https://a99.mediacast.co.il/99fm/mediafiles/haboker_full_29_9_16.mp3,,יום חמישי | 29/09/2016
25/10/2016,2016-10-25,יום שלישי,2016,10,אוקטובר,25,https://a99.mediacast.co.il/99fm/mediafiles/haboker_full_25_10_16.mp3,,יום שלישי | 25/10/2016
26/10/2016,2016-10-26,יום רביעי,2016,10,אוקטובר,26,https://a99.mediacast.co.il/99fm/mediafiles/haboker_full_26_10_16.mp3,,יום רביעי | 26/10/2016
27/10/2016,2016-10-27,יום חמישי,2016,10,אוקטובר,27,https://a99.mediacast.co.il/99fm/mediafiles/haboker_full_27_10_16.mp3,,יום חמישי | 27/10/2016
30/10/2016,2016-10-30,יום ראשון,2016,10,אוקטובר,30,https://a99.mediacast.co.il/99fm/mediafiles/haboker_full_30_10_16.mp3,,יום ראשון | 30/10/2016
31/10/2016,2016-10-31,יום שני,2016,10,אוקטובר,31,https://a99.mediacast.co.il/99fm/mediafiles/haboker_full_31_10_16.mp3,,יום שני | 31/10/2016
10/11/2016,2016-11-10,יום חמישי,2016,11,נובמבר,10,https://a99.mediacast.co.il/99fm/mediafiles/haboker_full_10_11_16.mp3,,יום חמישי | 10/11/2016
13/11/2016,2016-11-13,יום ראשון,2016,11,נובמבר,13,https://a99.mediacast.co.il/99fm/mediafiles/haboker_full_13_11_16.mp3,,יום ראשון | 13/11/2016
14/11/2016,2016-11-14,יום שני,2016,11,נובמבר,14,https://a99.mediacast.co.il/99fm/mediafiles/haboker_full_14_11_16.mp3,,יום שני | 14/11/2016
15/11/2016,2016-11-15,יום שלישי,2016,11,נובמבר,15,https://a99.mediacast.co.il/99fm/mediafiles/haboker_full_15_11_16.mp3,,יום שלישי | 15/11/2016
16/11/2016,2016-11-16,יום רביעי,2016,11,נובמבר,16,https://a99.mediacast.co.il/99fm/mediafiles/haboker_full_16_11_16.mp3,,יום רביעי | 16/11/2016
17/11/2016,2016-11-17,יום חמישי,2016,11,נובמבר,17,https://a99.mediacast.co.il/99fm/mediafiles/haboker_full_17_11_16.mp3,,יום חמישי | 17/11/2016
20/11/2016,2016-11-20,יום ראשון,2016,11,נובמבר,20,https://a99.mediacast.co.il/99fm/mediafiles/haboker_full_20_11_16.mp3,,יום ראשון | 20/11/2016
21/11/2016,2016-11-21,יום שני,2016,11,נובמבר,21,https://a99.mediacast.co.il/99fm/mediafiles/haboker_full_21_11_16.mp3,,יום שני | 21/11/2016
22/11/2016,2016-11-22,יום שלישי,2016,11,נובמבר,22,https://a99.mediacast.co.il/99fm/mediafiles/haboker_full_22_11_16.mp3,,יום שלישי | 22/11/2016
23/11/2016,2016-11-23,יום רביעי,2016,11,נובמבר,23,https://a99.mediacast.co.il/99fm/mediafiles/haboker_full_23_11_16.mp3,,יום רביעי | 23/11/2016
24/11/2016,2016-11-24,יום חמישי,2016,11,נובמבר,24,https://a99.mediacast.co.il/99fm/mediafiles/haboker_full_24_11_16.mp3,,יום חמישי | 24/11/2016
27/11/2016,2016-11-27,יום ראשון,2016,11,נובמבר,27,https://a99.mediacast.co.il/99fm/mediafiles/haboker_full_27_11_16.mp3,,יום ראשון | 27/11/2016
28/11/2016,2016-11-28,יום שני,2016,11,נובמבר,28,https://a99.mediacast.co.il/99fm/mediafiles/haboker_full_28_11_16.mp3,,יום שני | 28/11/2016
30/11/2016,2016-11-30,יום רביעי,2016,11,נובמבר,30,https://a99.mediacast.co.il/99fm/mediafiles/haboker_full_30_11_16.mp3,,יום רביעי | 30/11/2016
11/12/2016,2016-12-11,יום ראשון,2016,12,דצמבר,11,https://a99.mediacast.co.il/99fm/mediafiles/haboker_full_11_12_16.mp3,,יום ראשון | 11/12/2016
13/12/2016,2016-12-13,יום שלישי,2016,12,דצמבר,13,https://a99.mediacast.co.il/99fm/mediafiles/haboker_full_13_12_16.mp3,,יום שלישי | 13/12/2016
14/12/2016,2016-12-14,יום רביעי,2016,12,דצמבר,14,https://a99.mediacast.co.il/99fm/mediafiles/haboker_full_14_12_16.mp3,,יום רביעי | 14/12/2016
15/12/2016,2016-12-15,יום חמישי,2016,12,דצמבר,15,https://a99.mediacast.co.il/99fm/mediafiles/haboker_full_15_12_16.mp3,,יום חמישי | 15/12/2016
18/12/2016,2016-12-18,יום ראשון,2016,12,דצמבר,18,https://a99.mediacast.co.il/99fm/mediafiles/haboker_full_18_12_16.mp3,,יום ראשון | 18/12/2016
19/12/2016,2016-12-19,יום שני,2016,12,דצמבר,19,https://a99.mediacast.co.il/99fm/mediafiles/haboker_full_19_12_16.mp3,,יום שני | 19/12/2016
20/12/2016,2016-12-20,יום שלישי,2016,12,דצמבר,20,https://a99.mediacast.co.il/99fm/mediafiles/haboker_full_20_12_16.mp3,,יום שלישי | 20/12/2016
21/12/2016,2016-12-21,יום רביעי,2016,12,דצמבר,21,https://a99.mediacast.co.il/99fm/mediafiles/haboker_full_21_12_16.mp3,,יום רביעי | 21/12/2016
22/12/2016,2016-12-22,יום חמישי,2016,12,דצמבר,22,https://a99.mediacast.co.il/99fm/mediafiles/haboker_full_22_12_16.mp3,,יום חמישי | 22/12/2016
25/12/2016,2016-12-25,יום ראשון,2016,12,דצמבר,25,https://a99.mediacast.co.il/99fm/mediafiles/haboker_full_25_12_16.mp3,,יום ראשון | 25/12/2016
26/12/2016,2016-12-26,יום שני,2016,12,דצמבר,26,https://a99.mediacast.co.il/99fm/mediafiles/haboker_full_26_12_16.mp3,,יום שני | 26/12/2016
27/12/2016,2016-12-27,יום שלישי,2016,12,דצמבר,27,https://a99.mediacast.co.il/99fm/mediafiles/haboker_full_27_12_16.mp3,,יום שלישי | 27/12/2016
28/12/2016,2016-12-28,יום רביעי,2016,12,דצמבר,28,https://a99.mediacast.co.il/99fm/mediafiles/haboker_full_28_12_16.mp3,,יום רביעי | 28/12/2016
29/12/2016,2016-12-29,יום חמישי,2016,12,דצמבר,29,https://a99.mediacast.co.il/99fm/mediafiles/haboker_full_29_12_16.mp3,,יום חמישי | 29/12/2016
10/01/2017,2017-01-10,יום שלישי,2017,1,ינואר,10,https://a99.mediacast.co.il/99fm/mediafiles/haboker_full_10_1_17.mp3,,יום שלישי | 10/01/2017
11/01/2017,2017-01-11,יום רביעי,2017,1,ינואר,11,https://a99.mediacast.co.il/99fm/mediafiles/haboker_full_11_1_17.mp3,,יום רביעי | 11/01/2017
12/01/2017,2017-01-12,יום חמישי,2017,1,ינואר,12,https://a99.mediacast.co.il/99fm/mediafiles/haboker_full_12_1_17.mp3,,יום חמישי | 12/01/2017
15/01/2017,2017-01-15,יום ראשון,2017,1,ינואר,15,https://a99.mediacast.co.il/99fm/mediafiles/haboker_full_15_1_17.mp3,,יום ראשון | 15/01/2017
16/01/2017,2017-01-16,יום שני,2017,1,ינואר,16,https://a99.mediacast.co.il/99fm/mediafiles/haboker_full_16_1_17.mp3,,יום שני | 16/01/2017
17/01/2017,2017-01-17,יום שלישי,2017,1,ינואר,17,https://a99.mediacast.co.il/99fm/mediafiles/haboker_full_17_1_17.mp3,,יום שלישי | 17/01/2017
18/01/2017,2017-01-18,יום רביעי,2017,1,ינואר,18,https://a99.mediacast.co.il/99fm/mediafiles/haboker_full_18_1_17.mp3,,יום רביעי | 18/01/2017
19/01/2017,2017-01-19,יום חמישי,2017,1,ינואר,19,https://a99.mediacast.co.il/99fm/mediafiles/haboker_full_19_1_17.mp3,,יום חמישי | 19/01/2017
22/01/2017,2017-01-22,יום ראשון,2017,1,ינואר,22,https://a99.mediacast.co.il/99fm/mediafiles/haboker_full_22_1_17.mp3,,יום ראשון | 22/01/2017
23/01/2017,2017-01-23,יום שני,2017,1,ינואר,23,https://a99.mediacast.co.il/99fm/mediafiles/haboker_full_23_1_17.mp3,,יום שני | 23/01/2017
24/01/2017,2017-01-24,יום שלישי,2017,1,ינואר,24,https://a99.mediacast.co.il/99fm/mediafiles/haboker_full_24_1_17.mp3,,יום שלישי | 24/01/2017
25/01/2017,2017-01-25,יום רביעי,2017,1,ינואר,25,https://a99.mediacast.co.il/99fm/mediafiles/haboker_full_25_1_17.mp3,,יום רביעי | 25/01/2017
26/01/2017,2017-01-26,יום חמישי,2017,1,ינואר,26,https://a99.mediacast.co.il/99fm/mediafiles/haboker_full_26_1_17.mp3,,יום חמישי | 26/01/2017
29/01/2017,2017-01-29,יום ראשון,2017,1,ינואר,29,https://a99.mediacast.co.il/99fm/mediafiles/haboker_full_29_1_17.mp3,,יום ראשון | 29/01/2017
30/01/2017,2017-01-30,יום שני,2017,1,ינואר,30,https://a99.mediacast.co.il/99fm/mediafiles/haboker_full_30_1_17.mp3,,יום שני | 30/01/2017
31/01/2017,2017-01-31,יום שלישי,2017,1,ינואר,31,https://a99.mediacast.co.il/99fm/mediafiles/haboker_full_31_1_17.mp3,,יום שלישי | 31/01/2017
12/02/2017,2017-02-12,יום ראשון,2017,2,פברואר,12,https://a99.mediacast.co.il/99fm/mediafiles/haboker_full_12_2_17.mp3,,יום ראשון | 12/02/2017
13/02/2017,2017-02-13,יום שני,2017,2,פברואר,13,https://a99.mediacast.co.il/99fm/mediafiles/haboker_full_13_2_17.mp3,,יום שני | 13/02/2017
14/02/2017,2017-02-14,יום שלישי,2017,2,פברואר,14,https://a99.mediacast.co.il/99fm/mediafiles/haboker_full_14_2_17.mp3,,יום שלישי | 14/02/2017
15/02/2017,2017-02-15,יום רביעי,2017,2,פברואר,15,https://a99.mediacast.co.il/99fm/mediafiles/haboker_full_15_2_17.mp3,,יום רביעי | 15/02/2017
16/02/2017,2017-02-16,יום חמישי,2017,2,פברואר,16,https://a99.mediacast.co.il/99fm/mediafiles/haboker_full_16_2_17.mp3,,יום חמישי | 16/02/2017
19/02/2017,2017-02-19,יום ראשון,2017,2,פברואר,19,https://a99.mediacast.co.il/99fm/mediafiles/haboker_full_19_2_17.mp3,,יום ראשון | 19/02/2017
20/02/2017,2017-02-20,יום שני,2017,2,פברואר,20,https://a99.mediacast.co.il/99fm/mediafiles/haboker_full_20_2_17.mp3,,יום שני | 20/02/2017
21/02/2017,2017-02-21,יום שלישי,2017,2,פברואר,21,https://a99.mediacast.co.il/99fm/mediafiles/haboker_full_21_2_17.mp3,,יום שלישי | 21/02/2017
22/02/2017,2017-02-22,יום רביעי,2017,2,פברואר,22,https://a99.mediacast.co.il/99fm/mediafiles/haboker_full_22_2_17.mp3,,יום רביעי | 22/02/2017
23/02/2017,2017-02-23,יום חמישי,2017,2,פברואר,23,https://a99.mediacast.co.il/99fm/mediafiles/haboker_full_23_2_17.mp3,,יום חמישי | 23/02/2017
26/02/2017,2017-02-26,יום ראשון,2017,2,פברואר,26,https://a99.mediacast.co.il/99fm/mediafiles/haboker_full_26_2_17.mp3,,יום ראשון | 26/02/2017
27/02/2017,2017-02-27,יום שני,2017,2,פברואר,27,https://a99.mediacast.co.il/99fm/mediafiles/haboker_full_27_2_17.mp3,,יום שני | 27/02/2017
28/02/2017,2017-02-28,יום שלישי,2017,2,פברואר,28,https://a99.mediacast.co.il/99fm/mediafiles/haboker_full_28_2_17.mp3,,יום שלישי | 28/02/2017
12/03/2017,2017-03-12,יום ראשון,2017,3,מרץ,12,https://a99.mediacast.co.il/99fm/mediafiles/haboker_full_12_3_17.mp3,,יום ראשון | 12/03/2017
13/03/2017,2017-03-13,יום שני,2017,3,מרץ,13,https://a99.mediacast.co.il/99fm/mediafiles/haboker_full_13_3_17.mp3,,יום שני | 13/03/2017
14/03/2017,2017-03-14,יום שלישי,2017,3,מרץ,14,https://a99.mediacast.co.il/99fm/mediafiles/haboker_full_14_3_17.mp3,,יום שלישי | 14/03/2017
15/03/2017,2017-03-15,יום רביעי,2017,3,מרץ,15,https://a99.mediacast.co.il/99fm/mediafiles/haboker_full_15_3_17.mp3,,יום רביעי | 15/03/2017
16/03/2017,2017-03-16,יום חמישי,2017,3,מרץ,16,https://a99.mediacast.co.il/99fm/mediafiles/haboker_full_16_3_17.mp3,,יום חמישי | 16/03/2017
19/03/2017,2017-03-19,יום ראשון,2017,3,מרץ,19,https://a99.mediacast.co.il/99fm/mediafiles/haboker_full_19_3_17.mp3,,יום ראשון | 19/03/2017
20/03/2017,2017-03-20,יום שני,2017,3,מרץ,20,https://a99.mediacast.co.il/99fm/mediafiles/haboker_full_20_3_17.mp3,,יום שני | 20/03/2017
21/03/2017,2017-03-21,יום שלישי,2017,3,מרץ,21,https://a99.mediacast.co.il/99fm/mediafiles/haboker_full_21_3_17.mp3,,יום שלישי | 21/03/2017
22/03/2017,2017-03-22,יום רביעי,2017,3,מרץ,22,https://a99.mediacast.co.il/99fm/mediafiles/haboker_full_22_3_17.mp3,,יום רביעי | 22/03/2017
23/03/2017,2017-03-23,יום חמישי,2017,3,מרץ,23,https://a99.mediacast.co.il/99fm/mediafiles/haboker_full_23_3_17.mp3,,יום חמישי | 23/03/2017
26/03/2017,2017-03-26,יום ראשון,2017,3,מרץ,26,https://a99.mediacast.co.il/99fm/mediafiles/haboker_full_26_3_17.mp3,,יום ראשון | 26/03/2017
27/03/2017,2017-03-27,יום שני,2017,3,מרץ,27,https://a99.mediacast.co.il/99fm/mediafiles/haboker_full_27_3_17.mp3,,יום שני | 27/03/2017
28/03/2017,2017-03-28,יום שלישי,2017,3,מרץ,28,https://a99.mediacast.co.il/99fm/mediafiles/haboker_full_28_3_17.mp3,,יום שלישי | 28/03/2017
29/03/2017,2017-03-29,יום רביעי,2017,3,מרץ,29,https://a99.mediacast.co.il/99fm/mediafiles/haboker_full_29_3_17.mp3,,יום רביעי | 29/03/2017
30/03/2017,2017-03-30,יום חמישי,2017,3,מרץ,30,https://a99.mediacast.co.il/99fm/mediafiles/haboker_full_30_3_17.mp3,,יום חמישי | 30/03/2017
18/04/2017,2017-04-18,יום שלישי,2017,4,אפריל,18,https://a99.mediacast.co.il/99fm/mediafiles/haboker_full_18_4_17.mp3,,יום שלישי | 18/04/2017
19/04/2017,2017-04-19,יום רביעי,2017,4,אפריל,19,https://a99.mediacast.co.il/99fm/mediafiles/haboker_full_19_4_17.mp3,,יום רביעי | 19/04/2017
20/04/2017,2017-04-20,יום חמישי,2017,4,אפריל,20,https://a99.mediacast.co.il/99fm/mediafiles/haboker_full_20_4_17.mp3,,יום חמישי | 20/04/2017
23/04/2017,2017-04-23,יום ראשון,2017,4,אפריל,23,https://a99.mediacast.co.il/99fm/mediafiles/haboker_full_23_4_17.mp3,,יום ראשון | 23/04/2017
25/04/2017,2017-04-25,יום שלישי,2017,4,אפריל,25,https://a99.mediacast.co.il/99fm/mediafiles/haboker_full_25_4_17.mp3,,יום שלישי | 25/04/2017
26/04/2017,2017-04-26,יום רביעי,2017,4,אפריל,26,https://a99.mediacast.co.il/99fm/mediafiles/haboker_full_26_4_17.mp3,,יום רביעי | 26/04/2017
27/04/2017,2017-04-27,יום חמישי,2017,4,אפריל,27,https://a99.mediacast.co.il/99fm/mediafiles/haboker_full_27_4_17.mp3,,יום חמישי | 27/04/2017
30/04/2017,2017-04-30,יום ראשון,2017,4,אפריל,30,https://a99.mediacast.co.il/99fm/mediafiles/haboker_full_30_4_17.mp3,,יום ראשון | 30/04/2017
10/05/2017,2017-05-10,יום רביעי,2017,5,מאי,10,https://a99.mediacast.co.il/99fm/mediafiles/haboker_full_10_5_17.mp3,,יום רביעי | 10/05/2017
11/05/2017,2017-05-11,יום חמישי,2017,5,מאי,11,https://a99.mediacast.co.il/99fm/mediafiles/haboker_full_11_5_17.mp3,,יום חמישי | 11/05/2017
14/05/2017,2017-05-14,יום ראשון,2017,5,מאי,14,https://a99.mediacast.co.il/99fm/mediafiles/haboker_full_14_5_17.mp3,,יום ראשון | 14/05/2017
15/05/2017,2017-05-15,יום שני,2017,5,מאי,15,https://a99.mediacast.co.il/99fm/mediafiles/haboker_full_15_5_17.mp3,,יום שני | 15/05/2017
16/05/2017,2017-05-16,יום שלישי,2017,5,מאי,16,https://a99.mediacast.co.il/99fm/mediafiles/haboker_full_16_5_17.mp3,,יום שלישי | 16/05/2017
17/05/2017,2017-05-17,יום רביעי,2017,5,מאי,17,https://a99.mediacast.co.il/99fm/mediafiles/haboker_full_17_5_17.mp3,,יום רביעי | 17/05/2017
18/05/2017,2017-05-18,יום חמישי,2017,5,מאי,18,https://a99.mediacast.co.il/99fm/mediafiles/haboker_full_18_5_17.mp3,,יום חמישי | 18/05/2017
21/05/2017,2017-05-21,יום ראשון,2017,5,מאי,21,https://a99.mediacast.co.il/99fm/mediafiles/haboker_full_21_5_17.mp3,,יום ראשון | 21/05/2017
22/05/2017,2017-05-22,יום שני,2017,5,מאי,22,https://a99.mediacast.co.il/99fm/mediafiles/haboker_full_22_5_17.mp3,,יום שני | 22/05/2017
23/05/2017,2017-05-23,יום שלישי,2017,5,מאי,23,https://a99.mediacast.co.il/99fm/mediafiles/haboker_full_23_5_17.mp3,,יום שלישי | 23/05/2017
24/05/2017,2017-05-24,יום רביעי,2017,5,מאי,24,https://a99.mediacast.co.il/99fm/mediafiles/haboker_full_24_5_17.mp3,,יום רביעי | 24/05/2017
25/05/2017,2017-05-25,יום חמישי,2017,5,מאי,25,https://a99.mediacast.co.il/99fm/mediafiles/haboker_full_25_5_17.mp3,,יום חמישי | 25/05/2017
28/05/2017,2017-05-28,יום ראשון,2017,5,מאי,28,https://a99.mediacast.co.il/99fm/mediafiles/haboker_full_28_5_17.mp3,,יום ראשון | 28/05/2017
29/05/2017,2017-05-29,יום שני,2017,5,מאי,29,https://a99.mediacast.co.il/99fm/mediafiles/haboker_full_29_5_17.mp3,,יום שני | 29/05/2017
11/06/2017,2017-06-11,יום ראשון,2017,6,יוני,11,https://a99.mediacast.co.il/99fm/mediafiles/haboker_full_11_6_17.mp3,,יום ראשון | 11/06/2017
12/06/2017,2017-06-12,יום שני,2017,6,יוני,12,https://a99.mediacast.co.il/99fm/mediafiles/haboker_full_12_6_17.mp3,,יום שני | 12/06/2017
13/06/2017,2017-06-13,יום שלישי,2017,6,יוני,13,https://a99.mediacast.co.il/99fm/mediafiles/haboker_full_13_6_17.mp3,,יום שלישי | 13/06/2017
14/06/2017,2017-06-14,יום רביעי,2017,6,יוני,14,https://a99.mediacast.co.il/99fm/mediafiles/haboker_full_14_6_17.mp3,,יום רביעי | 14/06/2017
15/06/2017,2017-06-15,יום חמישי,2017,6,יוני,15,https://a99.mediacast.co.il/99fm/mediafiles/haboker_full_15_6_17.mp3,,יום חמישי | 15/06/2017
18/06/2017,2017-06-18,יום ראשון,2017,6,יוני,18,https://a99.mediacast.co.il/99fm/mediafiles/haboker_full_18_6_17.mp3,,יום ראשון | 18/06/2017
20/06/2017,2017-06-20,יום שלישי,2017,6,יוני,20,https://a99.mediacast.co.il/99fm/mediafiles/haboker_full_20_6_17.mp3,,יום שלישי | 20/06/2017
21/06/2017,2017-06-21,יום רביעי,2017,6,יוני,21,https://a99.mediacast.co.il/99fm/mediafiles/haboker_full_21_6_17.mp3,,יום רביעי | 21/06/2017
22/06/2017,2017-06-22,יום חמישי,2017,6,יוני,22,https://a99.mediacast.co.il/99fm/mediafiles/haboker_full_22_6_17.mp3,,יום חמישי | 22/06/2017
25/06/2017,2017-06-25,יום ראשון,2017,6,יוני,25,https://a99.mediacast.co.il/99fm/mediafiles/haboker_full_25_6_17.mp3,,יום ראשון | 25/06/2017
26/06/2017,2017-06-26,יום שני,2017,6,יוני,26,https://a99.mediacast.co.il/99fm/mediafiles/haboker_full_26_6_17.mp3,,יום שני | 26/06/2017
27/06/2017,2017-06-27,יום שלישי,2017,6,יוני,27,https://a99.mediacast.co.il/99fm/mediafiles/haboker_full_27_6_17.mp3,,יום שלישי | 27/06/2017
28/06/2017,2017-06-28,יום רביעי,2017,6,יוני,28,https://a99.mediacast.co.il/99fm/mediafiles/haboker_full_28_6_17.mp3,,יום רביעי | 28/06/2017
29/06/2017,2017-06-29,יום חמישי,2017,6,יוני,29,https://a99.mediacast.co.il/99fm/mediafiles/haboker_full_29_6_17.mp3,,יום חמישי | 29/06/2017
10/07/2017,2017-07-10,יום שני,2017,7,יולי,10,https://a99.mediacast.co.il/99fm/mediafiles/haboker_full_10_7_17.mp3,,יום שני | 10/07/2017
11/07/2017,2017-07-11,יום שלישי,2017,7,יולי,11,https://a99.mediacast.co.il/99fm/mediafiles/haboker_full_11_7_17.mp3,,יום שלישי | 11/07/2017
12/07/2017,2017-07-12,יום רביעי,2017,7,יולי,12,https://a99.mediacast.co.il/99fm/mediafiles/haboker_full_12_7_17.mp3,,יום רביעי | 12/07/2017
13/07/2017,2017-07-13,יום חמישי,2017,7,יולי,13,https://a99.mediacast.co.il/99fm/mediafiles/haboker_full_13_7_17.mp3,,יום חמישי | 13/07/2017
16/07/2017,2017-07-16,יום ראשון,2017,7,יולי,16,https://a99.mediacast.co.il/99fm/mediafiles/haboker_full_16_7_17.mp3,,יום ראשון | 16/07/2017
17/07/2017,2017-07-17,יום שני,2017,7,יולי,17,https://a99.mediacast.co.il/99fm/mediafiles/haboker_full_17_7_17.mp3,,יום שני | 17/07/2017
18/07/2017,2017-07-18,יום שלישי,2017,7,יולי,18,https://a99.mediacast.co.il/99fm/mediafiles/haboker_full_18_7_17.mp3,,יום שלישי | 18/07/2017
19/07/2017,2017-07-19,יום רביעי,2017,7,יולי,19,https://a99.mediacast.co.il/99fm/mediafiles/haboker_full_19_7_17.mp3,,יום רביעי | 19/07/2017
20/07/2017,2017-07-20,יום חמישי,2017,7,יולי,20,https://a99.mediacast.co.il/99fm/mediafiles/haboker_full_20_7_17.mp3,,יום חמישי | 20/07/2017
23/07/2017,2017-07-23,יום ראשון,2017,7,יולי,23,https://a99.mediacast.co.il/99fm/mediafiles/haboker_full_23_7_17.mp3,,יום ראשון | 23/07/2017
24/07/2017,2017-07-24,יום שני,2017,7,יולי,24,https://a99.mediacast.co.il/99fm/mediafiles/haboker_full_24_7_17.mp3,,יום שני | 24/07/2017
25/07/2017,2017-07-25,יום שלישי,2017,7,יולי,25,https://a99.mediacast.co.il/99fm/mediafiles/haboker_full_25_7_17.mp3,,יום שלישי | 25/07/2017
26/07/2017,2017-07-26,יום רביעי,2017,7,יולי,26,https://a99.mediacast.co.il/99fm/mediafiles/haboker_full_26_7_17.mp3,,יום רביעי | 26/07/2017
27/07/2017,2017-07-27,יום חמישי,2017,7,יולי,27,https://a99.mediacast.co.il/99fm/mediafiles/haboker_full_27_7_17.mp3,,יום חמישי | 27/07/2017
30/07/2017,2017-07-30,יום ראשון,2017,7,יולי,30,https://a99.mediacast.co.il/99fm/mediafiles/haboker_full_30_7_17.mp3,,יום ראשון | 30/07/2017
31/07/2017,2017-07-31,יום שני,2017,7,יולי,31,https://a99.mediacast.co.il/99fm/mediafiles/haboker_full_31_7_17.mp3,,יום שני | 31/07/2017
10/08/2017,2017-08-10,יום חמישי,2017,8,אוגוסט,10,https://a99.mediacast.co.il/99fm/mediafiles/haboker_full_10_8_17.mp3,,יום חמישי | 10/08/2017
13/08/2017,2017-08-13,יום ראשון,2017,8,אוגוסט,13,https://a99.mediacast.co.il/99fm/mediafiles/haboker_full_13_8_17.mp3,,יום ראשון | 13/08/2017
14/08/2017,2017-08-14,יום שני,2017,8,אוגוסט,14,https://a99.mediacast.co.il/99fm/mediafiles/haboker_full_14_8_17.mp3,,יום שני | 14/08/2017
15/08/2017,2017-08-15,יום שלישי,2017,8,אוגוסט,15,https://a99.mediacast.co.il/99fm/mediafiles/haboker_full_15_8_17.mp3,,יום שלישי | 15/08/2017
16/08/2017,2017-08-16,יום רביעי,2017,8,אוגוסט,16,https://a99.mediacast.co.il/99fm/mediafiles/haboker_full_16_8_17.mp3,,יום רביעי | 16/08/2017
17/08/2017,2017-08-17,יום חמישי,2017,8,אוגוסט,17,https://a99.mediacast.co.il/99fm/mediafiles/haboker_full_17_8_17.mp3,,יום חמישי | 17/08/2017
20/08/2017,2017-08-20,יום ראשון,2017,8,אוגוסט,20,https://a99.mediacast.co.il/99fm/mediafiles/haboker_full_20_8_17.mp3,,יום ראשון | 20/08/2017
21/08/2017,2017-08-21,יום שני,2017,8,אוגוסט,21,https://a99.mediacast.co.il/99fm/mediafiles/haboker_full_21_8_17.mp3,,יום שני | 21/08/2017
22/08/2017,2017-08-22,יום שלישי,2017,8,אוגוסט,22,https://a99.mediacast.co.il/99fm/mediafiles/haboker_full_22_8_17.mp3,,יום שלישי | 22/08/2017
23/08/2017,2017-08-23,יום רביעי,2017,8,אוגוסט,23,https://a99.mediacast.co.il/99fm/mediafiles/haboker_full_23_8_17.mp3,,יום רביעי | 23/08/2017
24/08/2017,2017-08-24,יום חמישי,2017,8,אוגוסט,24,https://a99.mediacast.co.il/99fm/mediafiles/haboker_full_24_8_17.mp3,,יום חמישי | 24/08/2017
27/08/2017,2017-08-27,יום ראשון,2017,8,אוגוסט,27,https://a99.mediacast.co.il/99fm/mediafiles/haboker_full_27_8_17.mp3,,יום ראשון | 27/08/2017
28/08/2017,2017-08-28,יום שני,2017,8,אוגוסט,28,https://a99.mediacast.co.il/99fm/mediafiles/haboker_full_28_8_17.mp3,,יום שני | 28/08/2017
29/08/2017,2017-08-29,יום שלישי,2017,8,אוגוסט,29,https://a99.mediacast.co.il/99fm/mediafiles/haboker_full_29_8_17.mp3,,יום שלישי | 29/08/2017
30/08/2017,2017-08-30,יום רביעי,2017,8,אוגוסט,30,https://a99.mediacast.co.il/99fm/mediafiles/haboker_full_30_8_17.mp3,,יום רביעי | 30/08/2017
31/08/2017,2017-08-31,יום חמישי,2017,8,אוגוסט,31,https://a99.mediacast.co.il/99fm/mediafiles/haboker_full_31_8_17.mp3,,יום חמישי | 31/08/2017
10/09/2017,2017-09-10,יום ראשון,2017,9,ספטמבר,10,https://a99.mediacast.co.il/99fm/mediafiles/haboker_full_10_9_17.mp3,,יום ראשון | 10/09/2017
11/09/2017,2017-09-11,יום שני,2017,9,ספטמבר,11,https://a99.mediacast.co.il/99fm/mediafiles/haboker_full_11_9_17.mp3,,יום שני | 11/09/2017
12/09/2017,2017-09-12,יום שלישי,2017,9,ספטמבר,12,https://a99.mediacast.co.il/99fm/mediafiles/haboker_full_12_9_17.mp3,,יום שלישי | 12/09/2017
13/09/2017,2017-09-13,יום רביעי,2017,9,ספטמבר,13,https://a99.mediacast.co.il/99fm/mediafiles/haboker_full_13_9_17.mp3,,יום רביעי | 13/09/2017
14/09/2017,2017-09-14,יום חמישי,2017,9,ספטמבר,14,https://a99.mediacast.co.il/99fm/mediafiles/haboker_full_14_9_17.mp3,,יום חמישי | 14/09/2017
17/09/2017,2017-09-17,יום ראשון,2017,9,ספטמבר,17,https://a99.mediacast.co.il/99fm/mediafiles/haboker_full_17_9_17.mp3,,יום ראשון | 17/09/2017
18/09/2017,2017-09-18,יום שני,2017,9,ספטמבר,18,https://a99.mediacast.co.il/99fm/mediafiles/haboker_full_18_9_17.mp3,,יום שני | 18/09/2017
19/09/2017,2017-09-19,יום שלישי,2017,9,ספטמבר,19,https://a99.mediacast.co.il/99fm/mediafiles/haboker_full_19_9_17.mp3,,יום שלישי | 19/09/2017
24/09/2017,2017-09-24,יום ראשון,2017,9,ספטמבר,24,https://a99.mediacast.co.il/99fm/mediafiles/haboker_full_24_9_17.mp3,,יום ראשון | 24/09/2017
25/09/2017,2017-09-25,יום שני,2017,9,ספטמבר,25,https://a99.mediacast.co.il/99fm/mediafiles/haboker_full_25_9_17.mp3,,יום שני | 25/09/2017
26/09/2017,2017-09-26,יום שלישי,2017,9,ספטמבר,26,https://a99.mediacast.co.il/99fm/mediafiles/haboker_full_26_9_17.mp3,,יום שלישי | 26/09/2017
27/09/2017,2017-09-27,יום רביעי,2017,9,ספטמבר,27,https://a99.mediacast.co.il/99fm/mediafiles/haboker_full_27_9_17.mp3,,יום רביעי | 27/09/2017
28/09/2017,2017-09-28,יום חמישי,2017,9,ספטמבר,28,https://a99.mediacast.co.il/99fm/mediafiles/haboker_full_28_9_17.mp3,,יום חמישי | 28/09/2017
15/10/2017,2017-10-15,יום ראשון,2017,10,אוקטובר,15,https://a99.mediacast.co.il/99fm/mediafiles/haboker_full_15_10_17.mp3,,יום ראשון | 15/10/2017
16/10/2017,2017-10-16,יום שני,2017,10,אוקטובר,16,https://a99.mediacast.co.il/99fm/mediafiles/haboker_full_16_10_17.mp3,,יום שני | 16/10/2017
17/10/2017,2017-10-17,יום שלישי,2017,10,אוקטובר,17,https://a99.mediacast.co.il/99fm/mediafiles/haboker_full_17_10_17.mp3,,יום שלישי | 17/10/2017
18/10/2017,2017-10-18,יום רביעי,2017,10,אוקטובר,18,https://a99.mediacast.co.il/99fm/mediafiles/haboker_full_18_10_17.mp3,,יום רביעי | 18/10/2017
19/10/2017,2017-10-19,יום חמישי,2017,10,אוקטובר,19,https://a99.mediacast.co.il/99fm/mediafiles/haboker_full_19_10_17.mp3,,יום חמישי | 19/10/2017
22/10/2017,2017-10-22,יום ראשון,2017,10,אוקטובר,22,https://a99.mediacast.co.il/99fm/mediafiles/haboker_full_22_10_17.mp3,,יום ראשון | 22/10/2017
23/10/2017,2017-10-23,יום שני,2017,10,אוקטובר,23,https://a99.mediacast.co.il/99fm/mediafiles/haboker_full_23_10_17.mp3,,יום שני | 23/10/2017
24/10/2017,2017-10-24,יום שלישי,2017,10,אוקטובר,24,https://a99.mediacast.co.il/99fm/mediafiles/haboker_full_24_10_17.mp3,,יום שלישי | 24/10/2017
25/10/2017,2017-10-25,יום רביעי,2017,10,אוקטובר,25,https://a99.mediacast.co.il/99fm/mediafiles/haboker_full_25_10_17.mp3,,יום רביעי | 25/10/2017
29/10/2017,2017-10-29,יום ראשון,2017,10,אוקטובר,29,https://a99.mediacast.co.il/99fm/mediafiles/haboker_full_29_10_17.mp3,,יום ראשון | 29/10/2017
30/10/2017,2017-10-30,יום שני,2017,10,אוקטובר,30,https://a99.mediacast.co.il/99fm/mediafiles/haboker_full_30_10_17.mp3,,יום שני | 30/10/2017
31/10/2017,2017-10-31,יום שלישי,2017,10,אוקטובר,31,https://a99.mediacast.co.il/99fm/mediafiles/haboker_full_31_10_17.mp3,,יום שלישי | 31/10/2017
12/11/2017,2017-11-12,יום ראשון,2017,11,נובמבר,12,https://a99.mediacast.co.il/99fm/mediafiles/haboker_full_12_11_17.mp3,,יום ראשון | 12/11/2017
13/11/2017,2017-11-13,יום שני,2017,11,נובמבר,13,https://a99.mediacast.co.il/99fm/mediafiles/haboker_full_13_11_17.mp3,,יום שני | 13/11/2017
14/11/2017,2017-11-14,יום שלישי,2017,11,נובמבר,14,https://a99.mediacast.co.il/99fm/mediafiles/haboker_full_14_11_17.mp3,,יום שלישי | 14/11/2017
15/11/2017,2017-11-15,יום רביעי,2017,11,נובמבר,15,https://a99.mediacast.co.il/99fm/mediafiles/haboker_full_15_11_17.mp3,,יום רביעי | 15/11/2017
16/11/2017,2017-11-16,יום חמישי,2017,11,נובמבר,16,https://a99.mediacast.co.il/99fm/mediafiles/haboker_full_16_11_17.mp3,,יום חמישי | 16/11/2017
19/11/2017,2017-11-19,יום ראשון,2017,11,נובמבר,19,https://a99.mediacast.co.il/99fm/mediafiles/haboker_full_19_11_17.mp3,,יום ראשון | 19/11/2017
20/11/2017,2017-11-20,יום שני,2017,11,נובמבר,20,https://a99.mediacast.co.il/99fm/mediafiles/haboker_full_20_11_17.mp3,,יום שני | 20/11/2017
22/11/2017,2017-11-22,יום רביעי,2017,11,נובמבר,22,https://a99.mediacast.co.il/99fm/mediafiles/haboker_full_22_11_17.mp3,,יום רביעי | 22/11/2017
26/11/2017,2017-11-26,יום ראשון,2017,11,נובמבר,26,https://a99.mediacast.co.il/99fm/mediafiles/haboker_full_26_11_17.mp3,,יום ראשון | 26/11/2017
27/11/2017,2017-11-27,יום שני,2017,11,נובמבר,27,https://a99.mediacast.co.il/99fm/mediafiles/haboker_full_27_11_17.mp3,,יום שני | 27/11/2017
28/11/2017,2017-11-28,יום שלישי,2017,11,נובמבר,28,https://a99.mediacast.co.il/99fm/mediafiles/haboker_full_28_11_17.mp3,,יום שלישי | 28/11/2017
29/11/2017,2017-11-29,יום רביעי,2017,11,נובמבר,29,https://a99.mediacast.co.il/99fm/mediafiles/haboker_full_29_11_17.mp3,,יום רביעי | 29/11/2017
30/11/2017,2017-11-30,יום חמישי,2017,11,נובמבר,30,https://a99.mediacast.co.il/99fm/mediafiles/haboker_full_30_11_17.mp3,,יום חמישי | 30/11/2017
10/12/2017,2017-12-10,יום ראשון,2017,12,דצמבר,10,https://a99.mediacast.co.il/99fm/mediafiles/haboker_full_10_12_17.mp3,,יום ראשון | 10/12/2017
11/12/2017,2017-12-11,יום שני,2017,12,דצמבר,11,https://a99.mediacast.co.il/99fm/mediafiles/haboker_full_11_12_17.mp3,,יום שני | 11/12/2017
12/12/2017,2017-12-12,יום שלישי,2017,12,דצמבר,12,https://a99.mediacast.co.il/99fm/mediafiles/haboker_full_12_12_17.mp3,,יום שלישי | 12/12/2017
13/12/2017,2017-12-13,יום רביעי,2017,12,דצמבר,13,https://a99.mediacast.co.il/99fm/mediafiles/haboker_full_13_12_17.mp3,,יום רביעי | 13/12/2017
14/12/2017,2017-12-14,יום חמישי,2017,12,דצמבר,14,https://a99.mediacast.co.il/99fm/mediafiles/haboker_full_14_12_17.mp3,,יום חמישי | 14/12/2017
17/12/2017,2017-12-17,יום ראשון,2017,12,דצמבר,17,https://a99.mediacast.co.il/99fm/mediafiles/haboker_full_17_12_17.mp3,,יום ראשון | 17/12/2017
18/12/2017,2017-12-18,יום שני,2017,12,דצמבר,18,https://a99.mediacast.co.il/99fm/mediafiles/haboker_full_18_12_17.mp3,,יום שני | 18/12/2017
19/12/2017,2017-12-19,יום שלישי,2017,12,דצמבר,19,https://a99.mediacast.co.il/99fm/mediafiles/haboker_full_19_12_17.mp3,,יום שלישי | 19/12/2017
20/12/2017,2017-12-20,יום רביעי,2017,12,דצמבר,20,https://a99.mediacast.co.il/99fm/mediafiles/haboker_full_20_12_17.mp3,,יום רביעי | 20/12/2017
21/12/2017,2017-12-21,יום חמישי,2017,12,דצמבר,21,https://a99.mediacast.co.il/99fm/mediafiles/haboker_full_21_12_17.mp3,,יום חמישי | 21/12/2017
24/12/2017,2017-12-24,יום ראשון,2017,12,דצמבר,24,https://a99.mediacast.co.il/99fm/mediafiles/haboker_full_24_12_17.mp3,,יום ראשון | 24/12/2017
25/12/2017,2017-12-25,יום שני,2017,12,דצמבר,25,https://a99.mediacast.co.il/99fm/mediafiles/haboker_full_25_12_17.mp3,,יום שני | 25/12/2017
26/12/2017,2017-12-26,יום שלישי,2017,12,דצמבר,26,https://a99.mediacast.co.il/99fm/mediafiles/haboker_full_26_12_17.mp3,,יום שלישי | 26/12/2017
27/12/2017,2017-12-27,יום רביעי,2017,12,דצמבר,27,https://a99.mediacast.co.il/99fm/mediafiles/haboker_full_27_12_17.mp3,,יום רביעי | 27/12/2017
28/12/2017,2017-12-28,יום חמישי,2017,12,דצמבר,28,https://a99.mediacast.co.il/99fm/mediafiles/haboker_full_28_12_17.mp3,,יום חמישי | 28/12/2017
31/12/2017,2017-12-31,יום ראשון,2017,12,דצמבר,31,https://a99.mediacast.co.il/99fm/mediafiles/haboker_full_31_12_17.mp3,,יום ראשון | 31/12/2017
10/01/2018,2018-01-10,יום רביעי,2018,1,ינואר,10,https://a99.mediacast.co.il/99fm/mediafiles/haboker_full_10_1_18.mp3,,יום רביעי | 10/01/2018
11/01/2018,2018-01-11,יום חמישי,2018,1,ינואר,11,https://a99.mediacast.co.il/99fm/mediafiles/haboker_full_11_1_18.mp3,,יום חמישי | 11/01/2018
14/01/2018,2018-01-14,יום ראשון,2018,1,ינואר,14,https://a99.mediacast.co.il/99fm/mediafiles/haboker_full_14_1_18.mp3,,יום ראשון | 14/01/2018
15/01/2018,2018-01-15,יום שני,2018,1,ינואר,15,https://a99.mediacast.co.il/99fm/mediafiles/haboker_full_15_1_18.mp3,,יום שני | 15/01/2018
16/01/2018,2018-01-16,יום שלישי,2018,1,ינואר,16,https://a99.mediacast.co.il/99fm/mediafiles/haboker_full_16_1_18.mp3,,יום שלישי | 16/01/2018
17/01/2018,2018-01-17,יום רביעי,2018,1,ינואר,17,https://a99.mediacast.co.il/99fm/mediafiles/haboker_full_17_1_18.mp3,,יום רביעי | 17/01/2018
18/01/2018,2018-01-18,יום חמישי,2018,1,ינואר,18,https://a99.mediacast.co.il/99fm/mediafiles/haboker_full_18_1_18.mp3,,יום חמישי | 18/01/2018
21/01/2018,2018-01-21,יום ראשון,2018,1,ינואר,21,https://a99.mediacast.co.il/99fm/mediafiles/haboker_full_21_1_18.mp3,,יום ראשון | 21/01/2018
22/01/2018,2018-01-22,יום שני,2018,1,ינואר,22,https://a99.mediacast.co.il/99fm/mediafiles/haboker_full_22_1_18.mp3,,יום שני | 22/01/2018
23/01/2018,2018-01-23,יום שלישי,2018,1,ינואר,23,https://a99.mediacast.co.il/99fm/mediafiles/haboker_full_23_1_18.mp3,,יום שלישי | 23/01/2018
24/01/2018,2018-01-24,יום רביעי,2018,1,ינואר,24,https://a99.mediacast.co.il/99fm/mediafiles/haboker_full_24_1_18.mp3,,יום רביעי | 24/01/2018
25/01/2018,2018-01-25,יום חמישי,2018,1,ינואר,25,https://a99.mediacast.co.il/99fm/mediafiles/haboker_full_25_1_18.mp3,,יום חמישי | 25/01/2018
28/01/2018,2018-01-28,יום ראשון,2018,1,ינואר,28,https://a99.mediacast.co.il/99fm/mediafiles/haboker_full_28_1_18.mp3,,יום ראשון | 28/01/2018
29/01/2018,2018-01-29,יום שני,2018,1,ינואר,29,https://a99.mediacast.co.il/99fm/mediafiles/haboker_full_29_1_18.mp3,,יום שני | 29/01/2018
30/01/2018,2018-01-30,יום שלישי,2018,1,ינואר,30,https://a99.mediacast.co.il/99fm/mediafiles/haboker_full_30_1_18.mp3,,יום שלישי | 30/01/2018
31/01/2018,2018-01-31,יום רביעי,2018,1,ינואר,31,https://a99.mediacast.co.il/99fm/mediafiles/haboker_full_31_1_18.mp3,,יום רביעי | 31/01/2018
11/02/2018,2018-02-11,יום ראשון,2018,2,פברואר,11,https://a99.mediacast.co.il/99fm/mediafiles/haboker_full_11_2_18.mp3,,יום ראשון | 11/02/2018
12/02/2018,2018-02-12,יום שני,2018,2,פברואר,12,https://a99.mediacast.co.il/99fm/mediafiles/haboker_full_12_2_18.mp3,,יום שני | 12/02/2018
13/02/2018,2018-02-13,יום שלישי,2018,2,פברואר,13,https://a99.mediacast.co.il/99fm/mediafiles/haboker_full_13_2_18.mp3,,יום שלישי | 13/02/2018
14/02/2018,2018-02-14,יום רביעי,2018,2,פברואר,14,https://a99.mediacast.co.il/99fm/mediafiles/haboker_full_14_2_18.mp3,,יום רביעי | 14/02/2018
15/02/2018,2018-02-15,יום חמישי,2018,2,פברואר,15,https://a99.mediacast.co.il/99fm/mediafiles/haboker_full_15_2_18.mp3,,יום חמישי | 15/02/2018
18/02/2018,2018-02-18,יום ראשון,2018,2,פברואר,18,https://a99.mediacast.co.il/99fm/mediafiles/haboker_full_18_2_18.mp3,,יום ראשון | 18/02/2018
19/02/2018,2018-02-19,יום שני,2018,2,פברואר,19,https://a99.mediacast.co.il/99fm/mediafiles/haboker_full_19_2_18.mp3,,יום שני | 19/02/2018
21/02/2018,2018-02-21,יום רביעי,2018,2,פברואר,21,https://a99.mediacast.co.il/99fm/mediafiles/haboker_full_21_2_18.mp3,,יום רביעי | 21/02/2018
22/02/2018,2018-02-22,יום חמישי,2018,2,פברואר,22,https://a99.mediacast.co.il/99fm/mediafiles/haboker_full_22_2_18.mp3,,יום חמישי | 22/02/2018
25/02/2018,2018-02-25,יום ראשון,2018,2,פברואר,25,https://a99.mediacast.co.il/99fm/mediafiles/haboker_full_25_2_18.mp3,,יום ראשון | 25/02/2018
26/02/2018,2018-02-26,יום שני,2018,2,פברואר,26,https://a99.mediacast.co.il/99fm/mediafiles/haboker_full_26_2_18.mp3,,יום שני | 26/02/2018
27/02/2018,2018-02-27,יום שלישי,2018,2,פברואר,27,https://a99.mediacast.co.il/99fm/mediafiles/haboker_full_27_2_18.mp3,,יום שלישי | 27/02/2018
28/02/2018,2018-02-28,יום רביעי,2018,2,פברואר,28,https://a99.mediacast.co.il/99fm/mediafiles/haboker_full_28_2_18.mp3,,יום רביעי | 28/02/2018
11/03/2018,2018-03-11,יום ראשון,2018,3,מרץ,11,https://a99.mediacast.co.il/99fm/mediafiles/haboker_full_11_3_18.mp3,,יום ראשון | 11/03/2018
12/03/2018,2018-03-12,יום שני,2018,3,מרץ,12,https://a99.mediacast.co.il/99fm/mediafiles/haboker_full_12_3_18.mp3,,יום שני | 12/03/2018
13/03/2018,2018-03-13,יום שלישי,2018,3,מרץ,13,https://a99.mediacast.co.il/99fm/mediafiles/haboker_full_13_3_18.mp3,,יום שלישי | 13/03/2018
14/03/2018,2018-03-14,יום רביעי,2018,3,מרץ,14,https://a99.mediacast.co.il/99fm/mediafiles/haboker_full_14_3_18.mp3,,יום רביעי | 14/03/2018
15/03/2018,2018-03-15,יום חמישי,2018,3,מרץ,15,https://a99.mediacast.co.il/99fm/mediafiles/haboker_full_15_3_18.mp3,,יום חמישי | 15/03/2018
18/03/2018,2018-03-18,יום ראשון,2018,3,מרץ,18,https://a99.mediacast.co.il/99fm/mediafiles/haboker_full_18_3_18.mp3,,יום ראשון | 18/03/2018
19/03/2018,2018-03-19,יום שני,2018,3,מרץ,19,https://a99.mediacast.co.il/99fm/mediafiles/haboker_full_19_3_18.mp3,,יום שני | 19/03/2018
20/03/2018,2018-03-20,יום שלישי,2018,3,מרץ,20,https://a99.mediacast.co.il/99fm/mediafiles/haboker_full_20_3_18.mp3,,יום שלישי | 20/03/2018
21/03/2018,2018-03-21,יום רביעי,2018,3,מרץ,21,https://a99.mediacast.co.il/99fm/mediafiles/haboker_full_21_3_18.mp3,,יום רביעי | 21/03/2018
22/03/2018,2018-03-22,יום חמישי,2018,3,מרץ,22,https://a99.mediacast.co.il/99fm/mediafiles/haboker_full_22_3_18.mp3,,יום חמישי | 22/03/2018
25/03/2018,2018-03-25,יום ראשון,2018,3,מרץ,25,https://a99.mediacast.co.il/99fm/mediafiles/haboker_full_25_3_18.mp3,,יום ראשון | 25/03/2018
26/03/2018,2018-03-26,יום שני,2018,3,מרץ,26,https://a99.mediacast.co.il/99fm/mediafiles/haboker_full_26_3_18.mp3,,יום שני | 26/03/2018
27/03/2018,2018-03-27,יום שלישי,2018,3,מרץ,27,https://a99.mediacast.co.il/99fm/mediafiles/haboker_full_27_3_18.mp3,,יום שלישי | 27/03/2018
28/03/2018,2018-03-28,יום רביעי,2018,3,מרץ,28,https://a99.mediacast.co.il/99fm/mediafiles/haboker_full_28_3_18.mp3,,יום רביעי | 28/03/2018
29/03/2018,2018-03-29,יום חמישי,2018,3,מרץ,29,https://a99.mediacast.co.il/99fm/mediafiles/haboker_full_29_3_18.mp3,,יום חמישי | 29/03/2018
10/04/2018,2018-04-10,יום שלישי,2018,4,אפריל,10,https://a99.mediacast.co.il/99fm/mediafiles/haboker_full_10_4_18.mp3,,יום שלישי | 10/04/2018
11/04/2018,2018-04-11,יום רביעי,2018,4,אפריל,11,https://a99.mediacast.co.il/99fm/mediafiles/haboker_full_11_4_18.mp3,,יום רביעי | 11/04/2018
15/04/2018,2018-04-15,יום ראשון,2018,4,אפריל,15,https://a99.mediacast.co.il/99fm/mediafiles/haboker_full_15_4_18.mp3,,יום ראשון | 15/04/2018
16/04/2018,2018-04-16,יום שני,2018,4,אפריל,16,https://a99.mediacast.co.il/99fm/mediafiles/haboker_full_16_4_18.mp3,,יום שני | 16/04/2018
17/04/2018,2018-04-17,יום שלישי,2018,4,אפריל,17,https://a99.mediacast.co.il/99fm/mediafiles/haboker_full_17_4_18.mp3,,יום שלישי | 17/04/2018
22/04/2018,2018-04-22,יום ראשון,2018,4,אפריל,22,https://a99.mediacast.co.il/99fm/mediafiles/haboker_full_22_4_18.mp3,,יום ראשון | 22/04/2018
23/04/2018,2018-04-23,יום שני,2018,4,אפריל,23,https://a99.mediacast.co.il/99fm/mediafiles/haboker_full_23_4_18.mp3,,יום שני | 23/04/2018
24/04/2018,2018-04-24,יום שלישי,2018,4,אפריל,24,https://a99.mediacast.co.il/99fm/mediafiles/haboker_full_24_4_18.mp3,,יום שלישי | 24/04/2018
25/04/2018,2018-04-25,יום רביעי,2018,4,אפריל,25,https://a99.mediacast.co.il/99fm/mediafiles/haboker_full_25_4_18.mp3,,יום רביעי | 25/04/2018
26/04/2018,2018-04-26,יום חמישי,2018,4,אפריל,26,https://a99.mediacast.co.il/99fm/mediafiles/haboker_full_26_4_18.mp3,,יום חמישי | 26/04/2018
29/04/2018,2018-04-29,יום ראשון,2018,4,אפריל,29,https://a99.mediacast.co.il/99fm/mediafiles/haboker_full_29_4_18.mp3,,יום ראשון | 29/04/2018
30/04/2018,2018-04-30,יום שני,2018,4,אפריל,30,https://a99.mediacast.co.il/99fm/mediafiles/haboker_full_30_4_18.mp3,,יום שני | 30/04/2018
10/05/2018,2018-05-10,יום חמישי,2018,5,מאי,10,https://a99.mediacast.co.il/99fm/mediafiles/haboker_full_10_5_18.mp3,,יום חמישי | 10/05/2018
13/05/2018,2018-05-13,יום ראשון,2018,5,מאי,13,https://a99.mediacast.co.il/99fm/mediafiles/haboker_full_13_5_18.mp3,,יום ראשון | 13/05/2018
14/05/2018,2018-05-14,יום שני,2018,5,מאי,14,https://a99.mediacast.co.il/99fm/mediafiles/haboker_full_14_5_18.mp3,,יום שני | 14/05/2018
15/05/2018,2018-05-15,יום שלישי,2018,5,מאי,15,https://a99.mediacast.co.il/99fm/mediafiles/haboker_full_15_5_18.mp3,,יום שלישי | 15/05/2018
16/05/2018,2018-05-16,יום רביעי,2018,5,מאי,16,https://a99.mediacast.co.il/99fm/mediafiles/haboker_full_16_5_18.mp3,,יום רביעי | 16/05/2018
17/05/2018,2018-05-17,יום חמישי,2018,5,מאי,17,https://a99.mediacast.co.il/99fm/mediafiles/haboker_full_17_5_18.mp3,,יום חמישי | 17/05/2018
21/05/2018,2018-05-21,יום שני,2018,5,מאי,21,https://a99.mediacast.co.il/99fm/mediafiles/haboker_full_21_5_18.mp3,,יום שני | 21/05/2018
22/05/2018,2018-05-22,יום שלישי,2018,5,מאי,22,https://a99.mediacast.co.il/99fm/mediafiles/haboker_full_22_5_18.mp3,,יום שלישי | 22/05/2018
23/05/2018,2018-05-23,יום רביעי,2018,5,מאי,23,https://a99.mediacast.co.il/99fm/mediafiles/haboker_full_23_5_18.mp3,,יום רביעי | 23/05/2018
24/05/2018,2018-05-24,יום חמישי,2018,5,מאי,24,https://a99.mediacast.co.il/99fm/mediafiles/haboker_full_24_5_18.mp3,,יום חמישי | 24/05/2018
27/05/2018,2018-05-27,יום ראשון,2018,5,מאי,27,https://a99.mediacast.co.il/99fm/mediafiles/haboker_full_27_5_18.mp3,,יום ראשון | 27/05/2018
28/05/2018,2018-05-28,יום שני,2018,5,מאי,28,https://a99.mediacast.co.il/99fm/mediafiles/haboker_full_28_5_18.mp3,,יום שני | 28/05/2018
29/05/2018,2018-05-29,יום שלישי,2018,5,מאי,29,https://a99.mediacast.co.il/99fm/mediafiles/haboker_full_29_5_18.mp3,,יום שלישי | 29/05/2018
30/05/2018,2018-05-30,יום רביעי,2018,5,מאי,30,https://a99.mediacast.co.il/99fm/mediafiles/haboker_full_30_5_18.mp3,,יום רביעי | 30/05/2018
31/05/2018,2018-05-31,יום חמישי,2018,5,מאי,31,https://a99.mediacast.co.il/99fm/mediafiles/haboker_full_31_5_18.mp3,,יום חמישי | 31/05/2018
10/06/2018,2018-06-10,יום ראשון,2018,6,יוני,10,https://a99.mediacast.co.il/99fm/mediafiles/haboker_full_10_6_18.mp3,,יום ראשון | 10/06/2018
11/06/2018,2018-06-11,יום שני,2018,6,יוני,11,https://a99.mediacast.co.il/99fm/mediafiles/haboker_full_11_6_18.mp3,,יום שני | 11/06/2018
12/06/2018,2018-06-12,יום שלישי,2018,6,יוני,12,https://a99.mediacast.co.il/99fm/mediafiles/haboker_full_12_6_18.mp3,,יום שלישי | 12/06/2018
13/06/2018,2018-06-13,יום רביעי,2018,6,יוני,13,https://a99.mediacast.co.il/99fm/mediafiles/haboker_full_13_6_18.mp3,,יום רביעי | 13/06/2018
14/06/2018,2018-06-14,יום חמישי,2018,6,יוני,14,https://a99.mediacast.co.il/99fm/mediafiles/haboker_full_14_6_18.mp3,,יום חמישי | 14/06/2018
17/06/2018,2018-06-17,יום ראשון,2018,6,יוני,17,https://a99.mediacast.co.il/99fm/mediafiles/haboker_full_17_6_18.mp3,,יום ראשון | 17/06/2018
18/06/2018,2018-06-18,יום שני,2018,6,יוני,18,https://a99.mediacast.co.il/99fm/mediafiles/haboker_full_18_6_18.mp3,,יום שני | 18/06/2018
19/06/2018,2018-06-19,יום שלישי,2018,6,יוני,19,https://a99.mediacast.co.il/99fm/mediafiles/haboker_full_19_6_18.mp3,,יום שלישי | 19/06/2018
20/06/2018,2018-06-20,יום רביעי,2018,6,יוני,20,https://a99.mediacast.co.il/99fm/mediafiles/haboker_full_20_6_18.mp3,,יום רביעי | 20/06/2018
21/06/2018,2018-06-21,יום חמישי,2018,6,יוני,21,https://a99.mediacast.co.il/99fm/mediafiles/haboker_full_21_6_18.mp3,,יום חמישי | 21/06/2018
24/06/2018,2018-06-24,יום ראשון,2018,6,יוני,24,https://a99.mediacast.co.il/99fm/mediafiles/haboker_full_24_6_18.mp3,,יום ראשון | 24/06/2018
25/06/2018,2018-06-25,יום שני,2018,6,יוני,25,https://a99.mediacast.co.il/99fm/mediafiles/haboker_full_25_6_18.mp3,,יום שני | 25/06/2018
26/06/2018,2018-06-26,יום שלישי,2018,6,יוני,26,https://a99.mediacast.co.il/99fm/mediafiles/haboker_full_26_6_18.mp3,,יום שלישי | 26/06/2018
27/06/2018,2018-06-27,יום רביעי,2018,6,יוני,27,https://a99.mediacast.co.il/99fm/mediafiles/haboker_full_27_6_18.mp3,,יום רביעי | 27/06/2018
28/06/2018,2018-06-28,יום חמישי,2018,6,יוני,28,https://a99.mediacast.co.il/99fm/mediafiles/haboker_full_28_6_18.mp3,,יום חמישי | 28/06/2018
10/07/2018,2018-07-10,יום שלישי,2018,7,יולי,10,https://a99.mediacast.co.il/99fm/mediafiles/haboker_full_10_7_18.mp3,,יום שלישי | 10/07/2018
11/07/2018,2018-07-11,יום רביעי,2018,7,יולי,11,https://a99.mediacast.co.il/99fm/mediafiles/haboker_full_11_7_18.mp3,,יום רביעי | 11/07/2018
12/07/2018,2018-07-12,יום חמישי,2018,7,יולי,12,https://a99.mediacast.co.il/99fm/mediafiles/haboker_full_12_7_18.mp3,,יום חמישי | 12/07/2018
15/07/2018,2018-07-15,יום ראשון,2018,7,יולי,15,https://a99.mediacast.co.il/99fm/mediafiles/haboker_full_15_7_18.mp3,,יום ראשון | 15/07/2018
16/07/2018,2018-07-16,יום שני,2018,7,יולי,16,https://a99.mediacast.co.il/99fm/mediafiles/haboker_full_16_7_18.mp3,,יום שני | 16/07/2018
17/07/2018,2018-07-17,יום שלישי,2018,7,יולי,17,https://a99.mediacast.co.il/99fm/mediafiles/haboker_full_17_7_18.mp3,,יום שלישי | 17/07/2018
18/07/2018,2018-07-18,יום רביעי,2018,7,יולי,18,https://a99.mediacast.co.il/99fm/mediafiles/haboker_full_18_7_18.mp3,,יום רביעי | 18/07/2018
19/07/2018,2018-07-19,יום חמישי,2018,7,יולי,19,https://a99.mediacast.co.il/99fm/mediafiles/haboker_full_19_7_18.mp3,,יום חמישי | 19/07/2018
23/07/2018,2018-07-23,יום שני,2018,7,יולי,23,https://a99.mediacast.co.il/99fm/mediafiles/haboker_full_23_7_18.mp3,,יום שני | 23/07/2018
24/07/2018,2018-07-24,יום שלישי,2018,7,יולי,24,https://a99.mediacast.co.il/99fm/mediafiles/haboker_full_24_7_18.mp3,,יום שלישי | 24/07/2018
30/07/2018,2018-07-30,יום שני,2018,7,יולי,30,https://a99.mediacast.co.il/99fm/mediafiles/haboker_full_30_7_18.mp3,,יום שני | 30/07/2018
31/07/2018,2018-07-31,יום שלישי,2018,7,יולי,31,https://a99.mediacast.co.il/99fm/mediafiles/haboker_full_31_7_18.mp3,,יום שלישי | 31/07/2018
12/08/2018,2018-08-12,יום ראשון,2018,8,אוגוסט,12,https://a99.mediacast.co.il/99fm/mediafiles/haboker_full_12_8_18.mp3,,יום ראשון | 12/08/2018
13/08/2018,2018-08-13,יום שני,2018,8,אוגוסט,13,https://a99.mediacast.co.il/99fm/mediafiles/haboker_full_13_8_18.mp3,,יום שני | 13/08/2018
14/08/2018,2018-08-14,יום שלישי,2018,8,אוגוסט,14,https://a99.mediacast.co.il/99fm/mediafiles/haboker_full_14_8_18.mp3,,יום שלישי | 14/08/2018
15/08/2018,2018-08-15,יום רביעי,2018,8,אוגוסט,15,https://a99.mediacast.co.il/99fm/mediafiles/haboker_full_15_8_18.mp3,,יום רביעי | 15/08/2018
16/08/2018,2018-08-16,יום חמישי,2018,8,אוגוסט,16,https://a99.mediacast.co.il/99fm/mediafiles/haboker_full_16_8_18.mp3,,יום חמישי | 16/08/2018
19/08/2018,2018-08-19,יום ראשון,2018,8,אוגוסט,19,https://a99.mediacast.co.il/99fm/mediafiles/haboker_full_19_8_18.mp3,,יום ראשון | 19/08/2018
20/08/2018,2018-08-20,יום שני,2018,8,אוגוסט,20,https://a99.mediacast.co.il/99fm/mediafiles/haboker_full_20_8_18.mp3,,יום שני | 20/08/2018
21/08/2018,2018-08-21,יום שלישי,2018,8,אוגוסט,21,https://a99.mediacast.co.il/99fm/mediafiles/haboker_full_21_8_18.mp3,,יום שלישי | 21/08/2018
22/08/2018,2018-08-22,יום רביעי,2018,8,אוגוסט,22,https://a99.mediacast.co.il/99fm/mediafiles/haboker_full_22_8_18.mp3,,יום רביעי | 22/08/2018
23/08/2018,2018-08-23,יום חמישי,2018,8,אוגוסט,23,https://a99.mediacast.co.il/99fm/mediafiles/haboker_full_23_8_18.mp3,,יום חמישי | 23/08/2018
26/08/2018,2018-08-26,יום ראשון,2018,8,אוגוסט,26,https://a99.mediacast.co.il/99fm/mediafiles/haboker_full_26_8_18.mp3,,יום ראשון | 26/08/2018
27/08/2018,2018-08-27,יום שני,2018,8,אוגוסט,27,https://a99.mediacast.co.il/99fm/mediafiles/haboker_full_27_8_18.mp3,,יום שני | 27/08/2018
28/08/2018,2018-08-28,יום שלישי,2018,8,אוגוסט,28,https://a99.mediacast.co.il/99fm/mediafiles/haboker_full_28_8_18.mp3,,יום שלישי | 28/08/2018
29/08/2018,2018-08-29,יום רביעי,2018,8,אוגוסט,29,https://a99.mediacast.co.il/99fm/mediafiles/haboker_full_29_8_18.mp3,,יום רביעי | 29/08/2018
10/10/2018,2018-10-10,יום רביעי,2018,10,אוקטובר,10,https://a99.mediacast.co.il/99fm/mediafiles/haboker_full_10_10_18.mp3,,יום רביעי | 10/10/2018
11/10/2018,2018-10-11,יום חמישי,2018,10,אוקטובר,11,https://a99.mediacast.co.il/99fm/mediafiles/haboker_full_11_10_18.mp3,,יום חמישי | 11/10/2018
14/10/2018,2018-10-14,יום ראשון,2018,10,אוקטובר,14,https://a99.mediacast.co.il/99fm/mediafiles/haboker_full_14_10_18.mp3,,יום ראשון | 14/10/2018
15/10/2018,2018-10-15,יום שני,2018,10,אוקטובר,15,https://a99.mediacast.co.il/99fm/mediafiles/haboker_full_15_10_18.mp3,,יום שני | 15/10/2018
16/10/2018,2018-10-16,יום שלישי,2018,10,אוקטובר,16,https://a99.mediacast.co.il/99fm/mediafiles/haboker_full_16_10_18.mp3,,יום שלישי | 16/10/2018
17/10/2018,2018-10-17,יום רביעי,2018,10,אוקטובר,17,https://a99.mediacast.co.il/99fm/mediafiles/haboker_full_17_10_18.mp3,,יום רביעי | 17/10/2018
18/10/2018,2018-10-18,יום חמישי,2018,10,אוקטובר,18,https://a99.mediacast.co.il/99fm/mediafiles/haboker_full_18_10_18.mp3,,יום חמישי | 18/10/2018
21/10/2018,2018-10-21,יום ראשון,2018,10,אוקטובר,21,https://a99.mediacast.co.il/99fm/mediafiles/haboker_full_21_10_18.mp3,,יום ראשון | 21/10/2018
22/10/2018,2018-10-22,יום שני,2018,10,אוקטובר,22,https://a99.mediacast.co.il/99fm/mediafiles/haboker_full_22_10_18.mp3,,יום שני | 22/10/2018
23/10/2018,2018-10-23,יום שלישי,2018,10,אוקטובר,23,https://a99.mediacast.co.il/99fm/mediafiles/haboker_full_23_10_18.mp3,,יום שלישי | 23/10/2018
24/10/2018,2018-10-24,יום רביעי,2018,10,אוקטובר,24,https://a99.mediacast.co.il/99fm/mediafiles/haboker_full_24_10_18.mp3,,יום רביעי | 24/10/2018
30/10/2018,2018-10-30,יום שלישי,2018,10,אוקטובר,30,https://a99.mediacast.co.il/99fm/mediafiles/haboker_full_30_10_18.mp3,,יום שלישי | 30/10/2018
31/10/2018,2018-10-31,יום רביעי,2018,10,אוקטובר,31,https://a99.mediacast.co.il/99fm/mediafiles/haboker_full_31_10_18.mp3,,יום רביעי | 31/10/2018
11/11/2018,2018-11-11,יום ראשון,2018,11,נובמבר,11,https://a99.mediacast.co.il/99fm/mediafiles/haboker_full_11_11_18.mp3,,יום ראשון | 11/11/2018
12/11/2018,2018-11-12,יום שני,2018,11,נובמבר,12,https://a99.mediacast.co.il/99fm/mediafiles/haboker_full_12_11_18.mp3,,יום שני | 12/11/2018
13/11/2018,2018-11-13,יום שלישי,2018,11,נובמבר,13,https://a99.mediacast.co.il/99fm/mediafiles/haboker_full_13_11_18.mp3,,יום שלישי | 13/11/2018
14/11/2018,2018-11-14,יום רביעי,2018,11,נובמבר,14,https://a99.mediacast.co.il/99fm/mediafiles/haboker_full_14_11_18.mp3,,יום רביעי | 14/11/2018
15/11/2018,2018-11-15,יום חמישי,2018,11,נובמבר,15,https://a99.mediacast.co.il/99fm/mediafiles/haboker_full_15_11_18.mp3,,יום חמישי | 15/11/2018
18/11/2018,2018-11-18,יום ראשון,2018,11,נובמבר,18,https://a99.mediacast.co.il/99fm/mediafiles/haboker_full_18_11_18.mp3,,יום ראשון | 18/11/2018
19/11/2018,2018-11-19,יום שני,2018,11,נובמבר,19,https://a99.mediacast.co.il/99fm/mediafiles/haboker_full_19_11_18.mp3,,יום שני | 19/11/2018
20/11/2018,2018-11-20,יום שלישי,2018,11,נובמבר,20,https://a99.mediacast.co.il/99fm/mediafiles/haboker_full_20_11_18.mp3,,יום שלישי | 20/11/2018
21/11/2018,2018-11-21,יום רביעי,2018,11,נובמבר,21,https://a99.mediacast.co.il/99fm/mediafiles/haboker_full_21_11_18.mp3,,יום רביעי | 21/11/2018
22/11/2018,2018-11-22,יום חמישי,2018,11,נובמבר,22,https://a99.mediacast.co.il/99fm/mediafiles/haboker_full_22_11_18.mp3,,יום חמישי | 22/11/2018
25/11/2018,2018-11-25,יום ראשון,2018,11,נובמבר,25,https://a99.mediacast.co.il/99fm/mediafiles/haboker_full_25_11_18.mp3,,יום ראשון | 25/11/2018
26/11/2018,2018-11-26,יום שני,2018,11,נובמבר,26,https://a99.mediacast.co.il/99fm/mediafiles/haboker_full_26_11_18.mp3,,יום שני | 26/11/2018
27/11/2018,2018-11-27,יום שלישי,2018,11,נובמבר,27,https://a99.mediacast.co.il/99fm/mediafiles/haboker_full_27_11_18.mp3,,יום שלישי | 27/11/2018
28/11/2018,2018-11-28,יום רביעי,2018,11,נובמבר,28,https://a99.mediacast.co.il/99fm/mediafiles/haboker_full_28_11_18.mp3,,יום רביעי | 28/11/2018
29/11/2018,2018-11-29,יום חמישי,2018,11,נובמבר,29,https://a99.mediacast.co.il/99fm/mediafiles/haboker_full_29_11_18.mp3,,יום חמישי | 29/11/2018
10/12/2018,2018-12-10,יום שני,2018,12,דצמבר,10,https://a99.mediacast.co.il/99fm/mediafiles/haboker_full_10_12_18.mp3,,יום שני | 10/12/2018
11/12/2018,2018-12-11,יום שלישי,2018,12,דצמבר,11,https://a99.mediacast.co.il/99fm/mediafiles/haboker_full_11_12_18.mp3,,יום שלישי | 11/12/2018
12/12/2018,2018-12-12,יום רביעי,2018,12,דצמבר,12,https://a99.mediacast.co.il/99fm/mediafiles/haboker_full_12_12_18.mp3,,יום רביעי | 12/12/2018
13/12/2018,2018-12-13,יום חמישי,2018,12,דצמבר,13,https://a99.mediacast.co.il/99fm/mediafiles/haboker_full_13_12_18.mp3,,יום חמישי | 13/12/2018
23/12/2018,2018-12-23,יום ראשון,2018,12,דצמבר,23,https://a99.mediacast.co.il/99fm/mediafiles/haboker_full_23_12_18.mp3,,יום ראשון | 23/12/2018
25/12/2018,2018-12-25,יום שלישי,2018,12,דצמבר,25,https://a99.mediacast.co.il/99fm/mediafiles/haboker_full_25_12_18.mp3,,יום שלישי | 25/12/2018
26/12/2018,2018-12-26,יום רביעי,2018,12,דצמבר,26,https://a99.mediacast.co.il/99fm/mediafiles/haboker_full_26_12_18.mp3,,יום רביעי | 26/12/2018
27/12/2018,2018-12-27,יום חמישי,2018,12,דצמבר,27,https://a99.mediacast.co.il/99fm/mediafiles/haboker_full_27_12_18.mp3,,יום חמישי | 27/12/2018
30/12/2018,2018-12-30,יום ראשון,2018,12,דצמבר,30,https://a99.mediacast.co.il/99fm/mediafiles/haboker_full_30_12_18.mp3,,יום ראשון | 30/12/2018
31/12/2018,2018-12-31,יום שני,2018,12,דצמבר,31,https://a99.mediacast.co.il/99fm/mediafiles/haboker_full_31122018.mp3,,יום שני | 31/12/2018
07/01/2019,2019-01-07,יום שני,2019,1,ינואר,7,https://a99.mediacast.co.il/99fm/mediafiles/haboker_full_07012019.mp3,,יום שני | 07/01/2019
14/01/2019,2019-01-14,יום שני,2019,1,ינואר,14,https://a99.mediacast.co.il/99fm/mediafiles/haboker_full_14012019.mp3,,יום שני | 14/01/2019
15/01/2019,2019-01-15,יום שלישי,2019,1,ינואר,15,https://a99.mediacast.co.il/99fm/mediafiles/haboker_full_15012019.mp3,,יום שלישי | 15/01/2019
16/01/2019,2019-01-16,יום רביעי,2019,1,ינואר,16,https://a99.mediacast.co.il/99fm/mediafiles/haboker_full_16012019.mp3,,יום רביעי | 16/01/2019
17/01/2019,2019-01-17,יום חמישי,2019,1,ינואר,17,https://a99.mediacast.co.il/99fm/mediafiles/haboker_full_17012019.mp3,,יום חמישי | 17/01/2019
20/01/2019,2019-01-20,יום ראשון,2019,1,ינואר,20,https://a99.mediacast.co.il/99fm/mediafiles/haboker_full_20012019.mp3,,יום ראשון | 20/01/2019
21/01/2019,2019-01-21,יום שני,2019,1,ינואר,21,https://a99.mediacast.co.il/99fm/mediafiles/haboker_full_21012019.mp3,,יום שני | 21/01/2019
22/01/2019,2019-01-22,יום שלישי,2019,1,ינואר,22,https://a99.mediacast.co.il/99fm/mediafiles/haboker_full_22012019.mp3,,יום שלישי | 22/01/2019
23/01/2019,2019-01-23,יום רביעי,2019,1,ינואר,23,https://a99.mediacast.co.il/99fm/mediafiles/haboker_full_23012019.mp3,,יום רביעי | 23/01/2019
24/01/2019,2019-01-24,יום חמישי,2019,1,ינואר,24,https://a99.mediacast.co.il/99fm/mediafiles/haboker_full_24012019.mp3,,יום חמישי | 24/01/2019
27/01/2019,2019-01-27,יום ראשון,2019,1,ינואר,27,https://a99.mediacast.co.il/99fm/mediafiles/haboker_full_27012019.mp3,,יום ראשון | 27/01/2019
28/01/2019,2019-01-28,יום שני,2019,1,ינואר,28,https://a99.mediacast.co.il/99fm/mediafiles/haboker_full_28012019.mp3,,יום שני | 28/01/2019
29/01/2019,2019-01-29,יום שלישי,2019,1,ינואר,29,https://a99.mediacast.co.il/99fm/mediafiles/haboker_full_29012019.mp3,,יום שלישי | 29/01/2019
30/01/2019,2019-01-30,יום רביעי,2019,1,ינואר,30,https://a99.mediacast.co.il/99fm/mediafiles/haboker_full_30012019.mp3,,יום רביעי | 30/01/2019
31/01/2019,2019-01-31,יום חמישי,2019,1,ינואר,31,https://a99.mediacast.co.il/99fm/mediafiles/haboker_full_31012019.mp3,,יום חמישי | 31/01/2019
03/02/2019,2019-02-03,יום ראשון,2019,2,פברואר,3,https://a99.mediacast.co.il/99fm/mediafiles/haboker_full_03022019.mp3,,יום ראשון | 03/02/2019
04/02/2019,2019-02-04,יום שני,2019,2,פברואר,4,https://a99.mediacast.co.il/99fm/mediafiles/haboker_full_04022019.mp3,,יום שני | 04/02/2019
05/02/2019,2019-02-05,יום שלישי,2019,2,פברואר,5,https://a99.mediacast.co.il/99fm/mediafiles/haboker_full_05022019.mp3,,יום שלישי | 05/02/2019
06/02/2019,2019-02-06,יום רביעי,2019,2,פברואר,6,https://a99.mediacast.co.il/99fm/mediafiles/haboker_full_06022019.mp3,,יום רביעי | 06/02/2019
07/02/2019,2019-02-07,יום חמישי,2019,2,פברואר,7,https://a99.mediacast.co.il/99fm/mediafiles/haboker_full_07022019.mp3,,יום חמישי | 07/02/2019
10/02/2019,2019-02-10,יום ראשון,2019,2,פברואר,10,https://a99.mediacast.co.il/99fm/mediafiles/haboker_full_10022019.mp3,,יום ראשון | 10/02/2019
13/02/2019,2019-02-13,יום רביעי,2019,2,פברואר,13,https://a99.mediacast.co.il/99fm/mediafiles/haboker_full_13022019.mp3,,יום רביעי | 13/02/2019
14/02/2019,2019-02-14,יום חמישי,2019,2,פברואר,14,https://a99.mediacast.co.il/99fm/mediafiles/haboker_full_14022019.mp3,,יום חמישי | 14/02/2019
17/02/2019,2019-02-17,יום ראשון,2019,2,פברואר,17,https://a99.mediacast.co.il/99fm/mediafiles/haboker_full_17022019.mp3,,יום ראשון | 17/02/2019
18/02/2019,2019-02-18,יום שני,2019,2,פברואר,18,https://a99.mediacast.co.il/99fm/mediafiles/haboker_full_18022019.mp3,,יום שני | 18/02/2019
19/02/2019,2019-02-19,יום שלישי,2019,2,פברואר,19,https://a99.mediacast.co.il/99fm/mediafiles/haboker_full_19022019.mp3,,יום שלישי | 19/02/2019
20/02/2019,2019-02-20,יום רביעי,2019,2,פברואר,20,https://a99.mediacast.co.il/99fm/mediafiles/haboker_full_20022019.mp3,,יום רביעי | 20/02/2019
21/02/2019,2019-02-21,יום חמישי,2019,2,פברואר,21,https://a99.mediacast.co.il/99fm/mediafiles/haboker_full_21022019.mp3,,יום חמישי | 21/02/2019
24/02/2019,2019-02-24,יום ראשון,2019,2,פברואר,24,https://a99.mediacast.co.il/99fm/mediafiles/haboker_full_24022019.mp3,,יום ראשון | 24/02/2019
25/02/2019,2019-02-25,יום שני,2019,2,פברואר,25,https://a99.mediacast.co.il/99fm/mediafiles/haboker_full_25022019.mp3,,יום שני | 25/02/2019
26/02/2019,2019-02-26,יום שלישי,2019,2,פברואר,26,https://a99.mediacast.co.il/99fm/mediafiles/haboker_full_26022019.mp3,,יום שלישי | 26/02/2019
27/02/2019,2019-02-27,יום רביעי,2019,2,פברואר,27,https://a99.mediacast.co.il/99fm/mediafiles/haboker_full_27022019.mp3,,יום רביעי | 27/02/2019
28/02/2019,2019-02-28,יום חמישי,2019,2,פברואר,28,https://a99.mediacast.co.il/99fm/mediafiles/haboker_full_28022019.mp3,,יום חמישי | 28/02/2019
03/03/2019,2019-03-03,יום ראשון,2019,3,מרץ,3,https://a99.mediacast.co.il/99fm/mediafiles/haboker_full_03032019.mp3,,יום ראשון | 03/03/2019
04/03/2019,2019-03-04,יום שני,2019,3,מרץ,4,https://a99.mediacast.co.il/99fm/mediafiles/haboker_full_04032019.mp3,,יום שני | 04/03/2019
05/03/2019,2019-03-05,יום שלישי,2019,3,מרץ,5,https://a99.mediacast.co.il/99fm/mediafiles/haboker_full_05032019.mp3,,יום שלישי | 05/03/2019
06/03/2019,2019-03-06,יום רביעי,2019,3,מרץ,6,https://a99.mediacast.co.il/99fm/mediafiles/haboker_full_06032019.mp3,,יום רביעי | 06/03/2019
07/03/2019,2019-03-07,יום חמישי,2019,3,מרץ,7,https://a99.mediacast.co.il/99fm/mediafiles/haboker_full_07032019.mp3,,יום חמישי | 07/03/2019
10/03/2019,2019-03-10,יום ראשון,2019,3,מרץ,10,https://a99.mediacast.co.il/99fm/mediafiles/haboker_full_10032019.mp3,,יום ראשון | 10/03/2019
11/03/2019,2019-03-11,יום שני,2019,3,מרץ,11,https://a99.mediacast.co.il/99fm/mediafiles/haboker_full_11032019.mp3,,יום שני | 11/03/2019
12/03/2019,2019-03-12,יום שלישי,2019,3,מרץ,12,https://a99.mediacast.co.il/99fm/mediafiles/haboker_full_12032019.mp3,,יום שלישי | 12/03/2019
13/03/2019,2019-03-13,יום רביעי,2019,3,מרץ,13,https://a99.mediacast.co.il/99fm/mediafiles/haboker_full_13032019.mp3,,יום רביעי | 13/03/2019
14/03/2019,2019-03-14,יום חמישי,2019,3,מרץ,14,https://a99.mediacast.co.il/99fm/mediafiles/haboker_full_14032019.mp3,,יום חמישי | 14/03/2019
17/03/2019,2019-03-17,יום ראשון,2019,3,מרץ,17,https://a99.mediacast.co.il/99fm/mediafiles/haboker_full_17032019.mp3,,יום ראשון | 17/03/2019
18/03/2019,2019-03-18,יום שני,2019,3,מרץ,18,https://a99.mediacast.co.il/99fm/mediafiles/haboker_full_18032019.mp3,,יום שני | 18/03/2019
19/03/2019,2019-03-19,יום שלישי,2019,3,מרץ,19,https://a99.mediacast.co.il/99fm/mediafiles/haboker_full_19032019.mp3,,יום שלישי | 19/03/2019
20/03/2019,2019-03-20,יום רביעי,2019,3,מרץ,20,https://a99.mediacast.co.il/99fm/mediafiles/haboker_full_20032019.mp3,,יום רביעי | 20/03/2019
21/03/2019,2019-03-21,יום חמישי,2019,3,מרץ,21,https://a99.mediacast.co.il/99fm/mediafiles/haboker_full_21032019.mp3,,יום חמישי | 21/03/2019
24/03/2019,2019-03-24,יום ראשון,2019,3,מרץ,24,https://a99.mediacast.co.il/99fm/mediafiles/haboker_full_24032019.mp3,,יום ראשון | 24/03/2019
25/03/2019,2019-03-25,יום שני,2019,3,מרץ,25,https://a99.mediacast.co.il/99fm/mediafiles/haboker_full_25032019.mp3,,יום שני | 25/03/2019
26/03/2019,2019-03-26,יום שלישי,2019,3,מרץ,26,https://a99.mediacast.co.il/99fm/mediafiles/haboker_full_26032019.mp3,,יום שלישי | 26/03/2019
27/03/2019,2019-03-27,יום רביעי,2019,3,מרץ,27,https://a99.mediacast.co.il/99fm/mediafiles/haboker_full_27032019.mp3,,יום רביעי | 27/03/2019
28/03/2019,2019-03-28,יום חמישי,2019,3,מרץ,28,https://a99.mediacast.co.il/99fm/mediafiles/haboker_full_28032019.mp3,,יום חמישי | 28/03/2019
01/04/2019,2019-04-01,יום שני,2019,4,אפריל,1,https://a99.mediacast.co.il/99fm/mediafiles/haboker_full_01042019.mp3,,יום שני | 01/04/2019
02/04/2019,2019-04-02,יום שלישי,2019,4,אפריל,2,https://a99.mediacast.co.il/99fm/mediafiles/haboker_full_02042019.mp3,,יום שלישי | 02/04/2019
03/04/2019,2019-04-03,יום רביעי,2019,4,אפריל,3,https://a99.mediacast.co.il/99fm/mediafiles/haboker_full_03042019.mp3,,יום רביעי | 03/04/2019
04/04/2019,2019-04-04,יום חמישי,2019,4,אפריל,4,https://a99.mediacast.co.il/99fm/mediafiles/haboker_full_04042019.mp3,,יום חמישי | 04/04/2019
07/04/2019,2019-04-07,יום ראשון,2019,4,אפריל,7,https://a99.mediacast.co.il/99fm/mediafiles/haboker_full_07042019.mp3,,יום ראשון | 07/04/2019
08/04/2019,2019-04-08,יום שני,2019,4,אפריל,8,https://a99.mediacast.co.il/99fm/mediafiles/haboker_full_08042019.mp3,,יום שני | 08/04/2019
09/04/2019,2019-04-09,יום שלישי,2019,4,אפריל,9,https://a99.mediacast.co.il/99fm/mediafiles/haboker_full_09042019.mp3,,יום שלישי | 09/04/2019
10/04/2019,2019-04-10,יום רביעי,2019,4,אפריל,10,https://a99.mediacast.co.il/99fm/mediafiles/haboker_full_10042019.mp3,,יום רביעי | 10/04/2019
11/04/2019,2019-04-11,יום חמישי,2019,4,אפריל,11,https://a99.mediacast.co.il/99fm/mediafiles/haboker_full_11042019.mp3,,יום חמישי | 11/04/2019
15/04/2019,2019-04-15,יום שני,2019,4,אפריל,15,https://a99.mediacast.co.il/99fm/mediafiles/haboker_full_15042019.mp3,,יום שני | 15/04/2019
16/04/2019,2019-04-16,יום שלישי,2019,4,אפריל,16,https://a99.mediacast.co.il/99fm/mediafiles/haboker_full_16042019.mp3,,יום שלישי | 16/04/2019
17/04/2019,2019-04-17,יום רביעי,2019,4,אפריל,17,https://a99.mediacast.co.il/99fm/mediafiles/haboker_full_17042019.mp3,,יום רביעי | 17/04/2019
18/04/2019,2019-04-18,יום חמישי,2019,4,אפריל,18,https://a99.mediacast.co.il/99fm/mediafiles/haboker_full_180419.mp3,,יום חמישי | 18/04/2019
28/04/2019,2019-04-28,יום ראשון,2019,4,אפריל,28,https://a99.mediacast.co.il/99fm/mediafiles/haboker_full_280419.mp3,,יום ראשון | 28/04/2019
29/04/2019,2019-04-29,יום שני,2019,4,אפריל,29,https://a99.mediacast.co.il/99fm/mediafiles/haboker_full_290419.mp3,,יום שני | 29/04/2019
30/04/2019,2019-04-30,יום שלישי,2019,4,אפריל,30,https://a99.mediacast.co.il/99fm/mediafiles/haboker_full_300419.mp3,,יום שלישי | 30/04/2019
01/05/2019,2019-05-01,יום רביעי,2019,5,מאי,1,https://a99.mediacast.co.il/99fm/mediafiles/haboker_full_010519.mp3,,יום רביעי | 01/05/2019
05/05/2019,2019-05-05,יום ראשון,2019,5,מאי,5,https://a99.mediacast.co.il/99fm/mediafiles/haboker_full_050519.mp3,,יום ראשון | 05/05/2019
06/05/2019,2019-05-06,יום שני,2019,5,מאי,6,https://a99.mediacast.co.il/99fm/mediafiles/haboker_full_060519.mp3,,יום שני | 06/05/2019
07/05/2019,2019-05-07,יום שלישי,2019,5,מאי,7,https://a99.mediacast.co.il/99fm/mediafiles/haboker_full_070519.mp3,,יום שלישי | 07/05/2019
12/05/2019,2019-05-12,יום ראשון,2019,5,מאי,12,https://a99.mediacast.co.il/99fm/mediafiles/haboker_full_120519.mp3,,יום ראשון | 12/05/2019
13/05/2019,2019-05-13,יום שני,2019,5,מאי,13,https://a99.mediacast.co.il/99fm/mediafiles/haboker_full_130519.mp3,,יום שני | 13/05/2019
14/05/2019,2019-05-14,יום שלישי,2019,5,מאי,14,https://a99.mediacast.co.il/99fm/mediafiles/haboker_full_140519.mp3,,יום שלישי | 14/05/2019
15/05/2019,2019-05-15,יום רביעי,2019,5,מאי,15,https://a99.mediacast.co.il/99fm/mediafiles/haboker_full_150519.mp3,,יום רביעי | 15/05/2019
16/05/2019,2019-05-16,יום חמישי,2019,5,מאי,16,https://a99.mediacast.co.il/99fm/mediafiles/haboker_full_160519.mp3,,יום חמישי | 16/05/2019
19/05/2019,2019-05-19,יום ראשון,2019,5,מאי,19,https://a99.mediacast.co.il/99fm/mediafiles/haboker_full_190519.mp3,,יום ראשון | 19/05/2019
20/05/2019,2019-05-20,יום שני,2019,5,מאי,20,https://a99.mediacast.co.il/99fm/mediafiles/haboker_full_200519.mp3,,יום שני | 20/05/2019
21/05/2019,2019-05-21,יום שלישי,2019,5,מאי,21,https://a99.mediacast.co.il/99fm/mediafiles/haboker_full_210519.mp3,,יום שלישי | 21/05/2019
22/05/2019,2019-05-22,יום רביעי,2019,5,מאי,22,https://a99.mediacast.co.il/99fm/mediafiles/haboker_full_220519.mp3,,יום רביעי | 22/05/2019
23/05/2019,2019-05-23,יום חמישי,2019,5,מאי,23,https://a99.mediacast.co.il/99fm/mediafiles/haboker_full_230519.mp3,,יום חמישי | 23/05/2019
26/05/2019,2019-05-26,יום ראשון,2019,5,מאי,26,https://a99.mediacast.co.il/99fm/mediafiles/haboker_full_260519.mp3,,יום ראשון | 26/05/2019
27/05/2019,2019-05-27,יום שני,2019,5,מאי,27,https://a99.mediacast.co.il/99fm/mediafiles/haboker_full_270519.mp3,,יום שני | 27/05/2019
28/05/2019,2019-05-28,יום שלישי,2019,5,מאי,28,https://a99.mediacast.co.il/99fm/mediafiles/haboker_full_280519.mp3,,יום שלישי | 28/05/2019
29/05/2019,2019-05-29,יום רביעי,2019,5,מאי,29,https://a99.mediacast.co.il/99fm/mediafiles/haboker_full_290519.mp3,,יום רביעי | 29/05/2019
30/05/2019,2019-05-30,יום חמישי,2019,5,מאי,30,https://a99.mediacast.co.il/99fm/mediafiles/haboker_full_300519.mp3,,יום חמישי | 30/05/2019
02/06/2019,2019-06-02,יום ראשון,2019,6,יוני,2,https://a99.mediacast.co.il/99fm/mediafiles/haboker_full_020619.mp3,,יום ראשון | 02/06/2019
03/06/2019,2019-06-03,יום שני,2019,6,יוני,3,https://a99.mediacast.co.il/99fm/mediafiles/haboker_full_030619.mp3,,יום שני | 03/06/2019
04/06/2019,2019-06-04,יום שלישי,2019,6,יוני,4,https://a99.mediacast.co.il/99fm/mediafiles/haboker_full_040619.mp3,,יום שלישי | 04/06/2019
05/06/2019,2019-06-05,יום רביעי,2019,6,יוני,5,https://a99.mediacast.co.il/99fm/mediafiles/haboker_full_050619.mp3,,יום רביעי | 05/06/2019
06/06/2019,2019-06-06,יום חמישי,2019,6,יוני,6,https://a99.mediacast.co.il/99fm/mediafiles/haboker_full_060619.mp3,,יום חמישי | 06/06/2019
10/06/2019,2019-06-10,יום שני,2019,6,יוני,10,https://a99.mediacast.co.il/99fm/mediafiles/haboker_full_100619.mp3,,יום שני | 10/06/2019
11/06/2019,2019-06-11,יום שלישי,2019,6,יוני,11,https://a99.mediacast.co.il/99fm/mediafiles/haboker_full_110619.mp3,,יום שלישי | 11/06/2019
12/06/2019,2019-06-12,יום רביעי,2019,6,יוני,12,https://a99.mediacast.co.il/99fm/mediafiles/haboker_full_120619.mp3,,יום רביעי | 12/06/2019
13/06/2019,2019-06-13,יום חמישי,2019,6,יוני,13,https://a99.mediacast.co.il/99fm/mediafiles/haboker_full_130619.mp3,,יום חמישי | 13/06/2019
16/06/2019,2019-06-16,יום ראשון,2019,6,יוני,16,https://a99.mediacast.co.il/99fm/mediafiles/haboker_full_160619.mp3,,יום ראשון | 16/06/2019
17/06/2019,2019-06-17,יום שני,2019,6,יוני,17,https://a99.mediacast.co.il/99fm/mediafiles/haboker_full_170619.mp3,,יום שני | 17/06/2019
18/06/2019,2019-06-18,יום שלישי,2019,6,יוני,18,https://a99.mediacast.co.il/99fm/mediafiles/haboker_full_180619.mp3,,יום שלישי | 18/06/2019
20/06/2019,2019-06-20,יום חמישי,2019,6,יוני,20,https://a99.mediacast.co.il/99fm/mediafiles/haboker_full_200619.mp3,,יום חמישי | 20/06/2019
23/06/2019,2019-06-23,יום ראשון,2019,6,יוני,23,https://a99.mediacast.co.il/99fm/mediafiles/haboker_full_230619.mp3,,יום ראשון | 23/06/2019
24/06/2019,2019-06-24,יום שני,2019,6,יוני,24,https://a99.mediacast.co.il/99fm/mediafiles/haboker_full_240619.mp3,,יום שני | 24/06/2019
25/06/2019,2019-06-25,יום שלישי,2019,6,יוני,25,https://a99.mediacast.co.il/99fm/mediafiles/haboker_full_250619.mp3,,יום שלישי | 25/06/2019
26/06/2019,2019-06-26,יום רביעי,2019,6,יוני,26,https://a99.mediacast.co.il/99fm/mediafiles/haboker_full_260619.mp3,,יום רביעי | 26/06/2019
27/06/2019,2019-06-27,יום חמישי,2019,6,יוני,27,https://a99.mediacast.co.il/99fm/mediafiles/haboker_full_270619.mp3,,יום חמישי | 27/06/2019
30/06/2019,2019-06-30,יום ראשון,2019,6,יוני,30,https://a99.mediacast.co.il/99fm/mediafiles/haboker_full_300619.mp3,,יום ראשון | 30/06/2019
01/07/2019,2019-07-01,יום שני,2019,7,יולי,1,https://a99.mediacast.co.il/99fm/mediafiles/haboker_full_010719.mp3,,יום שני | 01/07/2019
02/07/2019,2019-07-02,יום שלישי,2019,7,יולי,2,https://a99.mediacast.co.il/99fm/mediafiles/haboker_full_020719.mp3,,יום שלישי | 02/07/2019
03/07/2019,2019-07-03,יום רביעי,2019,7,יולי,3,https://a99.mediacast.co.il/99fm/mediafiles/haboker_full_030719.mp3,,יום רביעי | 03/07/2019
04/07/2019,2019-07-04,יום חמישי,2019,7,יולי,4,https://a99.mediacast.co.il/99fm/mediafiles/haboker_full_040719.mp3,,יום חמישי | 04/07/2019
07/07/2019,2019-07-07,יום ראשון,2019,7,יולי,7,https://a99.mediacast.co.il/99fm/mediafiles/haboker_full_070719.mp3,,יום ראשון | 07/07/2019
08/07/2019,2019-07-08,יום שני,2019,7,יולי,8,https://a99.mediacast.co.il/99fm/mediafiles/haboker_full_080719.mp3,,יום שני | 08/07/2019
09/07/2019,2019-07-09,יום שלישי,2019,7,יולי,9,https://a99.mediacast.co.il/99fm/mediafiles/haboker_full_090719.mp3,,יום שלישי | 09/07/2019
10/07/2019,2019-07-10,יום רביעי,2019,7,יולי,10,https://a99.mediacast.co.il/99fm/mediafiles/haboker_full_100719.mp3,,יום רביעי | 10/07/2019
11/07/2019,2019-07-11,יום חמישי,2019,7,יולי,11,https://a99.mediacast.co.il/99fm/mediafiles/haboker_full_110719.mp3,,יום חמישי | 11/07/2019
14/07/2019,2019-07-14,יום ראשון,2019,7,יולי,14,https://a99.mediacast.co.il/99fm/mediafiles/haboker_full_140719.mp3,,יום ראשון | 14/07/2019
15/07/2019,2019-07-15,יום שני,2019,7,יולי,15,https://a99.mediacast.co.il/99fm/mediafiles/haboker_full_150719.mp3,,יום שני | 15/07/2019
16/07/2019,2019-07-16,יום שלישי,2019,7,יולי,16,https://a99.mediacast.co.il/99fm/mediafiles/haboker_full_160719.mp3,,יום שלישי | 16/07/2019
17/07/2019,2019-07-17,יום רביעי,2019,7,יולי,17,https://a99.mediacast.co.il/99fm/mediafiles/haboker_full_170719.mp3,,יום רביעי | 17/07/2019
18/07/2019,2019-07-18,יום חמישי,2019,7,יולי,18,https://a99.mediacast.co.il/99fm/mediafiles/haboker_full_180719.mp3,,יום חמישי | 18/07/2019
21/07/2019,2019-07-21,יום ראשון,2019,7,יולי,21,https://a99.mediacast.co.il/99fm/mediafiles/haboker_full_210719.mp3,,יום ראשון | 21/07/2019
22/07/2019,2019-07-22,יום שני,2019,7,יולי,22,https://a99.mediacast.co.il/99fm/mediafiles/haboker_full_220719.mp3,,יום שני | 22/07/2019
23/07/2019,2019-07-23,יום שלישי,2019,7,יולי,23,https://a99.mediacast.co.il/99fm/mediafiles/haboker_full_230719.mp3,,יום שלישי | 23/07/2019
24/07/2019,2019-07-24,יום רביעי,2019,7,יולי,24,https://a99.mediacast.co.il/99fm/mediafiles/haboker_full_240719.mp3,,יום רביעי | 24/07/2019
25/07/2019,2019-07-25,יום חמישי,2019,7,יולי,25,https://a99.mediacast.co.il/99fm/mediafiles/haboker_full_250719.mp3,,יום חמישי | 25/07/2019
28/07/2019,2019-07-28,יום ראשון,2019,7,יולי,28,https://a99.mediacast.co.il/99fm/mediafiles/haboker_full_280719.mp3,,יום ראשון | 28/07/2019
29/07/2019,2019-07-29,יום שני,2019,7,יולי,29,https://a99.mediacast.co.il/99fm/mediafiles/haboker_full_290719.mp3,,יום שני | 29/07/2019
30/07/2019,2019-07-30,יום שלישי,2019,7,יולי,30,https://a99.mediacast.co.il/99fm/mediafiles/haboker_full_300719.mp3,,יום שלישי | 30/07/2019
31/07/2019,2019-07-31,יום רביעי,2019,7,יולי,31,https://a99.mediacast.co.il/99fm/mediafiles/haboker_full_310719.mp3,,יום רביעי | 31/07/2019
01/08/2019,2019-08-01,יום חמישי,2019,8,אוגוסט,1,https://a99.mediacast.co.il/99fm/mediafiles/haboker_full_010819.mp3,,יום חמישי | 01/08/2019
04/08/2019,2019-08-04,יום ראשון,2019,8,אוגוסט,4,https://a99.mediacast.co.il/99fm/mediafiles/haboker_full_040819.mp3,,יום ראשון | 04/08/2019
05/08/2019,2019-08-05,יום שני,2019,8,אוגוסט,5,https://a99.mediacast.co.il/99fm/mediafiles/haboker_full_050819.mp3,,יום שני | 05/08/2019
06/08/2019,2019-08-06,יום שלישי,2019,8,אוגוסט,6,https://a99.mediacast.co.il/99fm/mediafiles/haboker_full_060819.mp3,,יום שלישי | 06/08/2019
07/08/2019,2019-08-07,יום רביעי,2019,8,אוגוסט,7,https://a99.mediacast.co.il/99fm/mediafiles/haboker_full_070819.mp3,,יום רביעי | 07/08/2019
08/08/2019,2019-08-08,יום חמישי,2019,8,אוגוסט,8,https://a99.mediacast.co.il/99fm/mediafiles/haboker_full_080819.mp3,,יום חמישי | 08/08/2019
12/08/2019,2019-08-12,יום שני,2019,8,אוגוסט,12,https://a99.mediacast.co.il/99fm/mediafiles/haboker_full_120819.mp3,,יום שני | 12/08/2019
13/08/2019,2019-08-13,יום שלישי,2019,8,אוגוסט,13,https://a99.mediacast.co.il/99fm/mediafiles/haboker_full_130819.mp3,,יום שלישי | 13/08/2019
14/08/2019,2019-08-14,יום רביעי,2019,8,אוגוסט,14,https://a99.mediacast.co.il/99fm/mediafiles/haboker_full_140819.mp3,,יום רביעי | 14/08/2019
15/08/2019,2019-08-15,יום חמישי,2019,8,אוגוסט,15,https://a99.mediacast.co.il/99fm/mediafiles/haboker_full_150819.mp3,,יום חמישי | 15/08/2019
18/08/2019,2019-08-18,יום ראשון,2019,8,אוגוסט,18,https://a99.mediacast.co.il/99fm/mediafiles/haboker_full_180819.mp3,,יום ראשון | 18/08/2019
19/08/2019,2019-08-19,יום שני,2019,8,אוגוסט,19,https://a99.mediacast.co.il/99fm/mediafiles/haboker_full_190819.mp3,,יום שני | 19/08/2019
20/08/2019,2019-08-20,יום שלישי,2019,8,אוגוסט,20,https://a99.mediacast.co.il/99fm/mediafiles/haboker_full_200819.mp3,,יום שלישי | 20/08/2019
21/08/2019,2019-08-21,יום רביעי,2019,8,אוגוסט,21,https://a99.mediacast.co.il/99fm/mediafiles/haboker_full_210819.mp3,,יום רביעי | 21/08/2019
22/08/2019,2019-08-22,יום חמישי,2019,8,אוגוסט,22,https://a99.mediacast.co.il/99fm/mediafiles/haboker_full_220819.mp3,,יום חמישי | 22/08/2019
25/08/2019,2019-08-25,יום ראשון,2019,8,אוגוסט,25,https://a99.mediacast.co.il/99fm/mediafiles/haboker_full_250819.mp3,,יום ראשון | 25/08/2019
26/08/2019,2019-08-26,יום שני,2019,8,אוגוסט,26,https://a99.mediacast.co.il/99fm/mediafiles/haboker_full_260819.mp3,,יום שני | 26/08/2019
27/08/2019,2019-08-27,יום שלישי,2019,8,אוגוסט,27,https://a99.mediacast.co.il/99fm/mediafiles/haboker_full_270819.mp3,,יום שלישי | 27/08/2019
28/08/2019,2019-08-28,יום רביעי,2019,8,אוגוסט,28,https://a99.mediacast.co.il/99fm/mediafiles/haboker_full_280819.mp3,,יום רביעי | 28/08/2019
29/08/2019,2019-08-29,יום חמישי,2019,8,אוגוסט,29,https://a99.mediacast.co.il/99fm/mediafiles/haboker_full_290819.mp3,,יום חמישי | 29/08/2019
01/09/2019,2019-09-01,יום ראשון,2019,9,ספטמבר,1,https://a99.mediacast.co.il/99fm/mediafiles/haboker_full_010919.mp3,,יום ראשון | 01/09/2019
02/09/2019,2019-09-02,יום שני,2019,9,ספטמבר,2,https://a99.mediacast.co.il/99fm/mediafiles/haboker_full_020919.mp3,,יום שני | 02/09/2019
03/09/2019,2019-09-03,יום שלישי,2019,9,ספטמבר,3,https://a99.mediacast.co.il/99fm/mediafiles/haboker_full_030919.mp3,,יום שלישי | 03/09/2019
04/09/2019,2019-09-04,יום רביעי,2019,9,ספטמבר,4,https://a99.mediacast.co.il/99fm/mediafiles/haboker_full_040919.mp3,,יום רביעי | 04/09/2019
05/09/2019,2019-09-05,יום חמישי,2019,9,ספטמבר,5,https://a99.mediacast.co.il/99fm/mediafiles/haboker_full_050919.mp3,,יום חמישי | 05/09/2019
08/09/2019,2019-09-08,יום ראשון,2019,9,ספטמבר,8,https://a99.mediacast.co.il/99fm/mediafiles/haboker_full_080919.mp3,,יום ראשון | 08/09/2019
09/09/2019,2019-09-09,יום שני,2019,9,ספטמבר,9,https://a99.mediacast.co.il/99fm/mediafiles/haboker_full_090919.mp3,,יום שני | 09/09/2019
10/09/2019,2019-09-10,יום שלישי,2019,9,ספטמבר,10,https://a99.mediacast.co.il/99fm/mediafiles/haboker_full_100919.mp3,,יום שלישי | 10/09/2019
11/09/2019,2019-09-11,יום רביעי,2019,9,ספטמבר,11,https://a99.mediacast.co.il/99fm/mediafiles/haboker_full_110919.mp3,,יום רביעי | 11/09/2019
12/09/2019,2019-09-12,יום חמישי,2019,9,ספטמבר,12,https://a99.mediacast.co.il/99fm/mediafiles/haboker_full_120919.mp3,,יום חמישי | 12/09/2019
15/09/2019,2019-09-15,יום ראשון,2019,9,ספטמבר,15,https://a99.mediacast.co.il/99fm/mediafiles/haboker_full_150919.mp3,,יום ראשון | 15/09/2019
16/09/2019,2019-09-16,יום שני,2019,9,ספטמבר,16,https://a99.mediacast.co.il/99fm/mediafiles/haboker_full_160919.mp3,,יום שני | 16/09/2019
17/09/2019,2019-09-17,יום שלישי,2019,9,ספטמבר,17,https://a99.mediacast.co.il/99fm/mediafiles/haboker_full_170919.mp3,,יום שלישי | 17/09/2019
18/09/2019,2019-09-18,יום רביעי,2019,9,ספטמבר,18,https://a99.mediacast.co.il/99fm/mediafiles/haboker_full_180919.mp3,,יום רביעי | 18/09/2019
19/09/2019,2019-09-19,יום חמישי,2019,9,ספטמבר,19,https://a99.mediacast.co.il/99fm/mediafiles/haboker_full_190919.mp3,,יום חמישי | 19/09/2019
22/09/2019,2019-09-22,יום ראשון,2019,9,ספטמבר,22,https://a99.mediacast.co.il/99fm/mediafiles/haboker_full_220919.mp3,,יום ראשון | 22/09/2019
23/09/2019,2019-09-23,יום שני,2019,9,ספטמבר,23,https://a99.mediacast.co.il/99fm/mediafiles/haboker_full_230919.mp3,,יום שני | 23/09/2019
24/09/2019,2019-09-24,יום שלישי,2019,9,ספטמבר,24,https://a99.mediacast.co.il/99fm/mediafiles/haboker_full_240919.mp3,,יום שלישי | 24/09/2019
25/09/2019,2019-09-25,יום רביעי,2019,9,ספטמבר,25,https://a99.mediacast.co.il/99fm/mediafiles/haboker_full_250919.mp3,,יום רביעי | 25/09/2019
26/09/2019,2019-09-26,יום חמישי,2019,9,ספטמבר,26,https://a99.mediacast.co.il/99fm/mediafiles/haboker_full_260919.mp3,,יום חמישי | 26/09/2019
22/10/2019,2019-10-22,יום שלישי,2019,10,אוקטובר,22,https://a99.mediacast.co.il/99fm/mediafiles/haboker_full_221019.mp3,,יום שלישי | 22/10/2019
23/10/2019,2019-10-23,יום רביעי,2019,10,אוקטובר,23,https://a99.mediacast.co.il/99fm/mediafiles/haboker_full_231019.mp3,,יום רביעי | 23/10/2019
24/10/2019,2019-10-24,יום חמישי,2019,10,אוקטובר,24,https://a99.mediacast.co.il/99fm/mediafiles/haboker_full_241019.mp3,,יום חמישי | 24/10/2019
27/10/2019,2019-10-27,יום ראשון,2019,10,אוקטובר,27,https://a99.mediacast.co.il/99fm/mediafiles/haboker_full_271019.mp3,,יום ראשון | 27/10/2019
28/10/2019,2019-10-28,יום שני,2019,10,אוקטובר,28,https://a99.mediacast.co.il/99fm/mediafiles/haboker_full_281019.mp3,,יום שני | 28/10/2019
29/10/2019,2019-10-29,יום שלישי,2019,10,אוקטובר,29,https://a99.mediacast.co.il/99fm/mediafiles/haboker_full_291019.mp3,,יום שלישי | 29/10/2019
30/10/2019,2019-10-30,יום רביעי,2019,10,אוקטובר,30,https://a99.mediacast.co.il/99fm/mediafiles/haboker_full_301019.mp3,,יום רביעי | 30/10/2019
31/10/2019,2019-10-31,יום חמישי,2019,10,אוקטובר,31,https://a99.mediacast.co.il/99fm/mediafiles/haboker_full_311019.mp3,,יום חמישי | 31/10/2019
10/11/2019,2019-11-10,יום ראשון,2019,11,נובמבר,10,https://a99.mediacast.co.il/99fm/mediafiles/haboker_full_101119.mp3,,יום ראשון | 10/11/2019
11/11/2019,2019-11-11,יום שני,2019,11,נובמבר,11,https://a99.mediacast.co.il/99fm/mediafiles/haboker_full_111119.mp3,,יום שני | 11/11/2019
12/11/2019,2019-11-12,יום שלישי,2019,11,נובמבר,12,https://a99.mediacast.co.il/99fm/mediafiles/haboker_full_121119.mp3,,יום שלישי | 12/11/2019
13/11/2019,2019-11-13,יום רביעי,2019,11,נובמבר,13,https://a99.mediacast.co.il/99fm/mediafiles/haboker_full_131119.mp3,,יום רביעי | 13/11/2019
14/11/2019,2019-11-14,יום חמישי,2019,11,נובמבר,14,https://a99.mediacast.co.il/99fm/mediafiles/haboker_full_141119.mp3,,יום חמישי | 14/11/2019
17/11/2019,2019-11-17,יום ראשון,2019,11,נובמבר,17,https://a99.mediacast.co.il/99fm/mediafiles/haboker_full_171119.mp3,,יום ראשון | 17/11/2019
18/11/2019,2019-11-18,יום שני,2019,11,נובמבר,18,https://a99.mediacast.co.il/99fm/mediafiles/haboker_full_181119.mp3,,יום שני | 18/11/2019
19/11/2019,2019-11-19,יום שלישי,2019,11,נובמבר,19,https://a99.mediacast.co.il/99fm/mediafiles/haboker_full_191119.mp3,,יום שלישי | 19/11/2019
20/11/2019,2019-11-20,יום רביעי,2019,11,נובמבר,20,https://a99.mediacast.co.il/99fm/mediafiles/haboker_full_201119.mp3,,יום רביעי | 20/11/2019
21/11/2019,2019-11-21,יום חמישי,2019,11,נובמבר,21,https://a99.mediacast.co.il/99fm/mediafiles/haboker_full_211119.mp3,,יום חמישי | 21/11/2019
24/11/2019,2019-11-24,יום ראשון,2019,11,נובמבר,24,https://a99.mediacast.co.il/99fm/mediafiles/haboker_full_241119.mp3,,יום ראשון | 24/11/2019
25/11/2019,2019-11-25,יום שני,2019,11,נובמבר,25,https://a99.mediacast.co.il/99fm/mediafiles/haboker_full_251119.mp3,,יום שני | 25/11/2019
26/11/2019,2019-11-26,יום שלישי,2019,11,נובמבר,26,https://a99.mediacast.co.il/99fm/mediafiles/haboker_full_261119.mp3,,יום שלישי | 26/11/2019
27/11/2019,2019-11-27,יום רביעי,2019,11,נובמבר,27,https://a99.mediacast.co.il/99fm/mediafiles/haboker_full_271119.mp3,,יום רביעי | 27/11/2019
28/11/2019,2019-11-28,יום חמישי,2019,11,נובמבר,28,https://a99.mediacast.co.il/99fm/mediafiles/haboker_full_281119.mp3,,יום חמישי | 28/11/2019
01/12/2019,2019-12-01,יום ראשון,2019,12,דצמבר,1,https://a99.mediacast.co.il/99fm/mediafiles/haboker_full_011219.mp3,,יום ראשון | 01/12/2019
02/12/2019,2019-12-02,יום שני,2019,12,דצמבר,2,https://a99.mediacast.co.il/99fm/mediafiles/haboker_full_021219.mp3,,יום שני | 02/12/2019
03/12/2019,2019-12-03,יום שלישי,2019,12,דצמבר,3,https://a99.mediacast.co.il/99fm/mediafiles/haboker_full_031219.mp3,,יום שלישי | 03/12/2019
04/12/2019,2019-12-04,יום רביעי,2019,12,דצמבר,4,https://a99.mediacast.co.il/99fm/mediafiles/haboker_full_041219.mp3,,יום רביעי | 04/12/2019
05/12/2019,2019-12-05,יום חמישי,2019,12,דצמבר,5,https://a99.mediacast.co.il/99fm/mediafiles/haboker_full_051219.mp3,,יום חמישי | 05/12/2019
08/12/2019,2019-12-08,יום ראשון,2019,12,דצמבר,8,https://a99.mediacast.co.il/99fm/mediafiles/haboker_full_081219.mp3,,יום ראשון | 08/12/2019
09/12/2019,2019-12-09,יום שני,2019,12,דצמבר,9,https://a99.mediacast.co.il/99fm/mediafiles/haboker_full_091219.mp3,,יום שני | 09/12/2019
10/12/2019,2019-12-10,יום שלישי,2019,12,דצמבר,10,https://a99.mediacast.co.il/99fm/mediafiles/haboker_full_101219.mp3,,יום שלישי | 10/12/2019
11/12/2019,2019-12-11,יום רביעי,2019,12,דצמבר,11,https://a99.mediacast.co.il/99fm/mediafiles/haboker_full_111219.mp3,,יום רביעי | 11/12/2019
12/12/2019,2019-12-12,יום חמישי,2019,12,דצמבר,12,https://a99.mediacast.co.il/99fm/mediafiles/haboker_full_121219.mp3,,יום חמישי | 12/12/2019
15/12/2019,2019-12-15,יום ראשון,2019,12,דצמבר,15,https://a99.mediacast.co.il/99fm/mediafiles/haboker_full_151219.mp3,,יום ראשון | 15/12/2019
16/12/2019,2019-12-16,יום שני,2019,12,דצמבר,16,https://a99.mediacast.co.il/99fm/mediafiles/haboker_full_161219.mp3,,יום שני | 16/12/2019
17/12/2019,2019-12-17,יום שלישי,2019,12,דצמבר,17,https://a99.mediacast.co.il/99fm/mediafiles/haboker_full_171219.mp3,,יום שלישי | 17/12/2019
18/12/2019,2019-12-18,יום רביעי,2019,12,דצמבר,18,https://a99.mediacast.co.il/99fm/mediafiles/haboker_full_181219.mp3,,יום רביעי | 18/12/2019
19/12/2019,2019-12-19,יום חמישי,2019,12,דצמבר,19,https://a99.mediacast.co.il/99fm/mediafiles/haboker_full_191219.mp3,,יום חמישי | 19/12/2019
22/12/2019,2019-12-22,יום ראשון,2019,12,דצמבר,22,https://a99.mediacast.co.il/99fm/mediafiles/haboker_full_221219.mp3,,יום ראשון | 22/12/2019
23/12/2019,2019-12-23,יום שני,2019,12,דצמבר,23,https://a99.mediacast.co.il/99fm/mediafiles/haboker_full_231219.mp3,,יום שני | 23/12/2019
24/12/2019,2019-12-24,יום שלישי,2019,12,דצמבר,24,https://a99.mediacast.co.il/99fm/mediafiles/haboker_full_241219.mp3,,יום שלישי | 24/12/2019
25/12/2019,2019-12-25,יום רביעי,2019,12,דצמבר,25,https://a99.mediacast.co.il/99fm/mediafiles/haboker_full_251219.mp3,,יום רביעי | 25/12/2019
26/12/2019,2019-12-26,יום חמישי,2019,12,דצמבר,26,https://a99.mediacast.co.il/99fm/mediafiles/haboker_full_261219.mp3,,יום חמישי | 26/12/2019
29/12/2019,2019-12-29,יום ראשון,2019,12,דצמבר,29,https://a99.mediacast.co.il/99fm/mediafiles/haboker_full_291219.mp3,,יום ראשון | 29/12/2019
31/12/2019,2019-12-31,יום שלישי,2019,12,דצמבר,31,https://a99.mediacast.co.il/99fm/mediafiles/haboker_full_311219.mp3,,יום שלישי | 31/12/2019
01/01/2020,2020-01-01,יום רביעי,2020,1,ינואר,1,https://a99.mediacast.co.il/99fm/mediafiles/haboker_full_010120.mp3,,יום רביעי | 01/01/2020
02/01/2020,2020-01-02,יום חמישי,2020,1,ינואר,2,https://a99.mediacast.co.il/99fm/mediafiles/haboker_full_020120.mp3,,יום חמישי | 02/01/2020
05/01/2020,2020-01-05,יום ראשון,2020,1,ינואר,5,https://a99.mediacast.co.il/99fm/mediafiles/haboker_full_050120.mp3,,יום ראשון | 05/01/2020
06/01/2020,2020-01-06,יום שני,2020,1,ינואר,6,https://a99.mediacast.co.il/99fm/mediafiles/haboker_full_060120.mp3,,יום שני | 06/01/2020
07/01/2020,2020-01-07,יום שלישי,2020,1,ינואר,7,https://a99.mediacast.co.il/99fm/mediafiles/haboker_full_070120.mp3,,יום שלישי | 07/01/2020
08/01/2020,2020-01-08,יום רביעי,2020,1,ינואר,8,https://a99.mediacast.co.il/99fm/mediafiles/haboker_full_080120.mp3,,יום רביעי | 08/01/2020
09/01/2020,2020-01-09,יום חמישי,2020,1,ינואר,9,https://a99.mediacast.co.il/99fm/mediafiles/haboker_full_090120.mp3,,יום חמישי | 09/01/2020
12/01/2020,2020-01-12,יום ראשון,2020,1,ינואר,12,https://a99.mediacast.co.il/99fm/mediafiles/haboker_full_120120.mp3,,יום ראשון | 12/01/2020
13/01/2020,2020-01-13,יום שני,2020,1,ינואר,13,https://a99.mediacast.co.il/99fm/mediafiles/haboker_full_130120.mp3,,יום שני | 13/01/2020
14/01/2020,2020-01-14,יום שלישי,2020,1,ינואר,14,https://a99.mediacast.co.il/99fm/mediafiles/haboker_full_140120.mp3,,יום שלישי | 14/01/2020
15/01/2020,2020-01-15,יום רביעי,2020,1,ינואר,15,https://a99.mediacast.co.il/99fm/mediafiles/haboker_full_150120.mp3,,יום רביעי | 15/01/2020
16/01/2020,2020-01-16,יום חמישי,2020,1,ינואר,16,https://a99.mediacast.co.il/99fm/mediafiles/haboker_full_160120.mp3,,יום חמישי | 16/01/2020
19/01/2020,2020-01-19,יום ראשון,2020,1,ינואר,19,https://a99.mediacast.co.il/99fm/mediafiles/haboker_full_190120.mp3,,יום ראשון | 19/01/2020
20/01/2020,2020-01-20,יום שני,2020,1,ינואר,20,https://a99.mediacast.co.il/99fm/mediafiles/haboker_full_200120.mp3,,יום שני | 20/01/2020
21/01/2020,2020-01-21,יום שלישי,2020,1,ינואר,21,https://a99.mediacast.co.il/99fm/mediafiles/haboker_full_210120.mp3,,יום שלישי | 21/01/2020
22/01/2020,2020-01-22,יום רביעי,2020,1,ינואר,22,https://a99.mediacast.co.il/99fm/mediafiles/haboker_full_220120.mp3,,יום רביעי | 22/01/2020
23/01/2020,2020-01-23,יום חמישי,2020,1,ינואר,23,https://a99.mediacast.co.il/99fm/mediafiles/haboker_full_230120.mp3,,יום חמישי | 23/01/2020
26/01/2020,2020-01-26,יום ראשון,2020,1,ינואר,26,https://a99.mediacast.co.il/99fm/mediafiles/haboker_full_260120.mp3,,יום ראשון | 26/01/2020
27/01/2020,2020-01-27,יום שני,2020,1,ינואר,27,https://a99.mediacast.co.il/99fm/mediafiles/haboker_full_270120.mp3,,יום שני | 27/01/2020
28/01/2020,2020-01-28,יום שלישי,2020,1,ינואר,28,https://a99.mediacast.co.il/99fm/mediafiles/haboker_full_280120.mp3,,יום שלישי | 28/01/2020
29/01/2020,2020-01-29,יום רביעי,2020,1,ינואר,29,https://a99.mediacast.co.il/99fm/mediafiles/haboker_full_290120.mp3,,יום רביעי | 29/01/2020
30/01/2020,2020-01-30,יום חמישי,2020,1,ינואר,30,https://a99.mediacast.co.il/99fm/mediafiles/haboker_full_300120.mp3,,יום חמישי | 30/01/2020
02/02/2020,2020-02-02,יום ראשון,2020,2,פברואר,2,https://a99.mediacast.co.il/99fm/mediafiles/haboker_full_020220.mp3,,יום ראשון | 02/02/2020
03/02/2020,2020-02-03,יום שני,2020,2,פברואר,3,https://a99.mediacast.co.il/99fm/mediafiles/haboker_full_030220.mp3,,יום שני | 03/02/2020
04/02/2020,2020-02-04,יום שלישי,2020,2,פברואר,4,https://a99.mediacast.co.il/99fm/mediafiles/haboker_full_040220.mp3,,יום שלישי | 04/02/2020
05/02/2020,2020-02-05,יום רביעי,2020,2,פברואר,5,https://a99.mediacast.co.il/99fm/mediafiles/haboker_full_050220.mp3,,יום רביעי | 05/02/2020
06/02/2020,2020-02-06,יום חמישי,2020,2,פברואר,6,https://a99.mediacast.co.il/99fm/mediafiles/haboker_full_060220.mp3,,יום חמישי | 06/02/2020
09/02/2020,2020-02-09,יום ראשון,2020,2,פברואר,9,https://a99.mediacast.co.il/99fm/mediafiles/haboker_full_090220.mp3,,יום ראשון | 09/02/2020
10/02/2020,2020-02-10,יום שני,2020,2,פברואר,10,https://a99.mediacast.co.il/99fm/mediafiles/haboker_full_100220.mp3,,יום שני | 10/02/2020
11/02/2020,2020-02-11,יום שלישי,2020,2,פברואר,11,https://a99.mediacast.co.il/99fm/mediafiles/haboker_full_110220.mp3,,יום שלישי | 11/02/2020
12/02/2020,2020-02-12,יום רביעי,2020,2,פברואר,12,https://a99.mediacast.co.il/99fm/mediafiles/haboker_full_120220.mp3,,יום רביעי | 12/02/2020
13/02/2020,2020-02-13,יום חמישי,2020,2,פברואר,13,https://a99.mediacast.co.il/99fm/mediafiles/haboker_full_130220.mp3,,יום חמישי | 13/02/2020
16/02/2020,2020-02-16,יום ראשון,2020,2,פברואר,16,https://a99.mediacast.co.il/99fm/mediafiles/haboker_full_160220.mp3,,יום ראשון | 16/02/2020
17/02/2020,2020-02-17,יום שני,2020,2,פברואר,17,https://a99.mediacast.co.il/99fm/mediafiles/haboker_full_170220.mp3,,יום שני | 17/02/2020
18/02/2020,2020-02-18,יום שלישי,2020,2,פברואר,18,https://a99.mediacast.co.il/99fm/mediafiles/haboker_full_180220.mp3,,יום שלישי | 18/02/2020
19/02/2020,2020-02-19,יום רביעי,2020,2,פברואר,19,https://a99.mediacast.co.il/99fm/mediafiles/haboker_full_190220.mp3,,יום רביעי | 19/02/2020
20/02/2020,2020-02-20,יום חמישי,2020,2,פברואר,20,https://a99.mediacast.co.il/99fm/mediafiles/haboker_full_200220.mp3,,יום חמישי | 20/02/2020
23/02/2020,2020-02-23,יום ראשון,2020,2,פברואר,23,https://a99.mediacast.co.il/99fm/mediafiles/haboker_full_230220.mp3,,יום ראשון | 23/02/2020
24/02/2020,2020-02-24,יום שני,2020,2,פברואר,24,https://a99.mediacast.co.il/99fm/mediafiles/haboker_full_240220.mp3,,יום שני | 24/02/2020
25/02/2020,2020-02-25,יום שלישי,2020,2,פברואר,25,https://a99.mediacast.co.il/99fm/mediafiles/haboker_full_250220.mp3,,יום שלישי | 25/02/2020
26/02/2020,2020-02-26,יום רביעי,2020,2,פברואר,26,https://a99.mediacast.co.il/99fm/mediafiles/haboker_full_260220.mp3,,יום רביעי | 26/02/2020
27/02/2020,2020-02-27,יום חמישי,2020,2,פברואר,27,https://a99.mediacast.co.il/99fm/mediafiles/haboker_full_270220.mp3,,יום חמישי | 27/02/2020
01/03/2020,2020-03-01,יום ראשון,2020,3,מרץ,1,https://a99.mediacast.co.il/99fm/mediafiles/haboker_full_010320.mp3,,יום ראשון | 01/03/2020
02/03/2020,2020-03-02,יום שני,2020,3,מרץ,2,https://a99.mediacast.co.il/99fm/mediafiles/haboker_full_020320.mp3,,יום שני | 02/03/2020
03/03/2020,2020-03-03,יום שלישי,2020,3,מרץ,3,https://a99.mediacast.co.il/99fm/mediafiles/haboker_full_030320.mp3,,יום שלישי | 03/03/2020
04/03/2020,2020-03-04,יום רביעי,2020,3,מרץ,4,https://a99.mediacast.co.il/99fm/mediafiles/haboker_full_040320.mp3,,יום רביעי | 04/03/2020
05/03/2020,2020-03-05,יום חמישי,2020,3,מרץ,5,https://a99.mediacast.co.il/99fm/mediafiles/haboker_full_050320.mp3,,יום חמישי | 05/03/2020
08/03/2020,2020-03-08,יום ראשון,2020,3,מרץ,8,https://a99.mediacast.co.il/99fm/mediafiles/haboker_full_080320.mp3,,יום ראשון | 08/03/2020
09/03/2020,2020-03-09,יום שני,2020,3,מרץ,9,https://a99.mediacast.co.il/99fm/mediafiles/haboker_full_090320.mp3,,יום שני | 09/03/2020
10/03/2020,2020-03-10,יום שלישי,2020,3,מרץ,10,https://a99.mediacast.co.il/99fm/mediafiles/haboker_full_100320.mp3,,יום שלישי | 10/03/2020
11/03/2020,2020-03-11,יום רביעי,2020,3,מרץ,11,https://a99.mediacast.co.il/99fm/mediafiles/haboker_full_110320.mp3,,יום רביעי | 11/03/2020
12/03/2020,2020-03-12,יום חמישי,2020,3,מרץ,12,https://a99.mediacast.co.il/99fm/mediafiles/haboker_full_120320.mp3,,יום חמישי | 12/03/2020
15/03/2020,2020-03-15,יום ראשון,2020,3,מרץ,15,https://a99.mediacast.co.il/99fm/mediafiles/haboker_full_150320.mp3,,יום ראשון | 15/03/2020
16/03/2020,2020-03-16,יום שני,2020,3,מרץ,16,https://a99.mediacast.co.il/99fm/mediafiles/haboker_full_160320.mp3,,יום שני | 16/03/2020
17/03/2020,2020-03-17,יום שלישי,2020,3,מרץ,17,https://a99.mediacast.co.il/99fm/mediafiles/haboker_full_170320.mp3,,יום שלישי | 17/03/2020
18/03/2020,2020-03-18,יום רביעי,2020,3,מרץ,18,https://a99.mediacast.co.il/99fm/mediafiles/haboker_full_180320.mp3,,יום רביעי | 18/03/2020
19/03/2020,2020-03-19,יום חמישי,2020,3,מרץ,19,https://a99.mediacast.co.il/99fm/mediafiles/haboker_full_190320.mp3,,יום חמישי | 19/03/2020
22/03/2020,2020-03-22,יום ראשון,2020,3,מרץ,22,https://a99.mediacast.co.il/99fm/mediafiles/haboker_full_220320.mp3,,יום ראשון | 22/03/2020
23/03/2020,2020-03-23,יום שני,2020,3,מרץ,23,https://a99.mediacast.co.il/99fm/mediafiles/haboker_full_230320.mp3,,יום שני | 23/03/2020
24/03/2020,2020-03-24,יום שלישי,2020,3,מרץ,24,https://a99.mediacast.co.il/99fm/mediafiles/haboker_full_240320.mp3,,יום שלישי | 24/03/2020
25/03/2020,2020-03-25,יום רביעי,2020,3,מרץ,25,https://a99.mediacast.co.il/99fm/mediafiles/haboker_full_250320.mp3,,יום רביעי | 25/03/2020
26/03/2020,2020-03-26,יום חמישי,2020,3,מרץ,26,https://a99.mediacast.co.il/99fm/mediafiles/haboker_full_260320.mp3,,יום חמישי | 26/03/2020
30/03/2020,2020-03-30,יום שני,2020,3,מרץ,30,https://a99.mediacast.co.il/99fm/mediafiles/haboker_full_300320.mp3,,יום שני | 30/03/2020
31/03/2020,2020-03-31,יום שלישי,2020,3,מרץ,31,https://a99.mediacast.co.il/99fm/mediafiles/haboker_full_310320.mp3,,יום שלישי | 31/03/2020
01/04/2020,2020-04-01,יום רביעי,2020,4,אפריל,1,https://a99.mediacast.co.il/99fm/mediafiles/haboker_full_010420.mp3,,יום רביעי | 01/04/2020
02/04/2020,2020-04-02,יום חמישי,2020,4,אפריל,2,https://a99.mediacast.co.il/99fm/mediafiles/haboker_full_020420.mp3,,יום חמישי | 02/04/2020
05/04/2020,2020-04-05,יום ראשון,2020,4,אפריל,5,https://a99.mediacast.co.il/99fm/mediafiles/haboker_full_050420.mp3,,יום ראשון | 05/04/2020
06/04/2020,2020-04-06,יום שני,2020,4,אפריל,6,https://a99.mediacast.co.il/99fm/mediafiles/haboker_full_060420.mp3,,יום שני | 06/04/2020
07/04/2020,2020-04-07,יום שלישי,2020,4,אפריל,7,https://a99.mediacast.co.il/99fm/mediafiles/haboker_full_070420.mp3,,יום שלישי | 07/04/2020
19/04/2020,2020-04-19,יום ראשון,2020,4,אפריל,19,https://a99.mediacast.co.il/99fm/mediafiles/haboker_full_190420.mp3,,יום ראשון | 19/04/2020
20/04/2020,2020-04-20,יום שני,2020,4,אפריל,20,https://a99.mediacast.co.il/99fm/mediafiles/haboker_full_200420.mp3,,יום שני | 20/04/2020
22/04/2020,2020-04-22,יום רביעי,2020,4,אפריל,22,https://a99.mediacast.co.il/99fm/mediafiles/haboker_full_220420.mp3,,יום רביעי | 22/04/2020
23/04/2020,2020-04-23,יום חמישי,2020,4,אפריל,23,https://a99.mediacast.co.il/99fm/mediafiles/haboker_full_230420.mp3,,יום חמישי | 23/04/2020
26/04/2020,2020-04-26,יום ראשון,2020,4,אפריל,26,https://a99.mediacast.co.il/99fm/mediafiles/haboker_full_260420.mp3,,יום ראשון | 26/04/2020
27/04/2020,2020-04-27,יום שני,2020,4,אפריל,27,https://a99.mediacast.co.il/99fm/mediafiles/haboker_full_270420.mp3,,יום שני | 27/04/2020
30/04/2020,2020-04-30,יום חמישי,2020,4,אפריל,30,https://a99.mediacast.co.il/99fm/mediafiles/haboker_full_300420.mp3,,יום חמישי | 30/04/2020
03/05/2020,2020-05-03,יום ראשון,2020,5,מאי,3,https://a99.mediacast.co.il/99fm/mediafiles/haboker_full_030520.mp3,,יום ראשון | 03/05/2020
04/05/2020,2020-05-04,יום שני,2020,5,מאי,4,https://a99.mediacast.co.il/99fm/mediafiles/haboker_full_040520.mp3,,יום שני | 04/05/2020
05/05/2020,2020-05-05,יום שלישי,2020,5,מאי,5,https://a99.mediacast.co.il/99fm/mediafiles/haboker_full_050520.mp3,,יום שלישי | 05/05/2020
06/05/2020,2020-05-06,יום רביעי,2020,5,מאי,6,https://a99.mediacast.co.il/99fm/mediafiles/haboker_full_060520.mp3,,יום רביעי | 06/05/2020
07/05/2020,2020-05-07,יום חמישי,2020,5,מאי,7,https://a99.mediacast.co.il/99fm/mediafiles/haboker_full_070520.mp3,,יום חמישי | 07/05/2020
10/05/2020,2020-05-10,יום ראשון,2020,5,מאי,10,https://a99.mediacast.co.il/99fm/mediafiles/haboker_full_100520.mp3,,יום ראשון | 10/05/2020
11/05/2020,2020-05-11,יום שני,2020,5,מאי,11,https://a99.mediacast.co.il/99fm/mediafiles/haboker_full_110520.mp3,,יום שני | 11/05/2020
12/05/2020,2020-05-12,יום שלישי,2020,5,מאי,12,https://a99.mediacast.co.il/99fm/mediafiles/haboker_full_120520.mp3,,יום שלישי | 12/05/2020
13/05/2020,2020-05-13,יום רביעי,2020,5,מאי,13,https://a99.mediacast.co.il/99fm/mediafiles/haboker_full_130520.mp3,,יום רביעי | 13/05/2020
14/05/2020,2020-05-14,יום חמישי,2020,5,מאי,14,https://a99.mediacast.co.il/99fm/mediafiles/haboker_full_140520.mp3,,יום חמישי | 14/05/2020
17/05/2020,2020-05-17,יום ראשון,2020,5,מאי,17,https://a99.mediacast.co.il/99fm/mediafiles/haboker_full_170520.mp3,,יום ראשון | 17/05/2020
18/05/2020,2020-05-18,יום שני,2020,5,מאי,18,https://a99.mediacast.co.il/99fm/mediafiles/haboker_full_180520.mp3,,יום שני | 18/05/2020
19/05/2020,2020-05-19,יום שלישי,2020,5,מאי,19,https://a99.mediacast.co.il/99fm/mediafiles/haboker_full_190520.mp3,,יום שלישי | 19/05/2020
20/05/2020,2020-05-20,יום רביעי,2020,5,מאי,20,https://a99.mediacast.co.il/99fm/mediafiles/haboker_full_200520.mp3,,יום רביעי | 20/05/2020
21/05/2020,2020-05-21,יום חמישי,2020,5,מאי,21,https://a99.mediacast.co.il/99fm/mediafiles/haboker_full_210520.mp3,,יום חמישי | 21/05/2020
24/05/2020,2020-05-24,יום ראשון,2020,5,מאי,24,https://a99.mediacast.co.il/99fm/mediafiles/haboker_full_240520.mp3,,יום ראשון | 24/05/2020
25/05/2020,2020-05-25,יום שני,2020,5,מאי,25,https://a99.mediacast.co.il/99fm/mediafiles/haboker_full_250520.mp3,,יום שני | 25/05/2020
26/05/2020,2020-05-26,יום שלישי,2020,5,מאי,26,https://a99.mediacast.co.il/99fm/mediafiles/haboker_full_260520.mp3,,יום שלישי | 26/05/2020
27/05/2020,2020-05-27,יום רביעי,2020,5,מאי,27,https://a99.mediacast.co.il/99fm/mediafiles/haboker_full_270520.mp3,,יום רביעי | 27/05/2020
31/05/2020,2020-05-31,יום ראשון,2020,5,מאי,31,https://a99.mediacast.co.il/99fm/mediafiles/haboker_full_310520.mp3,,יום ראשון | 31/05/2020
01/06/2020,2020-06-01,יום שני,2020,6,יוני,1,https://a99.mediacast.co.il/99fm/mediafiles/haboker_full_010620.mp3,,יום שני | 01/06/2020
02/06/2020,2020-06-02,יום שלישי,2020,6,יוני,2,https://a99.mediacast.co.il/99fm/mediafiles/haboker_full_020620.mp3,,יום שלישי | 02/06/2020
03/06/2020,2020-06-03,יום רביעי,2020,6,יוני,3,https://a99.mediacast.co.il/99fm/mediafiles/haboker_full_030620.mp3,,יום רביעי | 03/06/2020
04/06/2020,2020-06-04,יום חמישי,2020,6,יוני,4,https://a99.mediacast.co.il/99fm/mediafiles/haboker_full_040620.mp3,,יום חמישי | 04/06/2020
08/06/2020,2020-06-08,יום שני,2020,6,יוני,8,https://a99.mediacast.co.il/99fm/mediafiles/haboker_full_080620.mp3,,יום שני | 08/06/2020
09/06/2020,2020-06-09,יום שלישי,2020,6,יוני,9,https://a99.mediacast.co.il/99fm/mediafiles/haboker_full_090620.mp3,,יום שלישי | 09/06/2020
10/06/2020,2020-06-10,יום רביעי,2020,6,יוני,10,https://a99.mediacast.co.il/99fm/mediafiles/haboker_full_100620.mp3,,יום רביעי | 10/06/2020
11/06/2020,2020-06-11,יום חמישי,2020,6,יוני,11,https://a99.mediacast.co.il/99fm/mediafiles/haboker_full_110620.mp3,,יום חמישי | 11/06/2020
14/06/2020,2020-06-14,יום ראשון,2020,6,יוני,14,https://a99.mediacast.co.il/99fm/mediafiles/haboker_full_140620.mp3,,יום ראשון | 14/06/2020
15/06/2020,2020-06-15,יום שני,2020,6,יוני,15,https://a99.mediacast.co.il/99fm/mediafiles/haboker_full_150620.mp3,,יום שני | 15/06/2020
16/06/2020,2020-06-16,יום שלישי,2020,6,יוני,16,https://a99.mediacast.co.il/99fm/mediafiles/haboker_full_160620.mp3,,יום שלישי | 16/06/2020
17/06/2020,2020-06-17,יום רביעי,2020,6,יוני,17,https://a99.mediacast.co.il/99fm/mediafiles/haboker_full_170620.mp3,,יום רביעי | 17/06/2020
18/06/2020,2020-06-18,יום חמישי,2020,6,יוני,18,https://a99.mediacast.co.il/99fm/mediafiles/haboker_full_180620.mp3,,יום חמישי | 18/06/2020
21/06/2020,2020-06-21,יום ראשון,2020,6,יוני,21,https://a99.mediacast.co.il/99fm/mediafiles/haboker_full_210620.mp3,,יום ראשון | 21/06/2020
22/06/2020,2020-06-22,יום שני,2020,6,יוני,22,https://a99.mediacast.co.il/99fm/mediafiles/haboker_full_220620.mp3,,יום שני | 22/06/2020
23/06/2020,2020-06-23,יום שלישי,2020,6,יוני,23,https://a99.mediacast.co.il/99fm/mediafiles/haboker_full_230620.mp3,,יום שלישי | 23/06/2020
24/06/2020,2020-06-24,יום רביעי,2020,6,יוני,24,https://a99.mediacast.co.il/99fm/mediafiles/haboker_full_240620.mp3,,יום רביעי | 24/06/2020
25/06/2020,2020-06-25,יום חמישי,2020,6,יוני,25,https://a99.mediacast.co.il/99fm/mediafiles/haboker_full_250620.mp3,,יום חמישי | 25/06/2020
28/06/2020,2020-06-28,יום ראשון,2020,6,יוני,28,https://a99.mediacast.co.il/99fm/mediafiles/haboker_full_280620.mp3,,יום ראשון | 28/06/2020
29/06/2020,2020-06-29,יום שני,2020,6,יוני,29,https://a99.mediacast.co.il/99fm/mediafiles/haboker_full_290620.mp3,,יום שני | 29/06/2020
30/06/2020,2020-06-30,יום שלישי,2020,6,יוני,30,https://a99.mediacast.co.il/99fm/mediafiles/haboker_full_300620.mp3,,יום שלישי | 30/06/2020
01/07/2020,2020-07-01,יום רביעי,2020,7,יולי,1,https://a99.mediacast.co.il/99fm/mediafiles/haboker_full_010720.mp3,,יום רביעי | 01/07/2020
02/07/2020,2020-07-02,יום חמישי,2020,7,יולי,2,https://a99.mediacast.co.il/99fm/mediafiles/haboker_full_020720.mp3,,יום חמישי | 02/07/2020
05/07/2020,2020-07-05,יום ראשון,2020,7,יולי,5,https://a99.mediacast.co.il/99fm/mediafiles/haboker_full_050720.mp3,,יום ראשון | 05/07/2020
06/07/2020,2020-07-06,יום שני,2020,7,יולי,6,https://a99.mediacast.co.il/99fm/mediafiles/haboker_full_060720.mp3,,יום שני | 06/07/2020
07/07/2020,2020-07-07,יום שלישי,2020,7,יולי,7,https://a99.mediacast.co.il/99fm/mediafiles/haboker_full_070720.mp3,,יום שלישי | 07/07/2020
08/07/2020,2020-07-08,יום רביעי,2020,7,יולי,8,https://a99.mediacast.co.il/99fm/mediafiles/haboker_full_080720.mp3,,יום רביעי | 08/07/2020
09/07/2020,2020-07-09,יום חמישי,2020,7,יולי,9,https://a99.mediacast.co.il/99fm/mediafiles/haboker_full_090720.mp3,,יום חמישי | 09/07/2020
12/07/2020,2020-07-12,יום ראשון,2020,7,יולי,12,https://a99.mediacast.co.il/99fm/mediafiles/haboker_full_120720.mp3,,יום ראשון | 12/07/2020
13/07/2020,2020-07-13,יום שני,2020,7,יולי,13,https://a99.mediacast.co.il/99fm/mediafiles/haboker_full_130720.mp3,,יום שני | 13/07/2020
14/07/2020,2020-07-14,יום שלישי,2020,7,יולי,14,https://a99.mediacast.co.il/99fm/mediafiles/haboker_full_140720.mp3,,יום שלישי | 14/07/2020
15/07/2020,2020-07-15,יום רביעי,2020,7,יולי,15,https://a99.mediacast.co.il/99fm/mediafiles/haboker_full_150720.mp3,,יום רביעי | 15/07/2020
16/07/2020,2020-07-16,יום חמישי,2020,7,יולי,16,https://a99.mediacast.co.il/99fm/mediafiles/haboker_full_160720.mp3,,יום חמישי | 16/07/2020
19/07/2020,2020-07-19,יום ראשון,2020,7,יולי,19,https://a99.mediacast.co.il/99fm/mediafiles/haboker_full_190720.mp3,,יום ראשון | 19/07/2020
20/07/2020,2020-07-20,יום שני,2020,7,יולי,20,https://a99.mediacast.co.il/99fm/mediafiles/haboker_full_200720.mp3,,יום שני | 20/07/2020
21/07/2020,2020-07-21,יום שלישי,2020,7,יולי,21,https://a99.mediacast.co.il/99fm/mediafiles/haboker_full_210720.mp3,,יום שלישי | 21/07/2020
22/07/2020,2020-07-22,יום רביעי,2020,7,יולי,22,https://a99.mediacast.co.il/99fm/mediafiles/haboker_full_220720.mp3,,יום רביעי | 22/07/2020
23/07/2020,2020-07-23,יום חמישי,2020,7,יולי,23,https://a99.mediacast.co.il/99fm/mediafiles/haboker_full_230720.mp3,,יום חמישי | 23/07/2020
26/07/2020,2020-07-26,יום ראשון,2020,7,יולי,26,https://a99.mediacast.co.il/99fm/mediafiles/haboker_full_260720.mp3,,יום ראשון | 26/07/2020
27/07/2020,2020-07-27,יום שני,2020,7,יולי,27,https://a99.mediacast.co.il/99fm/mediafiles/haboker_full_270720.mp3,,יום שני | 27/07/2020
28/07/2020,2020-07-28,יום שלישי,2020,7,יולי,28,https://a99.mediacast.co.il/99fm/mediafiles/haboker_full_280720.mp3,,יום שלישי | 28/07/2020
29/07/2020,2020-07-29,יום רביעי,2020,7,יולי,29,https://a99.mediacast.co.il/99fm/mediafiles/haboker_full_290720.mp3,,יום רביעי | 29/07/2020
02/08/2020,2020-08-02,יום ראשון,2020,8,אוגוסט,2,https://a99.mediacast.co.il/99fm/mediafiles/haboker_full_020820.mp3,,יום ראשון | 02/08/2020
03/08/2020,2020-08-03,יום שני,2020,8,אוגוסט,3,https://a99.mediacast.co.il/99fm/mediafiles/haboker_full_030820.mp3,,יום שני | 03/08/2020
04/08/2020,2020-08-04,יום שלישי,2020,8,אוגוסט,4,https://a99.mediacast.co.il/99fm/mediafiles/haboker_full_040820.mp3,,יום שלישי | 04/08/2020
05/08/2020,2020-08-05,יום רביעי,2020,8,אוגוסט,5,https://a99.mediacast.co.il/99fm/mediafiles/haboker_full_050820.mp3,,יום רביעי | 05/08/2020
06/08/2020,2020-08-06,יום חמישי,2020,8,אוגוסט,6,https://a99.mediacast.co.il/99fm/mediafiles/haboker_full_060820.mp3,,יום חמישי | 06/08/2020
09/08/2020,2020-08-09,יום ראשון,2020,8,אוגוסט,9,https://a99.mediacast.co.il/99fm/mediafiles/haboker_full_090820.mp3,,יום ראשון | 09/08/2020
10/08/2020,2020-08-10,יום שני,2020,8,אוגוסט,10,https://a99.mediacast.co.il/99fm/mediafiles/haboker_full_100820.mp3,,יום שני | 10/08/2020
11/08/2020,2020-08-11,יום שלישי,2020,8,אוגוסט,11,https://a99.mediacast.co.il/99fm/mediafiles/haboker_full_110820.mp3,,יום שלישי | 11/08/2020
12/08/2020,2020-08-12,יום רביעי,2020,8,אוגוסט,12,https://a99.mediacast.co.il/99fm/mediafiles/haboker_full_120820.mp3,,יום רביעי | 12/08/2020
13/08/2020,2020-08-13,יום חמישי,2020,8,אוגוסט,13,https://a99.mediacast.co.il/99fm/mediafiles/haboker_full_130820.mp3,,יום חמישי | 13/08/2020
16/08/2020,2020-08-16,יום ראשון,2020,8,אוגוסט,16,https://a99.mediacast.co.il/99fm/mediafiles/haboker_full_160820.mp3,,יום ראשון | 16/08/2020
17/08/2020,2020-08-17,יום שני,2020,8,אוגוסט,17,https://a99.mediacast.co.il/99fm/mediafiles/haboker_full_170820.mp3,,יום שני | 17/08/2020
18/08/2020,2020-08-18,יום שלישי,2020,8,אוגוסט,18,https://a99.mediacast.co.il/99fm/mediafiles/haboker_full_180820.mp3,,יום שלישי | 18/08/2020
19/08/2020,2020-08-19,יום רביעי,2020,8,אוגוסט,19,https://a99.mediacast.co.il/99fm/mediafiles/haboker_full_190820.mp3,,יום רביעי | 19/08/2020
20/08/2020,2020-08-20,יום חמישי,2020,8,אוגוסט,20,https://a99.mediacast.co.il/99fm/mediafiles/haboker_full_200820.mp3,,יום חמישי | 20/08/2020
23/08/2020,2020-08-23,יום ראשון,2020,8,אוגוסט,23,https://a99.mediacast.co.il/99fm/mediafiles/haboker_full_230820.mp3,,יום ראשון | 23/08/2020
24/08/2020,2020-08-24,יום שני,2020,8,אוגוסט,24,https://a99.mediacast.co.il/99fm/mediafiles/haboker_full_240820.mp3,,יום שני | 24/08/2020
25/08/2020,2020-08-25,יום שלישי,2020,8,אוגוסט,25,https://a99.mediacast.co.il/99fm/mediafiles/haboker_full_250820.mp3,,יום שלישי | 25/08/2020
26/08/2020,2020-08-26,יום רביעי,2020,8,אוגוסט,26,https://a99.mediacast.co.il/99fm/mediafiles/haboker_full_260820.mp3,,יום רביעי | 26/08/2020
27/08/2020,2020-08-27,יום חמישי,2020,8,אוגוסט,27,https://a99.mediacast.co.il/99fm/mediafiles/haboker_full_270820.mp3,,יום חמישי | 27/08/2020
30/08/2020,2020-08-30,יום ראשון,2020,8,אוגוסט,30,https://a99.mediacast.co.il/99fm/mediafiles/haboker_full_300820.mp3,,יום ראשון | 30/08/2020
31/08/2020,2020-08-31,יום שני,2020,8,אוגוסט,31,https://a99.mediacast.co.il/99fm/mediafiles/haboker_full_310820.mp3,,יום שני | 31/08/2020
01/09/2020,2020-09-01,יום שלישי,2020,9,ספטמבר,1,https://a99.mediacast.co.il/99fm/mediafiles/haboker_full_010920.mp3,,יום שלישי | 01/09/2020
02/09/2020,2020-09-02,יום רביעי,2020,9,ספטמבר,2,https://a99.mediacast.co.il/99fm/mediafiles/haboker_full_020920.mp3,,יום רביעי | 02/09/2020
03/09/2020,2020-09-03,יום חמישי,2020,9,ספטמבר,3,https://a99.mediacast.co.il/99fm/mediafiles/haboker_full_030920.mp3,,יום חמישי | 03/09/2020
06/09/2020,2020-09-06,יום ראשון,2020,9,ספטמבר,6,https://a99.mediacast.co.il/99fm/mediafiles/haboker_full_060920.mp3,,יום ראשון | 06/09/2020
07/09/2020,2020-09-07,יום שני,2020,9,ספטמבר,7,https://a99.mediacast.co.il/99fm/mediafiles/haboker_full_070920.mp3,,יום שני | 07/09/2020
08/09/2020,2020-09-08,יום שלישי,2020,9,ספטמבר,8,https://a99.mediacast.co.il/99fm/mediafiles/haboker_full_080920.mp3,,יום שלישי | 08/09/2020
09/09/2020,2020-09-09,יום רביעי,2020,9,ספטמבר,9,https://a99.mediacast.co.il/99fm/mediafiles/haboker_full_090920.mp3,,יום רביעי | 09/09/2020
10/09/2020,2020-09-10,יום חמישי,2020,9,ספטמבר,10,https://a99.mediacast.co.il/99fm/mediafiles/haboker_full_100920.mp3,,יום חמישי | 10/09/2020
13/09/2020,2020-09-13,יום ראשון,2020,9,ספטמבר,13,https://a99.mediacast.co.il/99fm/mediafiles/haboker_full_130920.mp3,,יום ראשון | 13/09/2020
14/09/2020,2020-09-14,יום שני,2020,9,ספטמבר,14,https://a99.mediacast.co.il/99fm/mediafiles/haboker_full_140920.mp3,,יום שני | 14/09/2020
15/09/2020,2020-09-15,יום שלישי,2020,9,ספטמבר,15,https://a99.mediacast.co.il/99fm/mediafiles/haboker_full_150920.mp3,,יום שלישי | 15/09/2020
16/09/2020,2020-09-16,יום רביעי,2020,9,ספטמבר,16,https://a99.mediacast.co.il/99fm/mediafiles/haboker_full_160920.mp3,,יום רביעי | 16/09/2020
17/09/2020,2020-09-17,יום חמישי,2020,9,ספטמבר,17,https://a99.mediacast.co.il/99fm/mediafiles/haboker_full_170920.mp3,,יום חמישי | 17/09/2020
21/09/2020,2020-09-21,יום שני,2020,9,ספטמבר,21,https://a99.mediacast.co.il/99fm/mediafiles/haboker_full_210920.mp3,,יום שני | 21/09/2020
22/09/2020,2020-09-22,יום שלישי,2020,9,ספטמבר,22,https://a99.mediacast.co.il/99fm/mediafiles/haboker_full_220920.mp3,,יום שלישי | 22/09/2020
23/09/2020,2020-09-23,יום רביעי,2020,9,ספטמבר,23,https://a99.mediacast.co.il/99fm/mediafiles/haboker_full_230920.mp3,,יום רביעי | 23/09/2020
24/09/2020,2020-09-24,יום חמישי,2020,9,ספטמבר,24,https://a99.mediacast.co.il/99fm/mediafiles/haboker_full_240920.mp3,,יום חמישי | 24/09/2020
11/10/2020,2020-10-11,יום ראשון,2020,10,אוקטובר,11,https://a99.mediacast.co.il/99fm/mediafiles/haboker_full_111020.mp3,,יום ראשון | 11/10/2020
12/10/2020,2020-10-12,יום שני,2020,10,אוקטובר,12,https://a99.mediacast.co.il/99fm/mediafiles/haboker_full_121020.mp3,,יום שני | 12/10/2020
13/10/2020,2020-10-13,יום שלישי,2020,10,אוקטובר,13,https://a99.mediacast.co.il/99fm/mediafiles/haboker_full_131020.mp3,,יום שלישי | 13/10/2020
14/10/2020,2020-10-14,יום רביעי,2020,10,אוקטובר,14,https://a99.mediacast.co.il/99fm/mediafiles/haboker_full_141020.mp3,,יום רביעי | 14/10/2020
15/10/2020,2020-10-15,יום חמישי,2020,10,אוקטובר,15,https://a99.mediacast.co.il/99fm/mediafiles/haboker_full_151020.mp3,,יום חמישי | 15/10/2020
18/10/2020,2020-10-18,יום ראשון,2020,10,אוקטובר,18,https://a99.mediacast.co.il/99fm/mediafiles/haboker_full_181020.mp3,,יום ראשון | 18/10/2020
19/10/2020,2020-10-19,יום שני,2020,10,אוקטובר,19,https://a99.mediacast.co.il/99fm/mediafiles/haboker_full_191020.mp3,,יום שני | 19/10/2020
20/10/2020,2020-10-20,יום שלישי,2020,10,אוקטובר,20,https://a99.mediacast.co.il/99fm/mediafiles/haboker_full_201020.mp3,,יום שלישי | 20/10/2020
21/10/2020,2020-10-21,יום רביעי,2020,10,אוקטובר,21,https://a99.mediacast.co.il/99fm/mediafiles/haboker_full_211020.mp3,,יום רביעי | 21/10/2020
22/10/2020,2020-10-22,יום חמישי,2020,10,אוקטובר,22,https://a99.mediacast.co.il/99fm/mediafiles/haboker_full_221020.mp3,,יום חמישי | 22/10/2020
25/10/2020,2020-10-25,יום ראשון,2020,10,אוקטובר,25,https://a99.mediacast.co.il/99fm/mediafiles/haboker_full_251020.mp3,,יום ראשון | 25/10/2020
26/10/2020,2020-10-26,יום שני,2020,10,אוקטובר,26,https://a99.mediacast.co.il/99fm/mediafiles/haboker_full_261020.mp3,,יום שני | 26/10/2020
27/10/2020,2020-10-27,יום שלישי,2020,10,אוקטובר,27,https://a99.mediacast.co.il/99fm/mediafiles/haboker_full_271020.mp3,,יום שלישי | 27/10/2020
28/10/2020,2020-10-28,יום רביעי,2020,10,אוקטובר,28,https://a99.mediacast.co.il/99fm/mediafiles/haboker_full_281020.mp3,,יום רביעי | 28/10/2020
29/10/2020,2020-10-29,יום חמישי,2020,10,אוקטובר,29,https://a99.mediacast.co.il/99fm/mediafiles/haboker_full_291020.mp3,,יום חמישי | 29/10/2020
01/11/2020,2020-11-01,יום ראשון,2020,11,נובמבר,1,https://a99.mediacast.co.il/99fm/mediafiles/haboker_full_011120.mp3,,יום ראשון | 01/11/2020
02/11/2020,2020-11-02,יום שני,2020,11,נובמבר,2,https://a99.mediacast.co.il/99fm/mediafiles/haboker_full_021120.mp3,,יום שני | 02/11/2020
03/11/2020,2020-11-03,יום שלישי,2020,11,נובמבר,3,https://a99.mediacast.co.il/99fm/mediafiles/haboker_full_031120.mp3,,יום שלישי | 03/11/2020
04/11/2020,2020-11-04,יום רביעי,2020,11,נובמבר,4,https://a99.mediacast.co.il/99fm/mediafiles/haboker_full_041120.mp3,,יום רביעי | 04/11/2020
05/11/2020,2020-11-05,יום חמישי,2020,11,נובמבר,5,https://a99.mediacast.co.il/99fm/mediafiles/haboker_full_051120.mp3,,יום חמישי | 05/11/2020
08/11/2020,2020-11-08,יום ראשון,2020,11,נובמבר,8,https://a99.mediacast.co.il/99fm/mediafiles/haboker_full_081120.mp3,,יום ראשון | 08/11/2020
09/11/2020,2020-11-09,יום שני,2020,11,נובמבר,9,https://a99.mediacast.co.il/99fm/mediafiles/haboker_full_091120.mp3,,יום שני | 09/11/2020
10/11/2020,2020-11-10,יום שלישי,2020,11,נובמבר,10,https://a99.mediacast.co.il/99fm/mediafiles/haboker_full_101120.mp3,,יום שלישי | 10/11/2020
11/11/2020,2020-11-11,יום רביעי,2020,11,נובמבר,11,https://a99.mediacast.co.il/99fm/mediafiles/haboker_full_111120.mp3,,יום רביעי | 11/11/2020
12/11/2020,2020-11-12,יום חמישי,2020,11,נובמבר,12,https://a99.mediacast.co.il/99fm/mediafiles/haboker_full_121120.mp3,,יום חמישי | 12/11/2020
15/11/2020,2020-11-15,יום ראשון,2020,11,נובמבר,15,https://a99.mediacast.co.il/99fm/mediafiles/haboker_full_151120.mp3,,יום ראשון | 15/11/2020
16/11/2020,2020-11-16,יום שני,2020,11,נובמבר,16,https://a99.mediacast.co.il/99fm/mediafiles/haboker_full_161120.mp3,,יום שני | 16/11/2020
17/11/2020,2020-11-17,יום שלישי,2020,11,נובמבר,17,https://a99.mediacast.co.il/99fm/mediafiles/haboker_full_171120.mp3,,יום שלישי | 17/11/2020
18/11/2020,2020-11-18,יום רביעי,2020,11,נובמבר,18,https://a99.mediacast.co.il/99fm/mediafiles/haboker_full_181120.mp3,,יום רביעי | 18/11/2020
19/11/2020,2020-11-19,יום חמישי,2020,11,נובמבר,19,https://a99.mediacast.co.il/99fm/mediafiles/haboker_full_191120.mp3,,יום חמישי | 19/11/2020
22/11/2020,2020-11-22,יום ראשון,2020,11,נובמבר,22,https://a99.mediacast.co.il/99fm/mediafiles/haboker_full_221120.mp3,,יום ראשון | 22/11/2020
23/11/2020,2020-11-23,יום שני,2020,11,נובמבר,23,https://a99.mediacast.co.il/99fm/mediafiles/haboker_full_231120.mp3,,יום שני | 23/11/2020
24/11/2020,2020-11-24,יום שלישי,2020,11,נובמבר,24,https://a99.mediacast.co.il/99fm/mediafiles/haboker_full_241120.mp3,,יום שלישי | 24/11/2020
25/11/2020,2020-11-25,יום רביעי,2020,11,נובמבר,25,https://a99.mediacast.co.il/99fm/mediafiles/haboker_full_251120.mp3,,יום רביעי | 25/11/2020
26/11/2020,2020-11-26,יום חמישי,2020,11,נובמבר,26,https://a99.mediacast.co.il/99fm/mediafiles/haboker_full_261120.mp3,,יום חמישי | 26/11/2020
29/11/2020,2020-11-29,יום ראשון,2020,11,נובמבר,29,https://a99.mediacast.co.il/99fm/mediafiles/haboker_full_291120.mp3,,יום ראשון | 29/11/2020
30/11/2020,2020-11-30,יום שני,2020,11,נובמבר,30,https://a99.mediacast.co.il/99fm/mediafiles/haboker_full_301120.mp3,,יום שני | 30/11/2020
01/12/2020,2020-12-01,יום שלישי,2020,12,דצמבר,1,https://a99.mediacast.co.il/99fm/mediafiles/haboker_full_011220.mp3,,יום שלישי | 01/12/2020
02/12/2020,2020-12-02,יום רביעי,2020,12,דצמבר,2,https://a99.mediacast.co.il/99fm/mediafiles/haboker_full_021220.mp3,,יום רביעי | 02/12/2020
03/12/2020,2020-12-03,יום חמישי,2020,12,דצמבר,3,https://a99.mediacast.co.il/99fm/mediafiles/haboker_full_031220.mp3,,יום חמישי | 03/12/2020
06/12/2020,2020-12-06,יום ראשון,2020,12,דצמבר,6,https://a99.mediacast.co.il/99fm/mediafiles/haboker_full_061220.mp3,,יום ראשון | 06/12/2020
07/12/2020,2020-12-07,יום שני,2020,12,דצמבר,7,https://a99.mediacast.co.il/99fm/mediafiles/haboker_full_071220.mp3,,יום שני | 07/12/2020
08/12/2020,2020-12-08,יום שלישי,2020,12,דצמבר,8,https://a99.mediacast.co.il/99fm/mediafiles/haboker_full_081220.mp3,,יום שלישי | 08/12/2020
09/12/2020,2020-12-09,יום רביעי,2020,12,דצמבר,9,https://a99.mediacast.co.il/99fm/mediafiles/haboker_full_091220.mp3,,יום רביעי | 09/12/2020
10/12/2020,2020-12-10,יום חמישי,2020,12,דצמבר,10,https://a99.mediacast.co.il/99fm/mediafiles/haboker_full_101220.mp3,,יום חמישי | 10/12/2020
13/12/2020,2020-12-13,יום ראשון,2020,12,דצמבר,13,https://a99.mediacast.co.il/99fm/mediafiles/haboker_full_131220.mp3,,יום ראשון | 13/12/2020
14/12/2020,2020-12-14,יום שני,2020,12,דצמבר,14,https://a99.mediacast.co.il/99fm/mediafiles/haboker_full_141220.mp3,,יום שני | 14/12/2020
15/12/2020,2020-12-15,יום שלישי,2020,12,דצמבר,15,https://a99.mediacast.co.il/99fm/mediafiles/haboker_full_151220.mp3,,יום שלישי | 15/12/2020
16/12/2020,2020-12-16,יום רביעי,2020,12,דצמבר,16,https://a99.mediacast.co.il/99fm/mediafiles/haboker_full_161220.mp3,,יום רביעי | 16/12/2020
17/12/2020,2020-12-17,יום חמישי,2020,12,דצמבר,17,https://a99.mediacast.co.il/99fm/mediafiles/haboker_full_171220.mp3,,יום חמישי | 17/12/2020
20/12/2020,2020-12-20,יום ראשון,2020,12,דצמבר,20,https://a99.mediacast.co.il/99fm/mediafiles/haboker_full_201220.mp3,,יום ראשון | 20/12/2020
21/12/2020,2020-12-21,יום שני,2020,12,דצמבר,21,https://a99.mediacast.co.il/99fm/mediafiles/haboker_full_211220.mp3,,יום שני | 21/12/2020
22/12/2020,2020-12-22,יום שלישי,2020,12,דצמבר,22,https://a99.mediacast.co.il/99fm/mediafiles/haboker_full_221220.mp3,,יום שלישי | 22/12/2020
23/12/2020,2020-12-23,יום רביעי,2020,12,דצמבר,23,https://a99.mediacast.co.il/99fm/mediafiles/haboker_full_231220.mp3,,יום רביעי | 23/12/2020
24/12/2020,2020-12-24,יום חמישי,2020,12,דצמבר,24,https://a99.mediacast.co.il/99fm/mediafiles/haboker_full_241220.mp3,,יום חמישי | 24/12/2020
27/12/2020,2020-12-27,יום ראשון,2020,12,דצמבר,27,https://a99.mediacast.co.il/99fm/mediafiles/haboker_full_271220.mp3,,יום ראשון | 27/12/2020
28/12/2020,2020-12-28,יום שני,2020,12,דצמבר,28,https://a99.mediacast.co.il/99fm/mediafiles/haboker_full_281220.mp3,,יום שני | 28/12/2020
29/12/2020,2020-12-29,יום שלישי,2020,12,דצמבר,29,https://a99.mediacast.co.il/99fm/mediafiles/haboker_full_291220.mp3,,יום שלישי | 29/12/2020
30/12/2020,2020-12-30,יום רביעי,2020,12,דצמבר,30,https://a99.mediacast.co.il/99fm/mediafiles/haboker_full_301220.mp3,,יום רביעי | 30/12/2020
31/12/2020,2020-12-31,יום חמישי,2020,12,דצמבר,31,https://a99.mediacast.co.il/99fm/mediafiles/haboker_full_311220.mp3,,יום חמישי | 31/12/2020
03/01/2021,2021-01-03,יום ראשון,2021,1,ינואר,3,https://a99.mediacast.co.il/99fm/mediafiles/haboker_full_030121.mp3,,יום ראשון | 03/01/2021
04/01/2021,2021-01-04,יום שני,2021,1,ינואר,4,https://a99.mediacast.co.il/99fm/mediafiles/haboker_full_040121.mp3,,יום שני | 04/01/2021
05/01/2021,2021-01-05,יום שלישי,2021,1,ינואר,5,https://a99.mediacast.co.il/99fm/mediafiles/haboker_full_050121.mp3,,יום שלישי | 05/01/2021
06/01/2021,2021-01-06,יום רביעי,2021,1,ינואר,6,https://a99.mediacast.co.il/99fm/mediafiles/haboker_full_060121.mp3,,יום רביעי | 06/01/2021
07/01/2021,2021-01-07,יום חמישי,2021,1,ינואר,7,https://a99.mediacast.co.il/99fm/mediafiles/haboker_full_070121.mp3,,יום חמישי | 07/01/2021
10/01/2021,2021-01-10,יום ראשון,2021,1,ינואר,10,https://a99.mediacast.co.il/99fm/mediafiles/haboker_full_100121.mp3,,יום ראשון | 10/01/2021
11/01/2021,2021-01-11,יום שני,2021,1,ינואר,11,https://a99.mediacast.co.il/99fm/mediafiles/haboker_full_110121.mp3,,יום שני | 11/01/2021
12/01/2021,2021-01-12,יום שלישי,2021,1,ינואר,12,https://a99.mediacast.co.il/99fm/mediafiles/haboker_full_120121.mp3,,יום שלישי | 12/01/2021
13/01/2021,2021-01-13,יום רביעי,2021,1,ינואר,13,https://a99.mediacast.co.il/99fm/mediafiles/haboker_full_130121.mp3,,יום רביעי | 13/01/2021
14/01/2021,2021-01-14,יום חמישי,2021,1,ינואר,14,https://a99.mediacast.co.il/99fm/mediafiles/haboker_full_140121.mp3,,יום חמישי | 14/01/2021
19/01/2021,2021-01-19,יום שלישי,2021,1,ינואר,19,https://a99.mediacast.co.il/99fm/mediafiles/haboker_full_190121.mp3,,יום שלישי | 19/01/2021
20/01/2021,2021-01-20,יום רביעי,2021,1,ינואר,20,https://a99.mediacast.co.il/99fm/mediafiles/haboker_full_200121.mp3,,יום רביעי | 20/01/2021
21/01/2021,2021-01-21,יום חמישי,2021,1,ינואר,21,https://a99.mediacast.co.il/99fm/mediafiles/haboker_full_210121.mp3,,יום חמישי | 21/01/2021
24/01/2021,2021-01-24,יום ראשון,2021,1,ינואר,24,https://a99.mediacast.co.il/99fm/mediafiles/haboker_full_240121.mp3,,יום ראשון | 24/01/2021
25/01/2021,2021-01-25,יום שני,2021,1,ינואר,25,https://a99.mediacast.co.il/99fm/mediafiles/haboker_full_250121.mp3,,יום שני | 25/01/2021
26/01/2021,2021-01-26,יום שלישי,2021,1,ינואר,26,https://a99.mediacast.co.il/99fm/mediafiles/haboker_full_260121.mp3,,יום שלישי | 26/01/2021
27/01/2021,2021-01-27,יום רביעי,2021,1,ינואר,27,https://a99.mediacast.co.il/99fm/mediafiles/haboker_full_270121.mp3,,יום רביעי | 27/01/2021
28/01/2021,2021-01-28,יום חמישי,2021,1,ינואר,28,https://a99.mediacast.co.il/99fm/mediafiles/haboker_full_280121.mp3,,יום חמישי | 28/01/2021
31/01/2021,2021-01-31,יום ראשון,2021,1,ינואר,31,https://a99.mediacast.co.il/99fm/mediafiles/haboker_full_310121.mp3,,יום ראשון | 31/01/2021
01/02/2021,2021-02-01,יום שני,2021,2,פברואר,1,https://a99.mediacast.co.il/99fm/mediafiles/haboker_full_010221.mp3,,יום שני | 01/02/2021
02/02/2021,2021-02-02,יום שלישי,2021,2,פברואר,2,https://a99.mediacast.co.il/99fm/mediafiles/haboker_full_020221.mp3,,יום שלישי | 02/02/2021
03/02/2021,2021-02-03,יום רביעי,2021,2,פברואר,3,https://a99.mediacast.co.il/99fm/mediafiles/haboker_full_030221.mp3,,יום רביעי | 03/02/2021
04/02/2021,2021-02-04,יום חמישי,2021,2,פברואר,4,https://a99.mediacast.co.il/99fm/mediafiles/haboker_full_040221.mp3,,יום חמישי | 04/02/2021
07/02/2021,2021-02-07,יום ראשון,2021,2,פברואר,7,https://a99.mediacast.co.il/99fm/mediafiles/haboker_full_070221.mp3,,יום ראשון | 07/02/2021
08/02/2021,2021-02-08,יום שני,2021,2,פברואר,8,https://a99.mediacast.co.il/99fm/mediafiles/haboker_full_080221.mp3,,יום שני | 08/02/2021
09/02/2021,2021-02-09,יום שלישי,2021,2,פברואר,9,https://a99.mediacast.co.il/99fm/mediafiles/haboker_full_090221.mp3,,יום שלישי | 09/02/2021
10/02/2021,2021-02-10,יום רביעי,2021,2,פברואר,10,https://a99.mediacast.co.il/99fm/mediafiles/haboker_full_100221.mp3,,יום רביעי | 10/02/2021
11/02/2021,2021-02-11,יום חמישי,2021,2,פברואר,11,https://a99.mediacast.co.il/99fm/mediafiles/haboker_full_110221.mp3,,יום חמישי | 11/02/2021
14/02/2021,2021-02-14,יום ראשון,2021,2,פברואר,14,https://a99.mediacast.co.il/99fm/mediafiles/haboker_full_140221.mp3,,יום ראשון | 14/02/2021
15/02/2021,2021-02-15,יום שני,2021,2,פברואר,15,https://a99.mediacast.co.il/99fm/mediafiles/haboker_full_150221.mp3,,יום שני | 15/02/2021
16/02/2021,2021-02-16,יום שלישי,2021,2,פברואר,16,https://a99.mediacast.co.il/99fm/mediafiles/haboker_full_160221.mp3,,יום שלישי | 16/02/2021
17/02/2021,2021-02-17,יום רביעי,2021,2,פברואר,17,https://a99.mediacast.co.il/99fm/mediafiles/haboker_full_170221.mp3,,יום רביעי | 17/02/2021
18/02/2021,2021-02-18,יום חמישי,2021,2,פברואר,18,https://a99.mediacast.co.il/99fm/mediafiles/haboker_full_180221.mp3,,יום חמישי | 18/02/2021
21/02/2021,2021-02-21,יום ראשון,2021,2,פברואר,21,https://a99.mediacast.co.il/99fm/mediafiles/haboker_full_210221.mp3,,יום ראשון | 21/02/2021
22/02/2021,2021-02-22,יום שני,2021,2,פברואר,22,https://a99.mediacast.co.il/99fm/mediafiles/haboker_full_220221.mp3,,יום שני | 22/02/2021
23/02/2021,2021-02-23,יום שלישי,2021,2,פברואר,23,https://a99.mediacast.co.il/99fm/mediafiles/haboker_full_230221.mp3,,יום שלישי | 23/02/2021
24/02/2021,2021-02-24,יום רביעי,2021,2,פברואר,24,https://a99.mediacast.co.il/99fm/mediafiles/haboker_full_240221.mp3,,יום רביעי | 24/02/2021
25/02/2021,2021-02-25,יום חמישי,2021,2,פברואר,25,https://a99.mediacast.co.il/99fm/mediafiles/haboker_full_250221.mp3,,יום חמישי | 25/02/2021
28/02/2021,2021-02-28,יום ראשון,2021,2,פברואר,28,https://a99.mediacast.co.il/99fm/mediafiles/haboker_full_280221.mp3,,יום ראשון | 28/02/2021
01/03/2021,2021-03-01,יום שני,2021,3,מרץ,1,https://a99.mediacast.co.il/99fm/mediafiles/haboker_full_010321.mp3,,יום שני | 01/03/2021
02/03/2021,2021-03-02,יום שלישי,2021,3,מרץ,2,https://a99.mediacast.co.il/99fm/mediafiles/haboker_full_020321.mp3,,יום שלישי | 02/03/2021
03/03/2021,2021-03-03,יום רביעי,2021,3,מרץ,3,https://a99.mediacast.co.il/99fm/mediafiles/haboker_full_030321.mp3,,יום רביעי | 03/03/2021
04/03/2021,2021-03-04,יום חמישי,2021,3,מרץ,4,https://a99.mediacast.co.il/99fm/mediafiles/haboker_full_040321.mp3,,יום חמישי | 04/03/2021
07/03/2021,2021-03-07,יום ראשון,2021,3,מרץ,7,https://a99.mediacast.co.il/99fm/mediafiles/haboker_full_070321.mp3,,יום ראשון | 07/03/2021
08/03/2021,2021-03-08,יום שני,2021,3,מרץ,8,https://a99.mediacast.co.il/99fm/mediafiles/haboker_full_080321.mp3,,יום שני | 08/03/2021
09/03/2021,2021-03-09,יום שלישי,2021,3,מרץ,9,https://a99.mediacast.co.il/99fm/mediafiles/haboker_full_090321.mp3,,יום שלישי | 09/03/2021
10/03/2021,2021-03-10,יום רביעי,2021,3,מרץ,10,https://a99.mediacast.co.il/99fm/mediafiles/haboker_full_100321.mp3,,יום רביעי | 10/03/2021
11/03/2021,2021-03-11,יום חמישי,2021,3,מרץ,11,https://a99.mediacast.co.il/99fm/mediafiles/haboker_full_110321.mp3,,יום חמישי | 11/03/2021
14/03/2021,2021-03-14,יום ראשון,2021,3,מרץ,14,https://a99.mediacast.co.il/99fm/mediafiles/haboker_full_140321.mp3,,יום ראשון | 14/03/2021
15/03/2021,2021-03-15,יום שני,2021,3,מרץ,15,https://a99.mediacast.co.il/99fm/mediafiles/haboker_full_150321.mp3,,יום שני | 15/03/2021
16/03/2021,2021-03-16,יום שלישי,2021,3,מרץ,16,https://a99.mediacast.co.il/99fm/mediafiles/haboker_full_160321.mp3,,יום שלישי | 16/03/2021
17/03/2021,2021-03-17,יום רביעי,2021,3,מרץ,17,https://a99.mediacast.co.il/99fm/mediafiles/haboker_full_170321.mp3,,יום רביעי | 17/03/2021
21/03/2021,2021-03-21,יום ראשון,2021,3,מרץ,21,https://a99.mediacast.co.il/99fm/mediafiles/haboker_full_210321.mp3,,יום ראשון | 21/03/2021
22/03/2021,2021-03-22,יום שני,2021,3,מרץ,22,https://a99.mediacast.co.il/99fm/mediafiles/haboker_full_220321.mp3,,יום שני | 22/03/2021
23/03/2021,2021-03-23,יום שלישי,2021,3,מרץ,23,https://a99.mediacast.co.il/99fm/mediafiles/haboker_full_230321.mp3,,יום שלישי | 23/03/2021
24/03/2021,2021-03-24,יום רביעי,2021,3,מרץ,24,https://a99.mediacast.co.il/99fm/mediafiles/haboker_full_240321.mp3,,יום רביעי | 24/03/2021
25/03/2021,2021-03-25,יום חמישי,2021,3,מרץ,25,https://a99.mediacast.co.il/99fm/mediafiles/haboker_full_250321.mp3,,יום חמישי | 25/03/2021
04/04/2021,2021-04-04,יום ראשון,2021,4,אפריל,4,https://a99.mediacast.co.il/99fm/mediafiles/haboker_full_040421.mp3,,יום ראשון | 04/04/2021
05/04/2021,2021-04-05,יום שני,2021,4,אפריל,5,https://a99.mediacast.co.il/99fm/mediafiles/haboker_full_050421.mp3,,יום שני | 05/04/2021
06/04/2021,2021-04-06,יום שלישי,2021,4,אפריל,6,https://a99.mediacast.co.il/99fm/mediafiles/haboker_full_060421.mp3,,יום שלישי | 06/04/2021
07/04/2021,2021-04-07,יום רביעי,2021,4,אפריל,7,https://a99.mediacast.co.il/99fm/mediafiles/haboker_full_070421.mp3,,יום רביעי | 07/04/2021
11/04/2021,2021-04-11,יום ראשון,2021,4,אפריל,11,https://a99.mediacast.co.il/99fm/mediafiles/haboker_full_110421.mp3,,יום ראשון | 11/04/2021
12/04/2021,2021-04-12,יום שני,2021,4,אפריל,12,https://a99.mediacast.co.il/99fm/mediafiles/haboker_full_120421.mp3,,יום שני | 12/04/2021
13/04/2021,2021-04-13,יום שלישי,2021,4,אפריל,13,https://a99.mediacast.co.il/99fm/mediafiles/haboker_full_130421.mp3,,יום שלישי | 13/04/2021
18/04/2021,2021-04-18,יום ראשון,2021,4,אפריל,18,https://a99.mediacast.co.il/99fm/mediafiles/haboker_full_180421.mp3,,יום ראשון | 18/04/2021
19/04/2021,2021-04-19,יום שני,2021,4,אפריל,19,https://a99.mediacast.co.il/99fm/mediafiles/haboker_full_190421.mp3,,יום שני | 19/04/2021
20/04/2021,2021-04-20,יום שלישי,2021,4,אפריל,20,https://a99.mediacast.co.il/99fm/mediafiles/haboker_full_200421.mp3,,יום שלישי | 20/04/2021
21/04/2021,2021-04-21,יום רביעי,2021,4,אפריל,21,https://a99.mediacast.co.il/99fm/mediafiles/haboker_full_210421.mp3,,יום רביעי | 21/04/2021
22/04/2021,2021-04-22,יום חמישי,2021,4,אפריל,22,https://a99.mediacast.co.il/99fm/mediafiles/haboker_full_220421.mp3,,יום חמישי | 22/04/2021
25/04/2021,2021-04-25,יום ראשון,2021,4,אפריל,25,https://a99.mediacast.co.il/99fm/mediafiles/haboker_full_250421.mp3,,יום ראשון | 25/04/2021
26/04/2021,2021-04-26,יום שני,2021,4,אפריל,26,https://a99.mediacast.co.il/99fm/mediafiles/haboker_full_260421.mp3,,יום שני | 26/04/2021
27/04/2021,2021-04-27,יום שלישי,2021,4,אפריל,27,https://a99.mediacast.co.il/99fm/mediafiles/haboker_full_270421.mp3,,יום שלישי | 27/04/2021
28/04/2021,2021-04-28,יום רביעי,2021,4,אפריל,28,https://a99.mediacast.co.il/99fm/mediafiles/haboker_full_280421.mp3,,יום רביעי | 28/04/2021
29/04/2021,2021-04-29,יום חמישי,2021,4,אפריל,29,https://a99.mediacast.co.il/99fm/mediafiles/haboker_full_290421.mp3,,יום חמישי | 29/04/2021
03/05/2021,2021-05-03,יום שני,2021,5,מאי,3,https://a99.mediacast.co.il/99fm/mediafiles/haboker_full_030521.mp3,,יום שני | 03/05/2021
04/05/2021,2021-05-04,יום שלישי,2021,5,מאי,4,https://a99.mediacast.co.il/99fm/mediafiles/haboker_full_040521.mp3,,יום שלישי | 04/05/2021
05/05/2021,2021-05-05,יום רביעי,2021,5,מאי,5,https://a99.mediacast.co.il/99fm/mediafiles/haboker_full_050521.mp3,,יום רביעי | 05/05/2021
06/05/2021,2021-05-06,יום חמישי,2021,5,מאי,6,https://a99.mediacast.co.il/99fm/mediafiles/haboker_full_060521.mp3,,יום חמישי | 06/05/2021
09/05/2021,2021-05-09,יום ראשון,2021,5,מאי,9,https://a99.mediacast.co.il/99fm/mediafiles/haboker_full_090521.mp3,,יום ראשון | 09/05/2021
10/05/2021,2021-05-10,יום שני,2021,5,מאי,10,https://a99.mediacast.co.il/99fm/mediafiles/haboker_full_100521.mp3,,יום שני | 10/05/2021
11/05/2021,2021-05-11,יום שלישי,2021,5,מאי,11,https://a99.mediacast.co.il/99fm/mediafiles/haboker_full_110521.mp3,,יום שלישי | 11/05/2021
12/05/2021,2021-05-12,יום רביעי,2021,5,מאי,12,https://a99.mediacast.co.il/99fm/mediafiles/haboker_full_120521.mp3,,יום רביעי | 12/05/2021
13/05/2021,2021-05-13,יום חמישי,2021,5,מאי,13,https://a99.mediacast.co.il/99fm/mediafiles/haboker_full_130521.mp3,,יום חמישי | 13/05/2021
18/05/2021,2021-05-18,יום שלישי,2021,5,מאי,18,https://a99.mediacast.co.il/99fm/mediafiles/haboker_full_180521.mp3,,יום שלישי | 18/05/2021
19/05/2021,2021-05-19,יום רביעי,2021,5,מאי,19,https://a99.mediacast.co.il/99fm/mediafiles/haboker_full_190521.mp3,,יום רביעי | 19/05/2021
20/05/2021,2021-05-20,יום חמישי,2021,5,מאי,20,https://a99.mediacast.co.il/99fm/mediafiles/haboker_full_200521.mp3,,יום חמישי | 20/05/2021
23/05/2021,2021-05-23,יום ראשון,2021,5,מאי,23,https://a99.mediacast.co.il/99fm/mediafiles/haboker_full_230521.mp3,,יום ראשון | 23/05/2021
24/05/2021,2021-05-24,יום שני,2021,5,מאי,24,https://a99.mediacast.co.il/99fm/mediafiles/haboker_full_240521.mp3,,יום שני | 24/05/2021
25/05/2021,2021-05-25,יום שלישי,2021,5,מאי,25,https://a99.mediacast.co.il/99fm/mediafiles/haboker_full_250521.mp3,,יום שלישי | 25/05/2021
26/05/2021,2021-05-26,יום רביעי,2021,5,מאי,26,https://a99.mediacast.co.il/99fm/mediafiles/haboker_full_260521.mp3,,יום רביעי | 26/05/2021
27/05/2021,2021-05-27,יום חמישי,2021,5,מאי,27,https://a99.mediacast.co.il/99fm/mediafiles/haboker_full_270521.mp3,,יום חמישי | 27/05/2021
30/05/2021,2021-05-30,יום ראשון,2021,5,מאי,30,https://a99.mediacast.co.il/99fm/mediafiles/haboker_full_300521.mp3,,יום ראשון | 30/05/2021
31/05/2021,2021-05-31,יום שני,2021,5,מאי,31,https://a99.mediacast.co.il/99fm/mediafiles/haboker_full_310521.mp3,,יום שני | 31/05/2021
01/06/2021,2021-06-01,יום שלישי,2021,6,יוני,1,https://a99.mediacast.co.il/99fm/mediafiles/haboker_full_010621.mp3,,יום שלישי | 01/06/2021
02/06/2021,2021-06-02,יום רביעי,2021,6,יוני,2,https://a99.mediacast.co.il/99fm/mediafiles/haboker_full_020621.mp3,,יום רביעי | 02/06/2021
03/06/2021,2021-06-03,יום חמישי,2021,6,יוני,3,https://a99.mediacast.co.il/99fm/mediafiles/haboker_full_030621.mp3,,יום חמישי | 03/06/2021
06/06/2021,2021-06-06,יום ראשון,2021,6,יוני,6,https://a99.mediacast.co.il/99fm/mediafiles/haboker_full_060621.mp3,,יום ראשון | 06/06/2021
07/06/2021,2021-06-07,יום שני,2021,6,יוני,7,https://a99.mediacast.co.il/99fm/mediafiles/haboker_full_070621.mp3,,יום שני | 07/06/2021
08/06/2021,2021-06-08,יום שלישי,2021,6,יוני,8,https://a99.mediacast.co.il/99fm/mediafiles/haboker_full_080621.mp3,,יום שלישי | 08/06/2021
09/06/2021,2021-06-09,יום רביעי,2021,6,יוני,9,https://a99.mediacast.co.il/99fm/mediafiles/haboker_full_090621.mp3,,יום רביעי | 09/06/2021
10/06/2021,2021-06-10,יום חמישי,2021,6,יוני,10,https://a99.mediacast.co.il/99fm/mediafiles/haboker_full_100621.mp3,,יום חמישי | 10/06/2021
13/06/2021,2021-06-13,יום ראשון,2021,6,יוני,13,https://a99.mediacast.co.il/99fm/mediafiles/haboker_full_130621.mp3,,יום ראשון | 13/06/2021
14/06/2021,2021-06-14,יום שני,2021,6,יוני,14,https://a99.mediacast.co.il/99fm/mediafiles/haboker_full_140621.mp3,,יום שני | 14/06/2021
15/06/2021,2021-06-15,יום שלישי,2021,6,יוני,15,https://a99.mediacast.co.il/99fm/mediafiles/haboker_full_150621.mp3,,יום שלישי | 15/06/2021
16/06/2021,2021-06-16,יום רביעי,2021,6,יוני,16,https://a99.mediacast.co.il/99fm/mediafiles/haboker_full_160621.mp3,,יום רביעי | 16/06/2021
17/06/2021,2021-06-17,יום חמישי,2021,6,יוני,17,https://a99.mediacast.co.il/99fm/mediafiles/haboker_full_170621.mp3,,יום חמישי | 17/06/2021
20/06/2021,2021-06-20,יום ראשון,2021,6,יוני,20,https://a99.mediacast.co.il/99fm/mediafiles/haboker_full_200621.mp3,,יום ראשון | 20/06/2021
21/06/2021,2021-06-21,יום שני,2021,6,יוני,21,https://a99.mediacast.co.il/99fm/mediafiles/haboker_full_210621.mp3,,יום שני | 21/06/2021
22/06/2021,2021-06-22,יום שלישי,2021,6,יוני,22,https://a99.mediacast.co.il/99fm/mediafiles/haboker_full_220621.mp3,,יום שלישי | 22/06/2021
23/06/2021,2021-06-23,יום רביעי,2021,6,יוני,23,https://a99.mediacast.co.il/99fm/mediafiles/haboker_full_230621.mp3,,יום רביעי | 23/06/2021
24/06/2021,2021-06-24,יום חמישי,2021,6,יוני,24,https://a99.mediacast.co.il/99fm/mediafiles/haboker_full_240621.mp3,,יום חמישי | 24/06/2021
27/06/2021,2021-06-27,יום ראשון,2021,6,יוני,27,https://a99.mediacast.co.il/99fm/mediafiles/haboker_full_270621.mp3,,יום ראשון | 27/06/2021
28/06/2021,2021-06-28,יום שני,2021,6,יוני,28,https://a99.mediacast.co.il/99fm/mediafiles/haboker_full_280621.mp3,,יום שני | 28/06/2021
29/06/2021,2021-06-29,יום שלישי,2021,6,יוני,29,https://a99.mediacast.co.il/99fm/mediafiles/haboker_full_290621.mp3,,יום שלישי | 29/06/2021
30/06/2021,2021-06-30,יום רביעי,2021,6,יוני,30,https://a99.mediacast.co.il/99fm/mediafiles/haboker_full_300621.mp3,,יום רביעי | 30/06/2021
01/07/2021,2021-07-01,יום חמישי,2021,7,יולי,1,https://a99.mediacast.co.il/99fm/mediafiles/haboker_full_010721.mp3,,יום חמישי | 01/07/2021
04/07/2021,2021-07-04,יום ראשון,2021,7,יולי,4,https://a99.mediacast.co.il/99fm/mediafiles/haboker_full_040721.mp3,,יום ראשון | 04/07/2021
05/07/2021,2021-07-05,יום שני,2021,7,יולי,5,https://a99.mediacast.co.il/99fm/mediafiles/haboker_full_050721.mp3,,יום שני | 05/07/2021
06/07/2021,2021-07-06,יום שלישי,2021,7,יולי,6,https://a99.mediacast.co.il/99fm/mediafiles/haboker_full_060721.mp3,,יום שלישי | 06/07/2021
07/07/2021,2021-07-07,יום רביעי,2021,7,יולי,7,https://a99.mediacast.co.il/99fm/mediafiles/haboker_full_070721.mp3,,יום רביעי | 07/07/2021
08/07/2021,2021-07-08,יום חמישי,2021,7,יולי,8,https://a99.mediacast.co.il/99fm/mediafiles/haboker_full_080721.mp3,,יום חמישי | 08/07/2021
11/07/2021,2021-07-11,יום ראשון,2021,7,יולי,11,https://a99.mediacast.co.il/99fm/mediafiles/haboker_full_110721.mp3,,יום ראשון | 11/07/2021
12/07/2021,2021-07-12,יום שני,2021,7,יולי,12,https://a99.mediacast.co.il/99fm/mediafiles/haboker_full_120721.mp3,,יום שני | 12/07/2021
13/07/2021,2021-07-13,יום שלישי,2021,7,יולי,13,https://a99.mediacast.co.il/99fm/mediafiles/haboker_full_130721.mp3,,יום שלישי | 13/07/2021
14/07/2021,2021-07-14,יום רביעי,2021,7,יולי,14,https://a99.mediacast.co.il/99fm/mediafiles/haboker_full_140721.mp3,,יום רביעי | 14/07/2021
15/07/2021,2021-07-15,יום חמישי,2021,7,יולי,15,https://a99.mediacast.co.il/99fm/mediafiles/haboker_full_150721.mp3,,יום חמישי | 15/07/2021
19/07/2021,2021-07-19,יום שני,2021,7,יולי,19,https://a99.mediacast.co.il/99fm/mediafiles/haboker_full_190721.mp3,,יום שני | 19/07/2021
20/07/2021,2021-07-20,יום שלישי,2021,7,יולי,20,https://a99.mediacast.co.il/99fm/mediafiles/haboker_full_200721.mp3,,יום שלישי | 20/07/2021
21/07/2021,2021-07-21,יום רביעי,2021,7,יולי,21,https://a99.mediacast.co.il/99fm/mediafiles/haboker_full_210721.mp3,,יום רביעי | 21/07/2021
22/07/2021,2021-07-22,יום חמישי,2021,7,יולי,22,https://a99.mediacast.co.il/99fm/mediafiles/haboker_full_220721.mp3,,יום חמישי | 22/07/2021
25/07/2021,2021-07-25,יום ראשון,2021,7,יולי,25,https://a99.mediacast.co.il/99fm/mediafiles/haboker_full_250721.mp3,,יום ראשון | 25/07/2021
26/07/2021,2021-07-26,יום שני,2021,7,יולי,26,https://a99.mediacast.co.il/99fm/mediafiles/haboker_full_260721.mp3,,יום שני | 26/07/2021
27/07/2021,2021-07-27,יום שלישי,2021,7,יולי,27,https://a99.mediacast.co.il/99fm/mediafiles/haboker_full_270721.mp3,,יום שלישי | 27/07/2021
28/07/2021,2021-07-28,יום רביעי,2021,7,יולי,28,https://a99.mediacast.co.il/99fm/mediafiles/haboker_full_280721.mp3,,יום רביעי | 28/07/2021
29/07/2021,2021-07-29,יום חמישי,2021,7,יולי,29,https://a99.mediacast.co.il/99fm/mediafiles/haboker_full_290721.mp3,,יום חמישי | 29/07/2021
01/08/2021,2021-08-01,יום ראשון,2021,8,אוגוסט,1,https://a99.mediacast.co.il/99fm/mediafiles/haboker_full_010821.mp3,,יום ראשון | 01/08/2021
02/08/2021,2021-08-02,יום שני,2021,8,אוגוסט,2,https://a99.mediacast.co.il/99fm/mediafiles/haboker_full_020821.mp3,,יום שני | 02/08/2021
03/08/2021,2021-08-03,יום שלישי,2021,8,אוגוסט,3,https://a99.mediacast.co.il/99fm/mediafiles/haboker_full_030821.mp3,,יום שלישי | 03/08/2021
04/08/2021,2021-08-04,יום רביעי,2021,8,אוגוסט,4,https://a99.mediacast.co.il/99fm/mediafiles/haboker_full_040821.mp3,,יום רביעי | 04/08/2021
05/08/2021,2021-08-05,יום חמישי,2021,8,אוגוסט,5,https://a99.mediacast.co.il/99fm/mediafiles/haboker_full_050821.mp3,,יום חמישי | 05/08/2021
08/08/2021,2021-08-08,יום ראשון,2021,8,אוגוסט,8,https://a99.mediacast.co.il/99fm/mediafiles/haboker_full_080821.mp3,,יום ראשון | 08/08/2021
09/08/2021,2021-08-09,יום שני,2021,8,אוגוסט,9,https://a99.mediacast.co.il/99fm/mediafiles/haboker_full_090821.mp3,,יום שני | 09/08/2021
10/08/2021,2021-08-10,יום שלישי,2021,8,אוגוסט,10,https://a99.mediacast.co.il/99fm/mediafiles/haboker_full_100821.mp3,,יום שלישי | 10/08/2021
11/08/2021,2021-08-11,יום רביעי,2021,8,אוגוסט,11,https://a99.mediacast.co.il/99fm/mediafiles/haboker_full_110821.mp3,,יום רביעי | 11/08/2021
12/08/2021,2021-08-12,יום חמישי,2021,8,אוגוסט,12,https://a99.mediacast.co.il/99fm/mediafiles/haboker_full_120821.mp3,,יום חמישי | 12/08/2021
15/08/2021,2021-08-15,יום ראשון,2021,8,אוגוסט,15,https://a99.mediacast.co.il/99fm/mediafiles/haboker_full_150821.mp3,,יום ראשון | 15/08/2021
16/08/2021,2021-08-16,יום שני,2021,8,אוגוסט,16,https://a99.mediacast.co.il/99fm/mediafiles/haboker_full_160821.mp3,,יום שני | 16/08/2021
17/08/2021,2021-08-17,יום שלישי,2021,8,אוגוסט,17,https://a99.mediacast.co.il/99fm/mediafiles/haboker_full_170821.mp3,,יום שלישי | 17/08/2021
18/08/2021,2021-08-18,יום רביעי,2021,8,אוגוסט,18,https://a99.mediacast.co.il/99fm/mediafiles/haboker_full_180821.mp3,,יום רביעי | 18/08/2021
19/08/2021,2021-08-19,יום חמישי,2021,8,אוגוסט,19,https://a99.mediacast.co.il/99fm/mediafiles/haboker_full_190821.mp3,,יום חמישי | 19/08/2021
22/08/2021,2021-08-22,יום ראשון,2021,8,אוגוסט,22,https://a99.mediacast.co.il/99fm/mediafiles/haboker_full_220821.mp3,,יום ראשון | 22/08/2021
23/08/2021,2021-08-23,יום שני,2021,8,אוגוסט,23,https://a99.mediacast.co.il/99fm/mediafiles/haboker_full_230821.mp3,,יום שני | 23/08/2021
24/08/2021,2021-08-24,יום שלישי,2021,8,אוגוסט,24,https://a99.mediacast.co.il/99fm/mediafiles/haboker_full_240821.mp3,,יום שלישי | 24/08/2021
25/08/2021,2021-08-25,יום רביעי,2021,8,אוגוסט,25,https://a99.mediacast.co.il/99fm/mediafiles/haboker_full_250821.mp3,,יום רביעי | 25/08/2021
26/08/2021,2021-08-26,יום חמישי,2021,8,אוגוסט,26,https://a99.mediacast.co.il/99fm/mediafiles/haboker_full_260821.mp3,,יום חמישי | 26/08/2021
29/08/2021,2021-08-29,יום ראשון,2021,8,אוגוסט,29,https://a99.mediacast.co.il/99fm/mediafiles/haboker_full_290821.mp3,,יום ראשון | 29/08/2021
30/08/2021,2021-08-30,יום שני,2021,8,אוגוסט,30,https://a99.mediacast.co.il/99fm/mediafiles/haboker_full_300821.mp3,,יום שני | 30/08/2021
31/08/2021,2021-08-31,יום שלישי,2021,8,אוגוסט,31,https://a99.mediacast.co.il/99fm/mediafiles/haboker_full_310821.mp3,,יום שלישי | 31/08/2021
02/09/2021,2021-09-02,יום חמישי,2021,9,ספטמבר,2,https://a99.mediacast.co.il/99fm/mediafiles/haboker_full_020921.mp3,,יום חמישי | 02/09/2021
03/10/2021,2021-10-03,יום ראשון,2021,10,אוקטובר,3,https://a99.mediacast.co.il/99fm/mediafiles/haboker_full_031021.mp3,,יום ראשון | 03/10/2021
04/10/2021,2021-10-04,יום שני,2021,10,אוקטובר,4,https://a99.mediacast.co.il/99fm/mediafiles/haboker_full_041021.mp3,,יום שני | 04/10/2021
05/10/2021,2021-10-05,יום שלישי,2021,10,אוקטובר,5,https://a99.mediacast.co.il/99fm/mediafiles/haboker_full_051021.mp3,,יום שלישי | 05/10/2021
06/10/2021,2021-10-06,יום רביעי,2021,10,אוקטובר,6,https://a99.mediacast.co.il/99fm/mediafiles/haboker_full_061021.mp3,,יום רביעי | 06/10/2021
07/10/2021,2021-10-07,יום חמישי,2021,10,אוקטובר,7,https://a99.mediacast.co.il/99fm/mediafiles/haboker_full_071021.mp3,,יום חמישי | 07/10/2021
10/10/2021,2021-10-10,יום ראשון,2021,10,אוקטובר,10,https://a99.mediacast.co.il/99fm/mediafiles/haboker_full_101021.mp3,,יום ראשון | 10/10/2021
11/10/2021,2021-10-11,יום שני,2021,10,אוקטובר,11,https://a99.mediacast.co.il/99fm/mediafiles/haboker_full_111021.mp3,,יום שני | 11/10/2021
12/10/2021,2021-10-12,יום שלישי,2021,10,אוקטובר,12,https://a99.mediacast.co.il/99fm/mediafiles/haboker_full_121021.mp3,,יום שלישי | 12/10/2021
13/10/2021,2021-10-13,יום רביעי,2021,10,אוקטובר,13,https://a99.mediacast.co.il/99fm/mediafiles/haboker_full_131021.mp3,,יום רביעי | 13/10/2021
14/10/2021,2021-10-14,יום חמישי,2021,10,אוקטובר,14,https://a99.mediacast.co.il/99fm/mediafiles/haboker_full_141021.mp3,,יום חמישי | 14/10/2021
17/10/2021,2021-10-17,יום ראשון,2021,10,אוקטובר,17,https://a99.mediacast.co.il/99fm/mediafiles/haboker_full_171021.mp3,,יום ראשון | 17/10/2021
18/10/2021,2021-10-18,יום שני,2021,10,אוקטובר,18,https://a99.mediacast.co.il/99fm/mediafiles/haboker_full_181021.mp3,,יום שני | 18/10/2021
19/10/2021,2021-10-19,יום שלישי,2021,10,אוקטובר,19,https://a99.mediacast.co.il/99fm/mediafiles/haboker_full_191021.mp3,,יום שלישי | 19/10/2021
20/10/2021,2021-10-20,יום רביעי,2021,10,אוקטובר,20,https://a99.mediacast.co.il/99fm/mediafiles/haboker_full_201021.mp3,,יום רביעי | 20/10/2021
21/10/2021,2021-10-21,יום חמישי,2021,10,אוקטובר,21,https://a99.mediacast.co.il/99fm/mediafiles/haboker_full_211021.mp3,,יום חמישי | 21/10/2021
24/10/2021,2021-10-24,יום ראשון,2021,10,אוקטובר,24,https://a99.mediacast.co.il/99fm/mediafiles/haboker_full_241021.mp3,,יום ראשון | 24/10/2021
25/10/2021,2021-10-25,יום שני,2021,10,אוקטובר,25,https://a99.mediacast.co.il/99fm/mediafiles/haboker_full_251021.mp3,,יום שני | 25/10/2021
26/10/2021,2021-10-26,יום שלישי,2021,10,אוקטובר,26,https://a99.mediacast.co.il/99fm/mediafiles/haboker_full_261021.mp3,,יום שלישי | 26/10/2021
27/10/2021,2021-10-27,יום רביעי,2021,10,אוקטובר,27,https://a99.mediacast.co.il/99fm/mediafiles/haboker_full_271021.mp3,,יום רביעי | 27/10/2021
28/10/2021,2021-10-28,יום חמישי,2021,10,אוקטובר,28,https://a99.mediacast.co.il/99fm/mediafiles/haboker_full_281021.mp3,,יום חמישי | 28/10/2021
31/10/2021,2021-10-31,יום ראשון,2021,10,אוקטובר,31,https://a99.mediacast.co.il/99fm/mediafiles/haboker_full_311021.mp3,,יום ראשון | 31/10/2021
01/11/2021,2021-11-01,יום שני,2021,11,נובמבר,1,https://a99.mediacast.co.il/99fm/mediafiles/haboker_full_011121.mp3,,יום שני | 01/11/2021
02/11/2021,2021-11-02,יום שלישי,2021,11,נובמבר,2,https://a99.mediacast.co.il/99fm/mediafiles/haboker_full_021121.mp3,,יום שלישי | 02/11/2021
03/11/2021,2021-11-03,יום רביעי,2021,11,נובמבר,3,https://a99.mediacast.co.il/99fm/mediafiles/haboker_full_031121.mp3,,יום רביעי | 03/11/2021
04/11/2021,2021-11-04,יום חמישי,2021,11,נובמבר,4,https://a99.mediacast.co.il/99fm/mediafiles/haboker_full_041121.mp3,,יום חמישי | 04/11/2021
07/11/2021,2021-11-07,יום ראשון,2021,11,נובמבר,7,https://a99.mediacast.co.il/99fm/mediafiles/haboker_full_071121.mp3,,יום ראשון | 07/11/2021
08/11/2021,2021-11-08,יום שני,2021,11,נובמבר,8,https://a99.mediacast.co.il/99fm/mediafiles/haboker_full_081121.mp3,,יום שני | 08/11/2021
09/11/2021,2021-11-09,יום שלישי,2021,11,נובמבר,9,https://a99.mediacast.co.il/99fm/mediafiles/haboker_full_091121.mp3,,יום שלישי | 09/11/2021
10/11/2021,2021-11-10,יום רביעי,2021,11,נובמבר,10,https://a99.mediacast.co.il/99fm/mediafiles/haboker_full_101121.mp3,,יום רביעי | 10/11/2021
11/11/2021,2021-11-11,יום חמישי,2021,11,נובמבר,11,https://a99.mediacast.co.il/99fm/mediafiles/haboker_full_111121.mp3,,יום חמישי | 11/11/2021
14/11/2021,2021-11-14,יום ראשון,2021,11,נובמבר,14,https://a99.mediacast.co.il/99fm/mediafiles/haboker_full_141121.mp3,,יום ראשון | 14/11/2021
15/11/2021,2021-11-15,יום שני,2021,11,נובמבר,15,https://a99.mediacast.co.il/99fm/mediafiles/haboker_full_151121.mp3,,יום שני | 15/11/2021
16/11/2021,2021-11-16,יום שלישי,2021,11,נובמבר,16,https://a99.mediacast.co.il/99fm/mediafiles/haboker_full_161121.mp3,,יום שלישי | 16/11/2021
17/11/2021,2021-11-17,יום רביעי,2021,11,נובמבר,17,https://a99.mediacast.co.il/99fm/mediafiles/haboker_full_171121.mp3,,יום רביעי | 17/11/2021
18/11/2021,2021-11-18,יום חמישי,2021,11,נובמבר,18,https://a99.mediacast.co.il/99fm/mediafiles/haboker_full_181121.mp3,,יום חמישי | 18/11/2021
21/11/2021,2021-11-21,יום ראשון,2021,11,נובמבר,21,https://a99.mediacast.co.il/99fm/mediafiles/haboker_full_211121.mp3,,יום ראשון | 21/11/2021
22/11/2021,2021-11-22,יום שני,2021,11,נובמבר,22,https://a99.mediacast.co.il/99fm/mediafiles/haboker_full_221121.mp3,,יום שני | 22/11/2021
23/11/2021,2021-11-23,יום שלישי,2021,11,נובמבר,23,https://a99.mediacast.co.il/99fm/mediafiles/haboker_full_231121.mp3,,יום שלישי | 23/11/2021
24/11/2021,2021-11-24,יום רביעי,2021,11,נובמבר,24,https://a99.mediacast.co.il/99fm/mediafiles/haboker_full_241121.mp3,,יום רביעי | 24/11/2021
25/11/2021,2021-11-25,יום חמישי,2021,11,נובמבר,25,https://a99.mediacast.co.il/99fm/mediafiles/haboker_full_251121.mp3,,יום חמישי | 25/11/2021
28/11/2021,2021-11-28,יום ראשון,2021,11,נובמבר,28,https://a99.mediacast.co.il/99fm/mediafiles/haboker_full_281121.mp3,,יום ראשון | 28/11/2021
29/11/2021,2021-11-29,יום שני,2021,11,נובמבר,29,https://a99.mediacast.co.il/99fm/mediafiles/haboker_full_291121.mp3,,יום שני | 29/11/2021
30/11/2021,2021-11-30,יום שלישי,2021,11,נובמבר,30,https://a99.mediacast.co.il/99fm/mediafiles/haboker_full_301121.mp3,,יום שלישי | 30/11/2021
12/12/2021,2021-12-12,יום ראשון,2021,12,דצמבר,12,https://a99.mediacast.co.il/99fm/mediafiles/haboker_full_121221.mp3,,יום ראשון | 12/12/2021
13/12/2021,2021-12-13,יום שני,2021,12,דצמבר,13,https://a99.mediacast.co.il/99fm/mediafiles/haboker_full_131221.mp3,,יום שני | 13/12/2021
14/12/2021,2021-12-14,יום שלישי,2021,12,דצמבר,14,https://a99.mediacast.co.il/99fm/mediafiles/haboker_full_141221.mp3,,יום שלישי | 14/12/2021
15/12/2021,2021-12-15,יום רביעי,2021,12,דצמבר,15,https://a99.mediacast.co.il/99fm/mediafiles/haboker_full_151221.mp3,,יום רביעי | 15/12/2021
16/12/2021,2021-12-16,יום חמישי,2021,12,דצמבר,16,https://a99.mediacast.co.il/99fm/mediafiles/haboker_full_161221.mp3,,יום חמישי | 16/12/2021
19/12/2021,2021-12-19,יום ראשון,2021,12,דצמבר,19,https://a99.mediacast.co.il/99fm/mediafiles/haboker_full_191221.mp3,,יום ראשון | 19/12/2021
20/12/2021,2021-12-20,יום שני,2021,12,דצמבר,20,https://a99.mediacast.co.il/99fm/mediafiles/haboker_full_201221.mp3,,יום שני | 20/12/2021
21/12/2021,2021-12-21,יום שלישי,2021,12,דצמבר,21,https://a99.mediacast.co.il/99fm/mediafiles/haboker_full_211221.mp3,,יום שלישי | 21/12/2021
22/12/2021,2021-12-22,יום רביעי,2021,12,דצמבר,22,https://a99.mediacast.co.il/99fm/mediafiles/haboker_full_221221.mp3,,יום רביעי | 22/12/2021
23/12/2021,2021-12-23,יום חמישי,2021,12,דצמבר,23,https://a99.mediacast.co.il/99fm/mediafiles/haboker_full_231221.mp3,,יום חמישי | 23/12/2021
26/12/2021,2021-12-26,יום ראשון,2021,12,דצמבר,26,https://a99.mediacast.co.il/99fm/mediafiles/haboker_full_261221.mp3,,יום ראשון | 26/12/2021
27/12/2021,2021-12-27,יום שני,2021,12,דצמבר,27,https://a99.mediacast.co.il/99fm/mediafiles/haboker_full_271221.mp3,,יום שני | 27/12/2021
28/12/2021,2021-12-28,יום שלישי,2021,12,דצמבר,28,https://a99.mediacast.co.il/99fm/mediafiles/haboker_full_281221.mp3,,יום שלישי | 28/12/2021
29/12/2021,2021-12-29,יום רביעי,2021,12,דצמבר,29,https://a99.mediacast.co.il/99fm/mediafiles/haboker_full_291221.mp3,,יום רביעי | 29/12/2021
30/12/2021,2021-12-30,יום חמישי,2021,12,דצמבר,30,https://a99.mediacast.co.il/99fm/mediafiles/haboker_full_301221.mp3,,יום חמישי | 30/12/2021
02/01/2022,2022-01-02,יום ראשון,2022,1,ינואר,2,https://a99.mediacast.co.il/99fm/mediafiles/haboker_full_020122.mp3,,יום ראשון | 02/01/2022
03/01/2022,2022-01-03,יום שני,2022,1,ינואר,3,https://a99.mediacast.co.il/99fm/mediafiles/haboker_full_030122.mp3,,יום שני | 03/01/2022
04/01/2022,2022-01-04,יום שלישי,2022,1,ינואר,4,https://a99.mediacast.co.il/99fm/mediafiles/haboker_full_040122.mp3,,יום שלישי | 04/01/2022
05/01/2022,2022-01-05,יום רביעי,2022,1,ינואר,5,https://a99.mediacast.co.il/99fm/mediafiles/haboker_full_050122.mp3,,יום רביעי | 05/01/2022
06/01/2022,2022-01-06,יום חמישי,2022,1,ינואר,6,https://a99.mediacast.co.il/99fm/mediafiles/haboker_full_060122.mp3,,יום חמישי | 06/01/2022
09/01/2022,2022-01-09,יום ראשון,2022,1,ינואר,9,https://a99.mediacast.co.il/99fm/mediafiles/haboker_full_090122.mp3,,יום ראשון | 09/01/2022
10/01/2022,2022-01-10,יום שני,2022,1,ינואר,10,https://a99.mediacast.co.il/99fm/mediafiles/haboker_full_100122.mp3,,יום שני | 10/01/2022
11/01/2022,2022-01-11,יום שלישי,2022,1,ינואר,11,https://a99.mediacast.co.il/99fm/mediafiles/haboker_full_110122.mp3,,יום שלישי | 11/01/2022
12/01/2022,2022-01-12,יום רביעי,2022,1,ינואר,12,https://a99.mediacast.co.il/99fm/mediafiles/haboker_full_120122.mp3,,יום רביעי | 12/01/2022
13/01/2022,2022-01-13,יום חמישי,2022,1,ינואר,13,https://a99.mediacast.co.il/99fm/mediafiles/haboker_full_130122.mp3,,יום חמישי | 13/01/2022
16/01/2022,2022-01-16,יום ראשון,2022,1,ינואר,16,https://a99.mediacast.co.il/99fm/mediafiles/haboker_full_160122.mp3,,יום ראשון | 16/01/2022
17/01/2022,2022-01-17,יום שני,2022,1,ינואר,17,https://a99.mediacast.co.il/99fm/mediafiles/haboker_full_170122.mp3,,יום שני | 17/01/2022
18/01/2022,2022-01-18,יום שלישי,2022,1,ינואר,18,https://a99.mediacast.co.il/99fm/mediafiles/haboker_full_180122.mp3,,יום שלישי | 18/01/2022
19/01/2022,2022-01-19,יום רביעי,2022,1,ינואר,19,https://a99.mediacast.co.il/99fm/mediafiles/haboker_full_190122.mp3,,יום רביעי | 19/01/2022
20/01/2022,2022-01-20,יום חמישי,2022,1,ינואר,20,https://a99.mediacast.co.il/99fm/mediafiles/haboker_full_200122.mp3,,יום חמישי | 20/01/2022
23/01/2022,2022-01-23,יום ראשון,2022,1,ינואר,23,https://a99.mediacast.co.il/99fm/mediafiles/haboker_full_230122.mp3,,יום ראשון | 23/01/2022
24/01/2022,2022-01-24,יום שני,2022,1,ינואר,24,https://a99.mediacast.co.il/99fm/mediafiles/haboker_full_240122.mp3,,יום שני | 24/01/2022
25/01/2022,2022-01-25,יום שלישי,2022,1,ינואר,25,https://a99.mediacast.co.il/99fm/mediafiles/haboker_full_250122.mp3,,יום שלישי | 25/01/2022
26/01/2022,2022-01-26,יום רביעי,2022,1,ינואר,26,https://a99.mediacast.co.il/99fm/mediafiles/haboker_full_260122.mp3,,יום רביעי | 26/01/2022
27/01/2022,2022-01-27,יום חמישי,2022,1,ינואר,27,https://a99.mediacast.co.il/99fm/mediafiles/haboker_full_270122.mp3,,יום חמישי | 27/01/2022
30/01/2022,2022-01-30,יום ראשון,2022,1,ינואר,30,https://a99.mediacast.co.il/99fm/mediafiles/haboker_full_300122.mp3,,יום ראשון | 30/01/2022
31/01/2022,2022-01-31,יום שני,2022,1,ינואר,31,https://a99.mediacast.co.il/99fm/mediafiles/haboker_full_310122.mp3,,יום שני | 31/01/2022
01/02/2022,2022-02-01,יום שלישי,2022,2,פברואר,1,https://a99.mediacast.co.il/99fm/mediafiles/haboker_full_010222.mp3,,יום שלישי | 01/02/2022
02/02/2022,2022-02-02,יום רביעי,2022,2,פברואר,2,https://a99.mediacast.co.il/99fm/mediafiles/haboker_full_020222.mp3,,יום רביעי | 02/02/2022
03/02/2022,2022-02-03,יום חמישי,2022,2,פברואר,3,https://a99.mediacast.co.il/99fm/mediafiles/haboker_full_030222.mp3,,יום חמישי | 03/02/2022
06/02/2022,2022-02-06,יום ראשון,2022,2,פברואר,6,https://a99.mediacast.co.il/99fm/mediafiles/haboker_full_060222.mp3,,יום ראשון | 06/02/2022
07/02/2022,2022-02-07,יום שני,2022,2,פברואר,7,https://a99.mediacast.co.il/99fm/mediafiles/haboker_full_070222.mp3,,יום שני | 07/02/2022
08/02/2022,2022-02-08,יום שלישי,2022,2,פברואר,8,https://a99.mediacast.co.il/99fm/mediafiles/haboker_full_080222.mp3,,יום שלישי | 08/02/2022
09/02/2022,2022-02-09,יום רביעי,2022,2,פברואר,9,https://a99.mediacast.co.il/99fm/mediafiles/haboker_full_090222.mp3,,יום רביעי | 09/02/2022
10/02/2022,2022-02-10,יום חמישי,2022,2,פברואר,10,https://a99.mediacast.co.il/99fm/mediafiles/haboker_full_100222.mp3,,יום חמישי | 10/02/2022
13/02/2022,2022-02-13,יום ראשון,2022,2,פברואר,13,https://a99.mediacast.co.il/99fm/mediafiles/haboker_full_130222.mp3,,יום ראשון | 13/02/2022
14/02/2022,2022-02-14,יום שני,2022,2,פברואר,14,https://a99.mediacast.co.il/99fm/mediafiles/haboker_full_140222.mp3,,יום שני | 14/02/2022
15/02/2022,2022-02-15,יום שלישי,2022,2,פברואר,15,https://a99.mediacast.co.il/99fm/mediafiles/haboker_full_150222.mp3,,יום שלישי | 15/02/2022
16/02/2022,2022-02-16,יום רביעי,2022,2,פברואר,16,https://a99.mediacast.co.il/99fm/mediafiles/haboker_full_160222.mp3,,יום רביעי | 16/02/2022
17/02/2022,2022-02-17,יום חמישי,2022,2,פברואר,17,https://a99.mediacast.co.il/99fm/mediafiles/haboker_full_170222.mp3,,יום חמישי | 17/02/2022
20/02/2022,2022-02-20,יום ראשון,2022,2,פברואר,20,https://a99.mediacast.co.il/99fm/mediafiles/haboker_full_200222.mp3,,יום ראשון | 20/02/2022
21/02/2022,2022-02-21,יום שני,2022,2,פברואר,21,https://a99.mediacast.co.il/99fm/mediafiles/haboker_full_210222.mp3,,יום שני | 21/02/2022
22/02/2022,2022-02-22,יום שלישי,2022,2,פברואר,22,https://a99.mediacast.co.il/99fm/mediafiles/haboker_full_220222.mp3,,יום שלישי | 22/02/2022
23/02/2022,2022-02-23,יום רביעי,2022,2,פברואר,23,https://a99.mediacast.co.il/99fm/mediafiles/haboker_full_230222.mp3,,יום רביעי | 23/02/2022
24/02/2022,2022-02-24,יום חמישי,2022,2,פברואר,24,https://a99.mediacast.co.il/99fm/mediafiles/haboker_full_240222.mp3,,יום חמישי | 24/02/2022
28/02/2022,2022-02-28,יום שני,2022,2,פברואר,28,https://a99.mediacast.co.il/99fm/mediafiles/haboker_full_280222.mp3,,יום שני | 28/02/2022
01/03/2022,2022-03-01,יום שלישי,2022,3,מרץ,1,https://a99.mediacast.co.il/99fm/mediafiles/haboker_full_010322.mp3,,יום שלישי | 01/03/2022
02/03/2022,2022-03-02,יום רביעי,2022,3,מרץ,2,https://a99.mediacast.co.il/99fm/mediafiles/haboker_full_020322.mp3,,יום רביעי | 02/03/2022
03/03/2022,2022-03-03,יום חמישי,2022,3,מרץ,3,https://a99.mediacast.co.il/99fm/mediafiles/haboker_full_030322.mp3,,יום חמישי | 03/03/2022
06/03/2022,2022-03-06,יום ראשון,2022,3,מרץ,6,https://a99.mediacast.co.il/99fm/mediafiles/haboker_full_060322.mp3,,יום ראשון | 06/03/2022
07/03/2022,2022-03-07,יום שני,2022,3,מרץ,7,https://a99.mediacast.co.il/99fm/mediafiles/haboker_full_070322.mp3,,יום שני | 07/03/2022
08/03/2022,2022-03-08,יום שלישי,2022,3,מרץ,8,https://a99.mediacast.co.il/99fm/mediafiles/haboker_full_080322.mp3,,יום שלישי | 08/03/2022
09/03/2022,2022-03-09,יום רביעי,2022,3,מרץ,9,https://a99.mediacast.co.il/99fm/mediafiles/haboker_full_090322.mp3,,יום רביעי | 09/03/2022
10/03/2022,2022-03-10,יום חמישי,2022,3,מרץ,10,https://a99.mediacast.co.il/99fm/mediafiles/haboker_full_100322.mp3,,יום חמישי | 10/03/2022
13/03/2022,2022-03-13,יום ראשון,2022,3,מרץ,13,https://a99.mediacast.co.il/99fm/mediafiles/haboker_full_130322.mp3,,יום ראשון | 13/03/2022
14/03/2022,2022-03-14,יום שני,2022,3,מרץ,14,https://a99.mediacast.co.il/99fm/mediafiles/haboker_full_140322.mp3,,יום שני | 14/03/2022
15/03/2022,2022-03-15,יום שלישי,2022,3,מרץ,15,https://a99.mediacast.co.il/99fm/mediafiles/haboker_full_150322.mp3,,יום שלישי | 15/03/2022
16/03/2022,2022-03-16,יום רביעי,2022,3,מרץ,16,https://a99.mediacast.co.il/99fm/mediafiles/haboker_full_160322.mp3,,יום רביעי | 16/03/2022
17/03/2022,2022-03-17,יום חמישי,2022,3,מרץ,17,https://a99.mediacast.co.il/99fm/mediafiles/haboker_full_170322.mp3,,יום חמישי | 17/03/2022
20/03/2022,2022-03-20,יום ראשון,2022,3,מרץ,20,https://a99.mediacast.co.il/99fm/mediafiles/haboker_full_200322.mp3,,יום ראשון | 20/03/2022
21/03/2022,2022-03-21,יום שני,2022,3,מרץ,21,https://a99.mediacast.co.il/99fm/mediafiles/haboker_full_210322.mp3,,יום שני | 21/03/2022
22/03/2022,2022-03-22,יום שלישי,2022,3,מרץ,22,https://a99.mediacast.co.il/99fm/mediafiles/haboker_full_220322.mp3,,יום שלישי | 22/03/2022
23/03/2022,2022-03-23,יום רביעי,2022,3,מרץ,23,https://a99.mediacast.co.il/99fm/mediafiles/haboker_full_230322.mp3,,יום רביעי | 23/03/2022
24/03/2022,2022-03-24,יום חמישי,2022,3,מרץ,24,https://a99.mediacast.co.il/99fm/mediafiles/haboker_full_240322.mp3,,יום חמישי | 24/03/2022
27/03/2022,2022-03-27,יום ראשון,2022,3,מרץ,27,https://a99.mediacast.co.il/99fm/mediafiles/haboker_full_270322.mp3,,יום ראשון | 27/03/2022
28/03/2022,2022-03-28,יום שני,2022,3,מרץ,28,https://a99.mediacast.co.il/99fm/mediafiles/haboker_full_280322.mp3,,יום שני | 28/03/2022
29/03/2022,2022-03-29,יום שלישי,2022,3,מרץ,29,https://a99.mediacast.co.il/99fm/mediafiles/haboker_full_290322.mp3,,יום שלישי | 29/03/2022
30/03/2022,2022-03-30,יום רביעי,2022,3,מרץ,30,https://a99.mediacast.co.il/99fm/mediafiles/haboker_full_300322.mp3,,יום רביעי | 30/03/2022
31/03/2022,2022-03-31,יום חמישי,2022,3,מרץ,31,https://a99.mediacast.co.il/99fm/mediafiles/haboker_full_310322.mp3,,יום חמישי | 31/03/2022
03/04/2022,2022-04-03,יום ראשון,2022,4,אפריל,3,https://a99.mediacast.co.il/99fm/mediafiles/haboker_full_030422.mp3,,יום ראשון | 03/04/2022
04/04/2022,2022-04-04,יום שני,2022,4,אפריל,4,https://a99.mediacast.co.il/99fm/mediafiles/haboker_full_040422.mp3,,יום שני | 04/04/2022
05/04/2022,2022-04-05,יום שלישי,2022,4,אפריל,5,https://a99.mediacast.co.il/99fm/mediafiles/haboker_full_050422.mp3,,יום שלישי | 05/04/2022
06/04/2022,2022-04-06,יום רביעי,2022,4,אפריל,6,https://a99.mediacast.co.il/99fm/mediafiles/haboker_full_060422.mp3,,יום רביעי | 06/04/2022
07/04/2022,2022-04-07,יום חמישי,2022,4,אפריל,7,https://a99.mediacast.co.il/99fm/mediafiles/haboker_full_070422.mp3,,יום חמישי | 07/04/2022
10/04/2022,2022-04-10,יום ראשון,2022,4,אפריל,10,https://a99.mediacast.co.il/99fm/mediafiles/haboker_full_100422.mp3,,יום ראשון | 10/04/2022
11/04/2022,2022-04-11,יום שני,2022,4,אפריל,11,https://a99.mediacast.co.il/99fm/mediafiles/haboker_full_110422.mp3,,יום שני | 11/04/2022
12/04/2022,2022-04-12,יום שלישי,2022,4,אפריל,12,https://a99.mediacast.co.il/99fm/mediafiles/haboker_full_120422.mp3,,יום שלישי | 12/04/2022
13/04/2022,2022-04-13,יום רביעי,2022,4,אפריל,13,https://a99.mediacast.co.il/99fm/mediafiles/haboker_full_130422.mp3,,יום רביעי | 13/04/2022
14/04/2022,2022-04-14,יום חמישי,2022,4,אפריל,14,https://a99.mediacast.co.il/99fm/mediafiles/haboker_full_140422.mp3,,יום חמישי | 14/04/2022
24/04/2022,2022-04-24,יום ראשון,2022,4,אפריל,24,https://a99.mediacast.co.il/99fm/mediafiles/haboker_full_240422.mp3,,יום ראשון | 24/04/2022
25/04/2022,2022-04-25,יום שני,2022,4,אפריל,25,https://a99.mediacast.co.il/99fm/mediafiles/haboker_full_250422.mp3,,יום שני | 25/04/2022
26/04/2022,2022-04-26,יום שלישי,2022,4,אפריל,26,https://a99.mediacast.co.il/99fm/mediafiles/haboker_full_260422.mp3,,יום שלישי | 26/04/2022
27/04/2022,2022-04-27,יום רביעי,2022,4,אפריל,27,https://a99.mediacast.co.il/99fm/mediafiles/haboker_full_270422.mp3,,יום רביעי | 27/04/2022
01/05/2022,2022-05-01,יום ראשון,2022,5,מאי,1,https://a99.mediacast.co.il/99fm/mediafiles/haboker_full_010522.mp3,,יום ראשון | 01/05/2022
02/05/2022,2022-05-02,יום שני,2022,5,מאי,2,https://a99.mediacast.co.il/99fm/mediafiles/haboker_full_020522.mp3,,יום שני | 02/05/2022
03/05/2022,2022-05-03,יום שלישי,2022,5,מאי,3,https://a99.mediacast.co.il/99fm/mediafiles/haboker_full_030522.mp3,,יום שלישי | 03/05/2022
08/05/2022,2022-05-08,יום ראשון,2022,5,מאי,8,https://a99.mediacast.co.il/99fm/mediafiles/haboker_full_080522.mp3,,יום ראשון | 08/05/2022
09/05/2022,2022-05-09,יום שני,2022,5,מאי,9,https://a99.mediacast.co.il/99fm/mediafiles/haboker_full_090522.mp3,,יום שני | 09/05/2022
10/05/2022,2022-05-10,יום שלישי,2022,5,מאי,10,https://a99.mediacast.co.il/99fm/mediafiles/haboker_full_100522.mp3,,יום שלישי | 10/05/2022
11/05/2022,2022-05-11,יום רביעי,2022,5,מאי,11,https://a99.mediacast.co.il/99fm/mediafiles/haboker_full_110522.mp3,,יום רביעי | 11/05/2022
12/05/2022,2022-05-12,יום חמישי,2022,5,מאי,12,https://a99.mediacast.co.il/99fm/mediafiles/haboker_full_120522.mp3,,יום חמישי | 12/05/2022
15/05/2022,2022-05-15,יום ראשון,2022,5,מאי,15,https://a99.mediacast.co.il/99fm/mediafiles/haboker_full_150522.mp3,,יום ראשון | 15/05/2022
16/05/2022,2022-05-16,יום שני,2022,5,מאי,16,https://a99.mediacast.co.il/99fm/mediafiles/haboker_full_160522.mp3,,יום שני | 16/05/2022
17/05/2022,2022-05-17,יום שלישי,2022,5,מאי,17,https://a99.mediacast.co.il/99fm/mediafiles/haboker_full_170522.mp3,,יום שלישי | 17/05/2022
18/05/2022,2022-05-18,יום רביעי,2022,5,מאי,18,https://a99.mediacast.co.il/99fm/mediafiles/haboker_full_180522.mp3,,יום רביעי | 18/05/2022
19/05/2022,2022-05-19,יום חמישי,2022,5,מאי,19,https://a99.mediacast.co.il/99fm/mediafiles/haboker_full_190522.mp3,,יום חמישי | 19/05/2022
22/05/2022,2022-05-22,יום ראשון,2022,5,מאי,22,https://a99.mediacast.co.il/99fm/mediafiles/haboker_full_220522.mp3,,יום ראשון | 22/05/2022
23/05/2022,2022-05-23,יום שני,2022,5,מאי,23,https://a99.mediacast.co.il/99fm/mediafiles/haboker_full_230522.mp3,,יום שני | 23/05/2022
24/05/2022,2022-05-24,יום שלישי,2022,5,מאי,24,https://a99.mediacast.co.il/99fm/mediafiles/haboker_full_240522.mp3,,יום שלישי | 24/05/2022
25/05/2022,2022-05-25,יום רביעי,2022,5,מאי,25,https://a99.mediacast.co.il/99fm/mediafiles/haboker_full_250522.mp3,,יום רביעי | 25/05/2022
26/05/2022,2022-05-26,יום חמישי,2022,5,מאי,26,https://a99.mediacast.co.il/99fm/mediafiles/haboker_full_260522.mp3,,יום חמישי | 26/05/2022
29/05/2022,2022-05-29,יום ראשון,2022,5,מאי,29,https://a99.mediacast.co.il/99fm/mediafiles/haboker_full_290522.mp3,,יום ראשון | 29/05/2022
30/05/2022,2022-05-30,יום שני,2022,5,מאי,30,https://a99.mediacast.co.il/99fm/mediafiles/haboker_full_300522.mp3,,יום שני | 30/05/2022
31/05/2022,2022-05-31,יום שלישי,2022,5,מאי,31,https://a99.mediacast.co.il/99fm/mediafiles/haboker_full_310522.mp3,,יום שלישי | 31/05/2022
01/06/2022,2022-06-01,יום רביעי,2022,6,יוני,1,https://a99.mediacast.co.il/99fm/mediafiles/haboker_full_010622.mp3,,יום רביעי | 01/06/2022
02/06/2022,2022-06-02,יום חמישי,2022,6,יוני,2,https://a99.mediacast.co.il/99fm/mediafiles/haboker_full_020622.mp3,,יום חמישי | 02/06/2022
06/06/2022,2022-06-06,יום שני,2022,6,יוני,6,https://a99.mediacast.co.il/99fm/mediafiles/haboker_full_060622.mp3,,יום שני | 06/06/2022
07/06/2022,2022-06-07,יום שלישי,2022,6,יוני,7,https://a99.mediacast.co.il/99fm/mediafiles/haboker_full_070622.mp3,,יום שלישי | 07/06/2022
08/06/2022,2022-06-08,יום רביעי,2022,6,יוני,8,https://a99.mediacast.co.il/99fm/mediafiles/haboker_full_080622.mp3,,יום רביעי | 08/06/2022
09/06/2022,2022-06-09,יום חמישי,2022,6,יוני,9,https://a99.mediacast.co.il/99fm/mediafiles/haboker_full_090622.mp3,,יום חמישי | 09/06/2022
12/06/2022,2022-06-12,יום ראשון,2022,6,יוני,12,https://a99.mediacast.co.il/99fm/mediafiles/haboker_full_120622.mp3,,יום ראשון | 12/06/2022
13/06/2022,2022-06-13,יום שני,2022,6,יוני,13,https://a99.mediacast.co.il/99fm/mediafiles/haboker_full_130622.mp3,,יום שני | 13/06/2022
14/06/2022,2022-06-14,יום שלישי,2022,6,יוני,14,https://a99.mediacast.co.il/99fm/mediafiles/haboker_full_140622.mp3,,יום שלישי | 14/06/2022
15/06/2022,2022-06-15,יום רביעי,2022,6,יוני,15,https://a99.mediacast.co.il/99fm/mediafiles/haboker_full_150622.mp3,,יום רביעי | 15/06/2022
16/06/2022,2022-06-16,יום חמישי,2022,6,יוני,16,https://a99.mediacast.co.il/99fm/mediafiles/haboker_full_160622.mp3,,יום חמישי | 16/06/2022
19/06/2022,2022-06-19,יום ראשון,2022,6,יוני,19,https://a99.mediacast.co.il/99fm/mediafiles/haboker_full_190622.mp3,,יום ראשון | 19/06/2022
20/06/2022,2022-06-20,יום שני,2022,6,יוני,20,https://a99.mediacast.co.il/99fm/mediafiles/haboker_full_200622.mp3,,יום שני | 20/06/2022
21/06/2022,2022-06-21,יום שלישי,2022,6,יוני,21,https://a99.mediacast.co.il/99fm/mediafiles/haboker_full_210622.mp3,,יום שלישי | 21/06/2022
22/06/2022,2022-06-22,יום רביעי,2022,6,יוני,22,https://a99.mediacast.co.il/99fm/mediafiles/haboker_full_220622.mp3,,יום רביעי | 22/06/2022
23/06/2022,2022-06-23,יום חמישי,2022,6,יוני,23,https://a99.mediacast.co.il/99fm/mediafiles/haboker_full_230622.mp3,,יום חמישי | 23/06/2022
26/06/2022,2022-06-26,יום ראשון,2022,6,יוני,26,https://a99.mediacast.co.il/99fm/mediafiles/haboker_full_260622.mp3,,יום ראשון | 26/06/2022
27/06/2022,2022-06-27,יום שני,2022,6,יוני,27,https://a99.mediacast.co.il/99fm/mediafiles/haboker_full_270622.mp3,,יום שני | 27/06/2022
28/06/2022,2022-06-28,יום שלישי,2022,6,יוני,28,https://a99.mediacast.co.il/99fm/mediafiles/haboker_full_280622.mp3,,יום שלישי | 28/06/2022
29/06/2022,2022-06-29,יום רביעי,2022,6,יוני,29,https://a99.mediacast.co.il/99fm/mediafiles/haboker_full_290622.mp3,,יום רביעי | 29/06/2022
03/07/2022,2022-07-03,יום ראשון,2022,7,יולי,3,https://a99.mediacast.co.il/99fm/mediafiles/haboker_full_030722.mp3,,יום ראשון | 03/07/2022
04/07/2022,2022-07-04,יום שני,2022,7,יולי,4,https://a99.mediacast.co.il/99fm/mediafiles/haboker_full_040722.mp3,,יום שני | 04/07/2022
05/07/2022,2022-07-05,יום שלישי,2022,7,יולי,5,https://a99.mediacast.co.il/99fm/mediafiles/haboker_full_050722.mp3,,יום שלישי | 05/07/2022
06/07/2022,2022-07-06,יום רביעי,2022,7,יולי,6,https://a99.mediacast.co.il/99fm/mediafiles/haboker_full_060722.mp3,,יום רביעי | 06/07/2022
07/07/2022,2022-07-07,יום חמישי,2022,7,יולי,7,https://a99.mediacast.co.il/99fm/mediafiles/haboker_full_070722.mp3,,יום חמישי | 07/07/2022
10/07/2022,2022-07-10,יום ראשון,2022,7,יולי,10,https://a99.mediacast.co.il/99fm/mediafiles/haboker_full_100722.mp3,,יום ראשון | 10/07/2022
11/07/2022,2022-07-11,יום שני,2022,7,יולי,11,https://a99.mediacast.co.il/99fm/mediafiles/haboker_full_110722.mp3,,יום שני | 11/07/2022
12/07/2022,2022-07-12,יום שלישי,2022,7,יולי,12,https://a99.mediacast.co.il/99fm/mediafiles/haboker_full_120722.mp3,,יום שלישי | 12/07/2022
13/07/2022,2022-07-13,יום רביעי,2022,7,יולי,13,https://a99.mediacast.co.il/99fm/mediafiles/haboker_full_130722.mp3,,יום רביעי | 13/07/2022
17/07/2022,2022-07-17,יום ראשון,2022,7,יולי,17,https://a99.mediacast.co.il/99fm/mediafiles/haboker_full_170722.mp3,,יום ראשון | 17/07/2022
18/07/2022,2022-07-18,יום שני,2022,7,יולי,18,https://a99.mediacast.co.il/99fm/mediafiles/haboker_full_180722.mp3,,יום שני | 18/07/2022
19/07/2022,2022-07-19,יום שלישי,2022,7,יולי,19,https://a99.mediacast.co.il/99fm/mediafiles/haboker_full_190722.mp3,,יום שלישי | 19/07/2022
20/07/2022,2022-07-20,יום רביעי,2022,7,יולי,20,https://a99.mediacast.co.il/99fm/mediafiles/haboker_full_200722.mp3,,יום רביעי | 20/07/2022
21/07/2022,2022-07-21,יום חמישי,2022,7,יולי,21,https://a99.mediacast.co.il/99fm/mediafiles/haboker_full_210722.mp3,,יום חמישי | 21/07/2022
24/07/2022,2022-07-24,יום ראשון,2022,7,יולי,24,https://a99.mediacast.co.il/99fm/mediafiles/haboker_full_240722.mp3,,יום ראשון | 24/07/2022
25/07/2022,2022-07-25,יום שני,2022,7,יולי,25,https://a99.mediacast.co.il/99fm/mediafiles/haboker_full_250722.mp3,,יום שני | 25/07/2022
26/07/2022,2022-07-26,יום שלישי,2022,7,יולי,26,https://a99.mediacast.co.il/99fm/mediafiles/haboker_full_260722.mp3,,יום שלישי | 26/07/2022
27/07/2022,2022-07-27,יום רביעי,2022,7,יולי,27,https://a99.mediacast.co.il/99fm/mediafiles/haboker_full_270722.mp3,,יום רביעי | 27/07/2022
01/08/2022,2022-08-01,יום שני,2022,8,אוגוסט,1,https://a99.mediacast.co.il/99fm/mediafiles/haboker_full_010822.mp3,,יום שני | 01/08/2022
02/08/2022,2022-08-02,יום שלישי,2022,8,אוגוסט,2,https://a99.mediacast.co.il/99fm/mediafiles/haboker_full_020822.mp3,,יום שלישי | 02/08/2022
03/08/2022,2022-08-03,יום רביעי,2022,8,אוגוסט,3,https://a99.mediacast.co.il/99fm/mediafiles/haboker_full_030822.mp3,,יום רביעי | 03/08/2022
04/08/2022,2022-08-04,יום חמישי,2022,8,אוגוסט,4,https://a99.mediacast.co.il/99fm/mediafiles/haboker_full_040822.mp3,,יום חמישי | 04/08/2022
08/08/2022,2022-08-08,יום שני,2022,8,אוגוסט,8,https://a99.mediacast.co.il/99fm/mediafiles/haboker_full_080822.mp3,,יום שני | 08/08/2022
09/08/2022,2022-08-09,יום שלישי,2022,8,אוגוסט,9,https://a99.mediacast.co.il/99fm/mediafiles/haboker_full_090822.mp3,,יום שלישי | 09/08/2022
10/08/2022,2022-08-10,יום רביעי,2022,8,אוגוסט,10,https://a99.mediacast.co.il/99fm/mediafiles/haboker_full_100822.mp3,,יום רביעי | 10/08/2022
11/08/2022,2022-08-11,יום חמישי,2022,8,אוגוסט,11,https://a99.mediacast.co.il/99fm/mediafiles/haboker_full_110822.mp3,,יום חמישי | 11/08/2022
14/08/2022,2022-08-14,יום ראשון,2022,8,אוגוסט,14,https://a99.mediacast.co.il/99fm/mediafiles/haboker_full_140822.mp3,,יום ראשון | 14/08/2022
15/08/2022,2022-08-15,יום שני,2022,8,אוגוסט,15,https://a99.mediacast.co.il/99fm/mediafiles/haboker_full_150822.mp3,,יום שני | 15/08/2022
16/08/2022,2022-08-16,יום שלישי,2022,8,אוגוסט,16,https://a99.mediacast.co.il/99fm/mediafiles/haboker_full_160822.mp3,,יום שלישי | 16/08/2022
17/08/2022,2022-08-17,יום רביעי,2022,8,אוגוסט,17,https://a99.mediacast.co.il/99fm/mediafiles/haboker_full_170822.mp3,,יום רביעי | 17/08/2022
18/08/2022,2022-08-18,יום חמישי,2022,8,אוגוסט,18,https://a99.mediacast.co.il/99fm/mediafiles/haboker_full_180822.mp3,,יום חמישי | 18/08/2022
21/08/2022,2022-08-21,יום ראשון,2022,8,אוגוסט,21,https://a99.mediacast.co.il/99fm/mediafiles/haboker_full_210822.mp3,,יום ראשון | 21/08/2022
22/08/2022,2022-08-22,יום שני,2022,8,אוגוסט,22,https://a99.mediacast.co.il/99fm/mediafiles/haboker_full_220822.mp3,,יום שני | 22/08/2022
23/08/2022,2022-08-23,יום שלישי,2022,8,אוגוסט,23,https://a99.mediacast.co.il/99fm/mediafiles/haboker_full_230822.mp3,,יום שלישי | 23/08/2022
24/08/2022,2022-08-24,יום רביעי,2022,8,אוגוסט,24,https://a99.mediacast.co.il/99fm/mediafiles/haboker_full_240822.mp3,,יום רביעי | 24/08/2022
25/08/2022,2022-08-25,יום חמישי,2022,8,אוגוסט,25,https://a99.mediacast.co.il/99fm/mediafiles/haboker_full_250822.mp3,,יום חמישי | 25/08/2022
28/08/2022,2022-08-28,יום ראשון,2022,8,אוגוסט,28,https://a99.mediacast.co.il/99fm/mediafiles/haboker_full_280822.mp3,,יום ראשון | 28/08/2022
29/08/2022,2022-08-29,יום שני,2022,8,אוגוסט,29,https://a99.mediacast.co.il/99fm/mediafiles/haboker_full_290822.mp3,,יום שני | 29/08/2022
30/08/2022,2022-08-30,יום שלישי,2022,8,אוגוסט,30,https://a99.mediacast.co.il/99fm/mediafiles/haboker_full_300822.mp3,,יום שלישי | 30/08/2022
31/08/2022,2022-08-31,יום רביעי,2022,8,אוגוסט,31,https://a99.mediacast.co.il/99fm/mediafiles/haboker_full_310822.mp3,,יום רביעי | 31/08/2022
01/09/2022,2022-09-01,יום חמישי,2022,9,ספטמבר,1,https://a99.mediacast.co.il/99fm/mediafiles/haboker_full_010922.mp3,,יום חמישי | 01/09/2022
04/09/2022,2022-09-04,יום ראשון,2022,9,ספטמבר,4,https://a99.mediacast.co.il/99fm/mediafiles/haboker_full_040922.mp3,,יום ראשון | 04/09/2022
05/09/2022,2022-09-05,יום שני,2022,9,ספטמבר,5,https://a99.mediacast.co.il/99fm/mediafiles/haboker_full_050922.mp3,,יום שני | 05/09/2022
06/09/2022,2022-09-06,יום שלישי,2022,9,ספטמבר,6,https://a99.mediacast.co.il/99fm/mediafiles/haboker_full_060922.mp3,,יום שלישי | 06/09/2022
07/09/2022,2022-09-07,יום רביעי,2022,9,ספטמבר,7,https://a99.mediacast.co.il/99fm/mediafiles/haboker_full_070922.mp3,,יום רביעי | 07/09/2022
08/09/2022,2022-09-08,יום חמישי,2022,9,ספטמבר,8,https://a99.mediacast.co.il/99fm/mediafiles/haboker_full_080922.mp3,,יום חמישי | 08/09/2022
11/09/2022,2022-09-11,יום ראשון,2022,9,ספטמבר,11,https://a99.mediacast.co.il/99fm/mediafiles/haboker_full_110922.mp3,,יום ראשון | 11/09/2022
12/09/2022,2022-09-12,יום שני,2022,9,ספטמבר,12,https://a99.mediacast.co.il/99fm/mediafiles/haboker_full_120922.mp3,,יום שני | 12/09/2022
13/09/2022,2022-09-13,יום שלישי,2022,9,ספטמבר,13,https://a99.mediacast.co.il/99fm/mediafiles/haboker_full_130922.mp3,,יום שלישי | 13/09/2022
14/09/2022,2022-09-14,יום רביעי,2022,9,ספטמבר,14,https://a99.mediacast.co.il/99fm/mediafiles/haboker_full_140922.mp3,,יום רביעי | 14/09/2022
15/09/2022,2022-09-15,יום חמישי,2022,9,ספטמבר,15,https://a99.mediacast.co.il/99fm/mediafiles/haboker_full_150922.mp3,,יום חמישי | 15/09/2022
18/09/2022,2022-09-18,יום ראשון,2022,9,ספטמבר,18,https://a99.mediacast.co.il/99fm/mediafiles/haboker_full_180922.mp3,,יום ראשון | 18/09/2022
19/09/2022,2022-09-19,יום שני,2022,9,ספטמבר,19,https://a99.mediacast.co.il/99fm/mediafiles/haboker_full_190922.mp3,,יום שני | 19/09/2022
20/09/2022,2022-09-20,יום שלישי,2022,9,ספטמבר,20,https://a99.mediacast.co.il/99fm/mediafiles/haboker_full_200922.mp3,,יום שלישי | 20/09/2022
21/09/2022,2022-09-21,יום רביעי,2022,9,ספטמבר,21,https://a99.mediacast.co.il/99fm/mediafiles/haboker_full_210922.mp3,,יום רביעי | 21/09/2022
22/09/2022,2022-09-22,יום חמישי,2022,9,ספטמבר,22,https://a99.mediacast.co.il/99fm/mediafiles/haboker_full_220922.mp3,,יום חמישי | 22/09/2022
18/10/2022,2022-10-18,יום שלישי,2022,10,אוקטובר,18,https://a99.mediacast.co.il/99fm/mediafiles/haboker_full_181022.mp3,,יום שלישי | 18/10/2022
19/10/2022,2022-10-19,יום רביעי,2022,10,אוקטובר,19,https://a99.mediacast.co.il/99fm/mediafiles/haboker_full_191022.mp3,,יום רביעי | 19/10/2022
20/10/2022,2022-10-20,יום חמישי,2022,10,אוקטובר,20,https://a99.mediacast.co.il/99fm/mediafiles/haboker_full_201022.mp3,,יום חמישי | 20/10/2022
23/10/2022,2022-10-23,יום ראשון,2022,10,אוקטובר,23,https://a99.mediacast.co.il/99fm/mediafiles/haboker_full_231022.mp3,,יום ראשון | 23/10/2022
24/10/2022,2022-10-24,יום שני,2022,10,אוקטובר,24,https://a99.mediacast.co.il/99fm/mediafiles/haboker_full_241022.mp3,,יום שני | 24/10/2022
25/10/2022,2022-10-25,יום שלישי,2022,10,אוקטובר,25,https://a99.mediacast.co.il/99fm/mediafiles/haboker_full_251022.mp3,,יום שלישי | 25/10/2022
26/10/2022,2022-10-26,יום רביעי,2022,10,אוקטובר,26,https://a99.mediacast.co.il/99fm/mediafiles/haboker_full_261022.mp3,,יום רביעי | 26/10/2022
27/10/2022,2022-10-27,יום חמישי,2022,10,אוקטובר,27,https://a99.mediacast.co.il/99fm/mediafiles/haboker_full_271022.mp3,,יום חמישי | 27/10/2022
30/10/2022,2022-10-30,יום ראשון,2022,10,אוקטובר,30,https://a99.mediacast.co.il/99fm/mediafiles/haboker_full_301022.mp3,,יום ראשון | 30/10/2022
31/10/2022,2022-10-31,יום שני,2022,10,אוקטובר,31,https://a99.mediacast.co.il/99fm/mediafiles/haboker_full_311022.mp3,,יום שני | 31/10/2022
01/11/2022,2022-11-01,יום שלישי,2022,11,נובמבר,1,https://a99.mediacast.co.il/99fm/mediafiles/haboker_full_011122.mp3,,יום שלישי | 01/11/2022
02/11/2022,2022-11-02,יום רביעי,2022,11,נובמבר,2,https://a99.mediacast.co.il/99fm/mediafiles/haboker_full_021122.mp3,,יום רביעי | 02/11/2022
03/11/2022,2022-11-03,יום חמישי,2022,11,נובמבר,3,https://a99.mediacast.co.il/99fm/mediafiles/haboker_full_031122.mp3,,יום חמישי | 03/11/2022
06/11/2022,2022-11-06,יום ראשון,2022,11,נובמבר,6,https://a99.mediacast.co.il/99fm/mediafiles/haboker_full_061122.mp3,,יום ראשון | 06/11/2022
07/11/2022,2022-11-07,יום שני,2022,11,נובמבר,7,https://a99.mediacast.co.il/99fm/mediafiles/haboker_full_071122.mp3,,יום שני | 07/11/2022
08/11/2022,2022-11-08,יום שלישי,2022,11,נובמבר,8,https://a99.mediacast.co.il/99fm/mediafiles/haboker_full_081122.mp3,,יום שלישי | 08/11/2022
09/11/2022,2022-11-09,יום רביעי,2022,11,נובמבר,9,https://a99.mediacast.co.il/99fm/mediafiles/haboker_full_091122.mp3,,יום רביעי | 09/11/2022
10/11/2022,2022-11-10,יום חמישי,2022,11,נובמבר,10,https://a99.mediacast.co.il/99fm/mediafiles/haboker_full_101122.mp3,,יום חמישי | 10/11/2022
13/11/2022,2022-11-13,יום ראשון,2022,11,נובמבר,13,https://a99.mediacast.co.il/99fm/mediafiles/haboker_full_131122.mp3,,יום ראשון | 13/11/2022
14/11/2022,2022-11-14,יום שני,2022,11,נובמבר,14,https://a99.mediacast.co.il/99fm/mediafiles/haboker_full_141122.mp3,,יום שני | 14/11/2022
15/11/2022,2022-11-15,יום שלישי,2022,11,נובמבר,15,https://a99.mediacast.co.il/99fm/mediafiles/haboker_full_151122.mp3,,יום שלישי | 15/11/2022
16/11/2022,2022-11-16,יום רביעי,2022,11,נובמבר,16,https://a99.mediacast.co.il/99fm/mediafiles/haboker_full_161122.mp3,,יום רביעי | 16/11/2022
17/11/2022,2022-11-17,יום חמישי,2022,11,נובמבר,17,https://a99.mediacast.co.il/99fm/mediafiles/haboker_full_171122.mp3,,יום חמישי | 17/11/2022
20/11/2022,2022-11-20,יום ראשון,2022,11,נובמבר,20,https://a99.mediacast.co.il/99fm/mediafiles/haboker_full_201122.mp3,,יום ראשון | 20/11/2022
21/11/2022,2022-11-21,יום שני,2022,11,נובמבר,21,https://a99.mediacast.co.il/99fm/mediafiles/haboker_full_211122.mp3,,יום שני | 21/11/2022
22/11/2022,2022-11-22,יום שלישי,2022,11,נובמבר,22,https://a99.mediacast.co.il/99fm/mediafiles/haboker_full_221122.mp3,,יום שלישי | 22/11/2022
23/11/2022,2022-11-23,יום רביעי,2022,11,נובמבר,23,https://a99.mediacast.co.il/99fm/mediafiles/haboker_full_231122.mp3,,יום רביעי | 23/11/2022
24/11/2022,2022-11-24,יום חמישי,2022,11,נובמבר,24,https://a99.mediacast.co.il/99fm/mediafiles/haboker_full_241122.mp3,,יום חמישי | 24/11/2022
27/11/2022,2022-11-27,יום ראשון,2022,11,נובמבר,27,https://a99.mediacast.co.il/99fm/mediafiles/haboker_full_271122.mp3,,יום ראשון | 27/11/2022
28/11/2022,2022-11-28,יום שני,2022,11,נובמבר,28,https://a99.mediacast.co.il/99fm/mediafiles/haboker_full_281122.mp3,,יום שני | 28/11/2022
29/11/2022,2022-11-29,יום שלישי,2022,11,נובמבר,29,https://a99.mediacast.co.il/99fm/mediafiles/haboker_full_291122.mp3,,יום שלישי | 29/11/2022
30/11/2022,2022-11-30,יום רביעי,2022,11,נובמבר,30,https://a99.mediacast.co.il/99fm/mediafiles/haboker_full_301122.mp3,,יום רביעי | 30/11/2022
01/12/2022,2022-12-01,יום חמישי,2022,12,דצמבר,1,https://a99.mediacast.co.il/99fm/mediafiles/haboker_full_011222.mp3,,יום חמישי | 01/12/2022
04/12/2022,2022-12-04,יום ראשון,2022,12,דצמבר,4,https://a99.mediacast.co.il/99fm/mediafiles/haboker_full_041222.mp3,,יום ראשון | 04/12/2022
05/12/2022,2022-12-05,יום שני,2022,12,דצמבר,5,https://a99.mediacast.co.il/99fm/mediafiles/haboker_full_051222.mp3,,יום שני | 05/12/2022
06/12/2022,2022-12-06,יום שלישי,2022,12,דצמבר,6,https://a99.mediacast.co.il/99fm/mediafiles/haboker_full_061222.mp3,,יום שלישי | 06/12/2022
07/12/2022,2022-12-07,יום רביעי,2022,12,דצמבר,7,https://a99.mediacast.co.il/99fm/mediafiles/haboker_full_071222.mp3,,יום רביעי | 07/12/2022
08/12/2022,2022-12-08,יום חמישי,2022,12,דצמבר,8,https://a99.mediacast.co.il/99fm/mediafiles/haboker_full_081222.mp3,,יום חמישי | 08/12/2022
11/12/2022,2022-12-11,יום ראשון,2022,12,דצמבר,11,https://a99.mediacast.co.il/99fm/mediafiles/haboker_full_111222.mp3,,יום ראשון | 11/12/2022
12/12/2022,2022-12-12,יום שני,2022,12,דצמבר,12,https://a99.mediacast.co.il/99fm/mediafiles/haboker_full_121222.mp3,,יום שני | 12/12/2022
13/12/2022,2022-12-13,יום שלישי,2022,12,דצמבר,13,https://a99.mediacast.co.il/99fm/mediafiles/haboker_full_131222.mp3,,יום שלישי | 13/12/2022
14/12/2022,2022-12-14,יום רביעי,2022,12,דצמבר,14,https://a99.mediacast.co.il/99fm/mediafiles/haboker_full_141222.mp3,,יום רביעי | 14/12/2022
15/12/2022,2022-12-15,יום חמישי,2022,12,דצמבר,15,https://a99.mediacast.co.il/99fm/mediafiles/haboker_full_151222.mp3,,יום חמישי | 15/12/2022
18/12/2022,2022-12-18,יום ראשון,2022,12,דצמבר,18,https://a99.mediacast.co.il/99fm/mediafiles/haboker_full_181222.mp3,,יום ראשון | 18/12/2022
19/12/2022,2022-12-19,יום שני,2022,12,דצמבר,19,https://a99.mediacast.co.il/99fm/mediafiles/haboker_full_191222.mp3,,יום שני | 19/12/2022
20/12/2022,2022-12-20,יום שלישי,2022,12,דצמבר,20,https://a99.mediacast.co.il/99fm/mediafiles/haboker_full_201222.mp3,,יום שלישי | 20/12/2022
21/12/2022,2022-12-21,יום רביעי,2022,12,דצמבר,21,https://a99.mediacast.co.il/99fm/mediafiles/haboker_full_211222.mp3,,יום רביעי | 21/12/2022
22/12/2022,2022-12-22,יום חמישי,2022,12,דצמבר,22,https://a99.mediacast.co.il/99fm/mediafiles/haboker_full_221222.mp3,,יום חמישי | 22/12/2022
25/12/2022,2022-12-25,יום ראשון,2022,12,דצמבר,25,https://a99.mediacast.co.il/99fm/mediafiles/haboker_full_251222.mp3,,יום ראשון | 25/12/2022
26/12/2022,2022-12-26,יום שני,2022,12,דצמבר,26,https://a99.mediacast.co.il/99fm/mediafiles/haboker_full_261222.mp3,,יום שני | 26/12/2022
27/12/2022,2022-12-27,יום שלישי,2022,12,דצמבר,27,https://a99.mediacast.co.il/99fm/mediafiles/haboker_full_271222.mp3,,יום שלישי | 27/12/2022
28/12/2022,2022-12-28,יום רביעי,2022,12,דצמבר,28,https://a99.mediacast.co.il/99fm/mediafiles/haboker_full_281222.mp3,,יום רביעי | 28/12/2022
29/12/2022,2022-12-29,יום חמישי,2022,12,דצמבר,29,https://a99.mediacast.co.il/99fm/mediafiles/haboker_full_291222.mp3,,יום חמישי | 29/12/2022
01/01/2023,2023-01-01,יום ראשון,2023,1,ינואר,1,https://a99.mediacast.co.il/99fm/mediafiles/haboker_full_010123.mp3,,יום ראשון | 01/01/2023
02/01/2023,2023-01-02,יום שני,2023,1,ינואר,2,https://a99.mediacast.co.il/99fm/mediafiles/haboker_full_020123.mp3,,יום שני | 02/01/2023
03/01/2023,2023-01-03,יום שלישי,2023,1,ינואר,3,https://a99.mediacast.co.il/99fm/mediafiles/haboker_full_030123.mp3,,יום שלישי | 03/01/2023
04/01/2023,2023-01-04,יום רביעי,2023,1,ינואר,4,https://a99.mediacast.co.il/99fm/mediafiles/haboker_full_040123.mp3,,יום רביעי | 04/01/2023
05/01/2023,2023-01-05,יום חמישי,2023,1,ינואר,5,https://a99.mediacast.co.il/99fm/mediafiles/haboker_full_050123.mp3,,יום חמישי | 05/01/2023
08/01/2023,2023-01-08,יום ראשון,2023,1,ינואר,8,https://a99.mediacast.co.il/99fm/mediafiles/haboker_full_080123.mp3,,יום ראשון | 08/01/2023
09/01/2023,2023-01-09,יום שני,2023,1,ינואר,9,https://a99.mediacast.co.il/99fm/mediafiles/haboker_full_090123.mp3,,יום שני | 09/01/2023
10/01/2023,2023-01-10,יום שלישי,2023,1,ינואר,10,https://a99.mediacast.co.il/99fm/mediafiles/haboker_full_100123.mp3,,יום שלישי | 10/01/2023
11/01/2023,2023-01-11,יום רביעי,2023,1,ינואר,11,https://a99.mediacast.co.il/99fm/mediafiles/haboker_full_110123.mp3,,יום רביעי | 11/01/2023
12/01/2023,2023-01-12,יום חמישי,2023,1,ינואר,12,https://a99.mediacast.co.il/99fm/mediafiles/haboker_full_120123.mp3,,יום חמישי | 12/01/2023
15/01/2023,2023-01-15,יום ראשון,2023,1,ינואר,15,https://a99.mediacast.co.il/99fm/mediafiles/haboker_full_150123.mp3,,יום ראשון | 15/01/2023
16/01/2023,2023-01-16,יום שני,2023,1,ינואר,16,https://a99.mediacast.co.il/99fm/mediafiles/haboker_full_160123.mp3,,יום שני | 16/01/2023
17/01/2023,2023-01-17,יום שלישי,2023,1,ינואר,17,https://a99.mediacast.co.il/99fm/mediafiles/haboker_full_170123.mp3,,יום שלישי | 17/01/2023
18/01/2023,2023-01-18,יום רביעי,2023,1,ינואר,18,https://a99.mediacast.co.il/99fm/mediafiles/haboker_full_180123.mp3,,יום רביעי | 18/01/2023
19/01/2023,2023-01-19,יום חמישי,2023,1,ינואר,19,https://a99.mediacast.co.il/99fm/mediafiles/haboker_full_190123.mp3,,יום חמישי | 19/01/2023
22/01/2023,2023-01-22,יום ראשון,2023,1,ינואר,22,https://a99.mediacast.co.il/99fm/mediafiles/haboker_full_220123.mp3,,יום ראשון | 22/01/2023
23/01/2023,2023-01-23,יום שני,2023,1,ינואר,23,https://a99.mediacast.co.il/99fm/mediafiles/haboker_full_230123.mp3,,יום שני | 23/01/2023
24/01/2023,2023-01-24,יום שלישי,2023,1,ינואר,24,https://a99.mediacast.co.il/99fm/mediafiles/haboker_full_240123.mp3,,יום שלישי | 24/01/2023
25/01/2023,2023-01-25,יום רביעי,2023,1,ינואר,25,https://a99.mediacast.co.il/99fm/mediafiles/haboker_full_250123.mp3,,יום רביעי | 25/01/2023
26/01/2023,2023-01-26,יום חמישי,2023,1,ינואר,26,https://a99.mediacast.co.il/99fm/mediafiles/haboker_full_260123.mp3,,יום חמישי | 26/01/2023
29/01/2023,2023-01-29,יום ראשון,2023,1,ינואר,29,https://a99.mediacast.co.il/99fm/mediafiles/haboker_full_290123.mp3,,יום ראשון | 29/01/2023
30/01/2023,2023-01-30,יום שני,2023,1,ינואר,30,https://a99.mediacast.co.il/99fm/mediafiles/haboker_full_300123.mp3,,יום שני | 30/01/2023
31/01/2023,2023-01-31,יום שלישי,2023,1,ינואר,31,https://a99.mediacast.co.il/99fm/mediafiles/haboker_full_310123.mp3,,יום שלישי | 31/01/2023
01/02/2023,2023-02-01,יום רביעי,2023,2,פברואר,1,https://a99.mediacast.co.il/99fm/mediafiles/haboker_full_010223.mp3,,יום רביעי | 01/02/2023
02/02/2023,2023-02-02,יום חמישי,2023,2,פברואר,2,https://a99.mediacast.co.il/99fm/mediafiles/haboker_full_020223.mp3,,יום חמישי | 02/02/2023
05/02/2023,2023-02-05,יום ראשון,2023,2,פברואר,5,https://a99.mediacast.co.il/99fm/mediafiles/haboker_full_050223.mp3,,יום ראשון | 05/02/2023
06/02/2023,2023-02-06,יום שני,2023,2,פברואר,6,https://a99.mediacast.co.il/99fm/mediafiles/haboker_full_060223.mp3,,יום שני | 06/02/2023
07/02/2023,2023-02-07,יום שלישי,2023,2,פברואר,7,https://a99.mediacast.co.il/99fm/mediafiles/haboker_full_070223.mp3,,יום שלישי | 07/02/2023
08/02/2023,2023-02-08,יום רביעי,2023,2,פברואר,8,https://a99.mediacast.co.il/99fm/mediafiles/haboker_full_080223.mp3,,יום רביעי | 08/02/2023
09/02/2023,2023-02-09,יום חמישי,2023,2,פברואר,9,https://a99.mediacast.co.il/99fm/mediafiles/haboker_full_090223.mp3,,יום חמישי | 09/02/2023
12/02/2023,2023-02-12,יום ראשון,2023,2,פברואר,12,https://a99.mediacast.co.il/99fm/mediafiles/haboker_full_120223.mp3,,יום ראשון | 12/02/2023
13/02/2023,2023-02-13,יום שני,2023,2,פברואר,13,https://a99.mediacast.co.il/99fm/mediafiles/haboker_full_130223.mp3,,יום שני | 13/02/2023
14/02/2023,2023-02-14,יום שלישי,2023,2,פברואר,14,https://a99.mediacast.co.il/99fm/mediafiles/haboker_full_140223.mp3,,יום שלישי | 14/02/2023
15/02/2023,2023-02-15,יום רביעי,2023,2,פברואר,15,https://a99.mediacast.co.il/99fm/mediafiles/haboker_full_150223.mp3,,יום רביעי | 15/02/2023
16/02/2023,2023-02-16,יום חמישי,2023,2,פברואר,16,https://a99.mediacast.co.il/99fm/mediafiles/haboker_full_160223.mp3,,יום חמישי | 16/02/2023
19/02/2023,2023-02-19,יום ראשון,2023,2,פברואר,19,https://a99.mediacast.co.il/99fm/mediafiles/haboker_full_190223.mp3,,יום ראשון | 19/02/2023
20/02/2023,2023-02-20,יום שני,2023,2,פברואר,20,https://a99.mediacast.co.il/99fm/mediafiles/haboker_full_200223.mp3,,יום שני | 20/02/2023
21/02/2023,2023-02-21,יום שלישי,2023,2,פברואר,21,https://a99.mediacast.co.il/99fm/mediafiles/haboker_full_210223.mp3,,יום שלישי | 21/02/2023
22/02/2023,2023-02-22,יום רביעי,2023,2,פברואר,22,https://a99.mediacast.co.il/99fm/mediafiles/haboker_full_220223.mp3,,יום רביעי | 22/02/2023
23/02/2023,2023-02-23,יום חמישי,2023,2,פברואר,23,https://a99.mediacast.co.il/99fm/mediafiles/haboker_full_230223.mp3,,יום חמישי | 23/02/2023
26/02/2023,2023-02-26,יום ראשון,2023,2,פברואר,26,https://a99.mediacast.co.il/99fm/mediafiles/haboker_full_260223.mp3,,יום ראשון | 26/02/2023
27/02/2023,2023-02-27,יום שני,2023,2,פברואר,27,https://a99.mediacast.co.il/99fm/mediafiles/haboker_full_270223.mp3,,יום שני | 27/02/2023
28/02/2023,2023-02-28,יום שלישי,2023,2,פברואר,28,https://a99.mediacast.co.il/99fm/mediafiles/haboker_full_280223.mp3,,יום שלישי | 28/02/2023
01/03/2023,2023-03-01,יום רביעי,2023,3,מרץ,1,https://a99.mediacast.co.il/99fm/mediafiles/haboker_full_010323.mp3,,יום רביעי | 01/03/2023
02/03/2023,2023-03-02,יום חמישי,2023,3,מרץ,2,https://a99.mediacast.co.il/99fm/mediafiles/haboker_full_020323.mp3,,יום חמישי | 02/03/2023
05/03/2023,2023-03-05,יום ראשון,2023,3,מרץ,5,https://a99.mediacast.co.il/99fm/mediafiles/haboker_full_050323.mp3,,יום ראשון | 05/03/2023
06/03/2023,2023-03-06,יום שני,2023,3,מרץ,6,https://a99.mediacast.co.il/99fm/mediafiles/haboker_full_060323.mp3,,יום שני | 06/03/2023
07/03/2023,2023-03-07,יום שלישי,2023,3,מרץ,7,https://a99.mediacast.co.il/99fm/mediafiles/haboker_full_070323.mp3,,יום שלישי | 07/03/2023
08/03/2023,2023-03-08,יום רביעי,2023,3,מרץ,8,https://a99.mediacast.co.il/99fm/mediafiles/haboker_full_080323.mp3,,יום רביעי | 08/03/2023
09/03/2023,2023-03-09,יום חמישי,2023,3,מרץ,9,https://a99.mediacast.co.il/99fm/mediafiles/haboker_full_090323.mp3,,יום חמישי | 09/03/2023
12/03/2023,2023-03-12,יום ראשון,2023,3,מרץ,12,https://a99.mediacast.co.il/99fm/mediafiles/haboker_full_120323.mp3,,יום ראשון | 12/03/2023
13/03/2023,2023-03-13,יום שני,2023,3,מרץ,13,https://a99.mediacast.co.il/99fm/mediafiles/haboker_full_130323.mp3,,יום שני | 13/03/2023
14/03/2023,2023-03-14,יום שלישי,2023,3,מרץ,14,https://a99.mediacast.co.il/99fm/mediafiles/haboker_full_140323.mp3,,יום שלישי | 14/03/2023
15/03/2023,2023-03-15,יום רביעי,2023,3,מרץ,15,https://a99.mediacast.co.il/99fm/mediafiles/haboker_full_150323.mp3,,יום רביעי | 15/03/2023
16/03/2023,2023-03-16,יום חמישי,2023,3,מרץ,16,https://a99.mediacast.co.il/99fm/mediafiles/haboker_full_160323.mp3,,יום חמישי | 16/03/2023
19/03/2023,2023-03-19,יום ראשון,2023,3,מרץ,19,https://a99.mediacast.co.il/99fm/mediafiles/haboker_full_190323.mp3,,יום ראשון | 19/03/2023
20/03/2023,2023-03-20,יום שני,2023,3,מרץ,20,https://a99.mediacast.co.il/99fm/mediafiles/haboker_full_200323.mp3,,יום שני | 20/03/2023
21/03/2023,2023-03-21,יום שלישי,2023,3,מרץ,21,https://a99.mediacast.co.il/99fm/mediafiles/haboker_full_210323.mp3,,יום שלישי | 21/03/2023
22/03/2023,2023-03-22,יום רביעי,2023,3,מרץ,22,https://a99.mediacast.co.il/99fm/mediafiles/haboker_full_220323.mp3,,יום רביעי | 22/03/2023
23/03/2023,2023-03-23,יום חמישי,2023,3,מרץ,23,https://a99.mediacast.co.il/99fm/mediafiles/haboker_full_230323.mp3,,יום חמישי | 23/03/2023
26/03/2023,2023-03-26,יום ראשון,2023,3,מרץ,26,https://a99.mediacast.co.il/99fm/mediafiles/haboker_full_260323.mp3,,יום ראשון | 26/03/2023
27/03/2023,2023-03-27,יום שני,2023,3,מרץ,27,https://a99.mediacast.co.il/99fm/mediafiles/haboker_full_270323.mp3,,יום שני | 27/03/2023
28/03/2023,2023-03-28,יום שלישי,2023,3,מרץ,28,https://a99.mediacast.co.il/99fm/mediafiles/haboker_full_280323.mp3,,יום שלישי | 28/03/2023
29/03/2023,2023-03-29,יום רביעי,2023,3,מרץ,29,https://a99.mediacast.co.il/99fm/mediafiles/haboker_full_290323.mp3,,יום רביעי | 29/03/2023
30/03/2023,2023-03-30,יום חמישי,2023,3,מרץ,30,https://a99.mediacast.co.il/99fm/mediafiles/haboker_full_300323.mp3,,יום חמישי | 30/03/2023